Price,Close,Close,Close,Close,Close,High,High,High,High,High,Low,Low,Low,Low,Low,Open,Open,Open,Open,Open,Volume,Volume,Volume,Volume,Volume
Ticker,000660.KS,005380.KS,005930.KS,207940.KS,373220.KS,000660.KS,005380.KS,005930.KS,207940.KS,373220.KS,000660.KS,005380.KS,005930.KS,207940.KS,373220.KS,000660.KS,005380.KS,005930.KS,207940.KS,373220.KS,000660.KS,005380.KS,005930.KS,207940.KS,373220.KS
Date,,,,,,,,,,,,,,,,,,,,,,,,,
2020-01-02,88898.84375,94165.1953125,47372.84375,651914.0625,,90306.95637539598,96559.22570180085,48059.40670289855,668649.3125,,88335.5986998416,94165.1953125,47201.20301177536,647349.9375,,90119.20802534319,96559.22570180085,47630.30485733695,658760.3125,,2342070,556532,12993228,71172,
2020-01-03,88711.0859375,92569.171875,47630.29296875,642025.0625,,91902.80754794973,94963.20218211207,48574.31679335586,664085.1875,,88523.33760747354,91771.16177262932,47115.37088260135,636700.25,,90588.56923776456,94564.19713092672,48059.39470720721,656478.25,,3021380,1145187,15422255,81379,
2020-01-06,88523.34375,92569.171875,47630.29296875,626811.1875,,89462.08546527041,93367.1819773707,47716.11331644144,633657.4375,,87115.23117709438,92170.16682381467,46857.90983952703,625289.8125,,87302.97952014847,92569.171875,47115.37088260135,630614.6875,,2577573,334574,10278951,65715,
2020-01-07,88241.703125,92170.15625,47887.76953125,637460.9375,,89555.94125664893,93367.17126623377,48402.69178427419,638221.625,,88241.703125,92170.15625,47716.12878024193,625289.8125,,88711.07388630319,92968.1662608225,47801.94915574596,632136.0625,,2489429,674196,10009778,56300,
2020-01-08,91433.4296875,89377.125,48745.97265625,621486.375,,93404.78700109087,92170.16015625,49260.89490261884,631375.375,,89368.1982161191,88978.11997767858,47973.58928669675,610075.9375,,90494.68810959959,91771.15513392858,48231.050409881165,627571.875,,7014748,1044825,23501171,99886,
2020-01-09,92935.4140625,88978.125,50290.73828125,638982.3125,,92935.4140625,91372.15526905829,50290.73828125,641264.375,,91433.42757260101,87781.10986547085,49260.893811326794,632896.75,,92841.53990688131,90175.14013452915,50119.0975362628,634418.125,,3586413,1375510,24102579,56643,
2020-01-10,92841.5546875,90574.1328125,51063.12109375,664085.1875,,93592.5480520096,91372.14279322687,51234.76183692227,667888.625,,91902.812981863,89377.1178414097,50033.27663471639,635939.5,,93029.3030286274,89776.12283177313,50462.37849264706,642025.0625,,2867925,896507,16000170,121058,
2020-01-13,94343.5234375,91771.1640625,51492.22265625,670170.75,,94812.89420087065,92170.1691236413,51492.22265625,674734.875,,91996.66962064676,90175.14381793479,50719.83931640625,661803.125,,92935.41114738806,90574.14887907609,51148.941171875005,667888.625,,2242008,692917,11359139,81571,
2020-01-14,94343.5234375,92569.171875,51492.22265625,661803.125,,97159.74801772388,93367.1819773707,52350.4263671875,672452.8125,,93780.27852145523,92170.16682381467,51406.402285156255,658760.3125,,95282.26496424129,92170.16682381467,51835.504140625,670170.75,,2913343,739959,16906295,69316,
2020-01-15,92184.421875,91771.1640625,50634.015625,661042.375,,93780.28253882383,92569.1741847826,51148.937817796614,664085.1875,,91996.67356160896,90973.1539402174,50548.1952595339,654196.1875,,93780.28253882383,92569.1741847826,51063.11745233051,659521.0,,2745625,564142,14300928,40325,
2020-01-16,93123.1640625,94564.1953125,52092.96484375,664085.1875,,93310.91237714214,95761.21044303798,52092.96484375,667888.625,,91433.42923072077,92968.17513844937,50634.018546643325,654956.875,,91433.42923072077,93367.18018196203,50719.83891706137,661803.125,,2824804,1638719,14381774,45634,
2020-01-17,92935.4140625,94564.1953125,52607.8828125,664845.875,,95282.26795296717,95761.21044303798,53208.62535685155,667888.625,,92747.66575126263,94165.19026898735,52350.42172206363,657238.9375,,94343.5263967803,94564.1953125,53122.80499337276,664085.1875,,2246394,574301,16025661,44270,
2020-01-20,93780.296875,94165.1953125,53551.91015625,666367.25,,94812.91275650651,95362.21050715043,53895.19163161058,673213.5,,93498.67436186186,93766.19024761653,52951.16757436899,665606.5625,,93874.17104604605,95362.21050715043,53208.62868088942,667888.625,,1781639,445922,12528855,43489,
2020-01-21,93217.03125,93367.1953125,52693.71484375,666367.25,,94343.52105362537,94564.21063701923,53551.918668566774,676256.25,,92935.40879909365,92968.19020432692,52522.074078786645,664845.875,,94343.52105362537,94165.20552884616,53208.637138640064,668649.3125,,1483291,545156,11142693,46215,
2020-01-22,94812.90625,101347.2734375,53466.09375,687666.6875,,94812.90625,101347.2734375,53723.55487560193,690709.4375,,92935.42295792079,93766.17818036418,51835.5066211878,664085.1875,,92935.42295792079,93766.17818036418,51921.32699638844,664845.875,,2257478,2773421,15339565,118082,
2020-01-23,92653.8203125,104140.3203125,52178.7890625,734829.625,,94812.92656091692,104938.33042983717,53036.99282997532,750043.5,,92184.44938893111,102145.29501915709,52092.968685752465,697555.6875,,94812.92656091692,103741.31525383142,53036.99282997532,714290.9375,,2780104,2492785,14916555,288243,
2020-01-28,90400.8046875,104539.3125,50462.38671875,751564.875,,90964.0495765187,105736.32752862596,50977.309032206635,759171.8125,,89180.44076129283,101347.27242366412,50033.284790869475,724179.9375,,89649.81150214175,101347.27242366412,50977.309032206635,725701.3125,,3630362,1841752,23664541,210377,
2020-01-29,91902.7890625,104539.3125,50719.84375,747000.75,,92935.40466994382,106135.33253816795,51234.7660215736,753847.0,,90776.29930892492,102943.29246183207,50462.382614213195,737872.4375,,90964.04760118744,105337.32251908397,50719.84375,753847.0,,2741459,1318578,16446102,106148,
2020-01-30,88241.703125,101746.2734375,49089.24609375,753086.25,,91808.92091090426,104140.3034007353,50462.37185861014,760693.1875,,88053.95482047873,100948.2634497549,48745.96465253496,737872.4375,,91808.92091090426,103741.29840686274,50462.37185861014,746240.0625,,3223436,1034661,20821939,106201,
2020-01-31,87772.34375,99751.265625,48402.6953125,737111.75,,91527.31032754011,103342.3111875,50119.102947695035,759932.5,,87772.34375,99352.2605625,48402.6953125,737111.75,,88711.08539438502,102544.3010625,49604.18065713652,753086.25,,4597139,1035126,19749457,86891,
2020-02-03,88898.84375,98554.2421875,49089.24609375,729504.8125,,89743.71132523759,99751.25727479756,49260.88681435752,736351.0,,85894.87014915522,96559.21704200405,47372.83888767482,707444.6875,,86176.49267423443,98155.2371584008,47630.2999685861,725701.3125,,3725535,1270442,23995260,127024,
2020-02-04,91151.8125,98953.2578125,50548.203125,749282.8125,,91527.30915293512,100549.27809979838,50634.02350382003,750043.5,,88711.08425592173,97756.24259702621,48745.97516977929,734068.9375,,88992.70674562307,98554.25274067541,49003.43630623939,734829.625,,3169743,1203992,21800192,74584,
2020-02-05,91715.0625,98953.2578125,51063.12109375,745479.375,,93217.04919396111,100549.27809979838,51663.863694852946,759932.5,,90964.06915301945,98554.25274067541,50548.19886423319,743957.9375,,93217.04919396111,99751.2679561492,51492.22295168068,753847.0,,2911995,1032267,19278165,62535,
2020-02-06,94343.5234375,105337.328125,52436.25390625,789599.5625,,94812.89420087065,106135.33818655304,52436.25390625,795685.125,,92278.29207866915,100150.2627249053,51234.76854669599,751564.875,,92841.53699471393,100150.2627249053,51578.05007799713,756889.75,,2861441,1659774,14727159,196040,
2020-02-07,93217.03125,104539.3125,51835.51171875,789599.5625,,94343.52105362537,104539.3125,52522.074787872516,797206.5,,92372.16389728096,101746.27743320611,51234.769033267796,775907.0625,,93874.1503021148,104140.30749045803,52436.254404232204,792642.3125,,1827393,999598,16402493,82662,
2020-02-10,92747.6875,103741.3125,51234.76953125,806334.8125,,93123.18421052632,105337.33269230768,51320.58991572446,812420.375,,91433.4490131579,102943.30240384614,50719.84722440327,777428.4375,,91996.69407894737,103342.30745192307,50805.667608877724,789599.5625,,1825648,669628,13107121,100576,
2020-02-11,93686.3984375,105736.328125,51406.4140625,803292.0625,,94343.51746461674,107731.35318396227,52092.97718854341,824591.4375,,92935.40526365231,104140.3080778302,51234.77328098915,797206.5,,93780.27258423096,104539.31308962265,51320.59367174457,815463.125,,1820578,949247,11071231,112310,
2020-02-12,93874.1484375,108529.3828125,51921.33203125,806334.8125,,94812.889921875,109726.39806410846,52092.97279829546,818505.875,,93029.2811015625,105736.3472254136,51234.768963068185,798727.875,,94343.5191796875,105736.3472254136,51749.69126420454,803292.0625,,2616573,1373302,12904207,86419,
2020-02-13,95751.6328125,106135.3515625,52092.96484375,806334.8125,,97159.74505974264,109726.39729205827,52865.34817751236,816984.5,,94343.52056525735,106135.3515625,51921.32410291392,801770.625,,94812.89131433824,109327.39221099624,52522.0666958402,816984.5,,3519491,1035208,18449775,73525,
2020-02-14,98098.5,106534.3359375,53036.98828125,804813.4375,,98567.87081339712,107731.35094803371,53122.80865063713,810898.9375,,94812.9043062201,104938.31592345505,51663.862371055824,803292.0625,,95282.27511961722,105736.32593047753,52264.604956765776,806334.8125,,1893163,591584,13276067,50866,
2020-02-17,98567.859375,108130.359375,52779.5234375,789599.5625,,99506.60089285714,108529.36439114391,53208.62525406504,804813.4375,,97159.74709821428,105736.32927813653,52522.062347560975,786556.8125,,98098.48861607144,106534.33931042434,52865.34380081301,804813.4375,,1190162,555451,8740596,95932,
2020-02-18,95751.6328125,105736.328125,51320.578125,780471.25,,98098.48655790441,107332.34817216982,52264.602137332775,788078.1875,,95282.26206341911,104539.31308962265,51234.75776024247,775907.0625,,97629.11580882352,106933.34316037736,52178.78177257525,781992.625,,2789667,744150,16674266,79844,
2020-02-19,97159.765625,104938.3359375,51663.8671875,768300.125,,97159.765625,106933.36133555132,51835.50794227575,786556.8125,,94812.91138285024,104140.32577827947,50977.304168397015,760693.1875,,96221.0239281401,106135.35117633079,51320.58567794851,780471.25,,2315634,776121,12951496,115417,
2020-02-20,97629.1328125,103741.3125,51492.22265625,758411.125,,99506.6161358173,106135.34278846154,52607.88748046875,781992.625,,96221.02032001202,102943.30240384614,51148.941171875005,753086.25,,98098.50364332933,105736.33774038461,52092.96525390625,771342.9375,,3093782,711858,14591924,171757,
2020-02-21,96690.3828125,102145.2734375,50805.65625,740154.5,,97159.75360285194,103342.2883605957,51320.57844172297,751564.875,,94812.89965109223,101347.26348876953,50204.91369298986,734829.625,,95282.27044144417,102145.2734375,50462.374788851346,750043.5,,4064719,686417,13777393,140720,
2020-02-24,93404.78125,97756.234375,48745.97265625,701359.125,,94343.5227701005,99751.25956632654,49861.63752338249,726462.0,,92841.5363379397,97357.2293367347,48745.97265625,701359.125,,94343.5227701005,99352.25452806122,49260.89490261884,715051.625,,5550758,911932,25627537,183316,
2020-02-25,91996.6640625,97756.234375,49689.99609375,728744.125,,93029.27967952806,99352.25452806122,49775.816466968914,729504.8125,,90494.67771045919,97357.2293367347,48231.0497490285,696795.0,,91808.9157684949,97756.234375,48231.0497490285,698316.375,,6594059,796176,23885408,162055,
2020-02-26,88804.953125,97756.234375,48488.515625,730265.5,,90213.06548956131,98953.24948979593,48917.61753318584,737111.75,,88617.20480972515,95761.20918367348,48059.41371681416,710487.4375,,89649.82054373679,96559.21926020409,48059.41371681416,712008.875,,6405409,1001834,25483102,103020,
2020-02-27,87115.2109375,96559.21875,47973.59375,730265.5,,89462.06468042835,98554.24393078513,48831.797573792486,736351.0,,86551.9660391972,95761.20867768595,47630.31222048301,716573.0,,88898.81978212555,97756.23385847108,48316.87527951699,728744.125,,4644449,779402,23209541,109128,
2020-02-28,82515.3828125,91771.1640625,46514.6484375,705162.625,,86551.97150526167,94963.20455163044,47630.31343692343,722658.5625,,82327.63450120877,90973.1539402174,46514.6484375,692991.5,,85425.48163751423,94564.19949048913,47201.211514068265,719615.75,,8171939,1777353,30054227,152399,
2020-03-02,86458.109375,90574.1328125,47201.19921875,710487.4375,,87396.85106202497,92569.15776431718,47630.30102982955,718855.0625,,82890.8909643051,90175.12782213656,45999.714147727274,696034.3125,,84486.75183224755,92569.15776431718,46600.45668323864,704401.9375,,6382279,1183337,30403412,98098,
2020-03-03,87115.2109375,89776.1328125,47544.48828125,729504.8125,,89274.31638099407,92968.17309027778,48831.79392063402,763736.0,,86739.71433863147,89377.12777777777,47287.027153373194,724940.625,,89180.44223127695,92569.16805555555,48660.153168716155,729504.8125,,5573006,1414986,30330295,153758,
2020-03-04,88523.34375,90175.1328125,49260.90234375,743957.9375,,89180.4629506893,90973.14283738939,49432.5431184669,747000.75,,85707.11860418876,89377.12278761063,46857.93149771341,728744.125,,85707.11860418876,89377.12278761063,47029.57227243031,729504.8125,,4984561,1319901,24765728,92073,
2020-03-05,89086.5703125,90973.15625,49604.16796875,755368.375,,90025.31183317966,92569.17653508771,49775.80868836505,759171.8125,,88053.95463975237,90175.14610745614,48660.14401086721,745479.375,,89368.1927687039,92170.17146381579,49432.527249134946,758411.125,,4028776,1135241,21698990,85709,
2020-03-06,86927.4765625,88180.109375,48488.515625,747000.75,,88523.33736332343,90574.13949377828,49089.258296460175,751564.875,,86364.23157397409,87781.10435520361,48231.054480088496,741675.875,,87584.59571578023,90175.1344739819,48488.515625,747000.75,,3281612,1746834,18716656,61405,
2020-03-09,86927.4765625,88180.109375,48488.515625,751564.875,,86927.4765625,88180.109375,48488.515625,760693.1875,,86927.4765625,88180.109375,48488.515625,734829.625,,86927.4765625,88180.109375,48488.515625,736351.0,,0,0,0,132845,
2020-03-10,83641.8828125,81397.0390625,46857.921875,754607.6875,,83923.50531355219,83791.06962316176,47115.382984203294,756129.0625,,81295.02863706509,80599.02887561274,46085.53854739011,739393.8125,,81576.65113811727,81796.04415594363,46171.35891712454,743957.9375,,6579153,2491487,32106554,102697,
2020-03-11,80262.4140625,79801.0,44712.41796875,736351.0,,83078.63911732456,82195.03,46686.28670825336,781992.625,,79886.91738852339,79561.597,44626.5975887716,724940.625,,82797.0166118421,82195.03,46600.46632827495,771342.9375,,5226251,2005654,45707281,132710,
2020-03-12,77727.796875,79801.0,44712.41796875,734829.625,,79417.53158967392,79801.0,44712.41796875,743957.9375,,74723.82404891304,79801.0,44712.41796875,710487.4375,,78666.53838315218,79801.0,44712.41796875,730265.5,,8191818,0,0,160956,
2020-03-13,77446.1953125,69586.484375,42867.27734375,694512.875,,79511.4271875,71980.51480074541,44283.31353228228,727222.6875,,71344.37386363637,66633.846849914,40206.84571681056,638982.3125,,72189.24144886364,69027.87727565941,40721.76796718594,707444.6875,,8160758,4835445,59462933,313590,
2020-03-16,75662.578125,66155.03125,41966.16015625,654196.1875,,79605.29311414392,71421.89742913148,43682.567524603786,721897.875,,75474.82979218362,66155.03125,41880.33978783231,653435.5,,78572.67728365384,70464.28539656212,42996.00457726227,704401.9375,,5097762,2674557,33339821,143532,
2020-03-17,75474.8359375,63920.61328125,40593.03125,635178.8125,,78009.43863689367,66554.04678721911,42609.809758192394,658760.3125,,72283.11401974503,62324.59297460206,40078.10907769556,623007.75,,72752.4848900031,62324.59297460206,40249.74980179704,623768.4375,,7107436,2492208,51218151,278439,
2020-03-18,68622.0078125,58653.734375,39134.09765625,609315.25,,77446.17844775991,64798.41130952381,41494.15837016858,650392.6875,,68528.13365680574,58653.734375,39134.09765625,609315.25,,76601.31104651163,64239.80431547619,40979.23603258635,647349.9375,,7949482,2679420,40152623,181995,
2020-03-19,64773.17578125,52588.86328125,36859.83984375,556827.4375,,71156.61919157609,60568.963930908576,40035.19275229191,632896.75,,61769.20241168478,51950.455229277315,36302.007576033175,535528.0,,70874.99668817935,59850.7548724393,39820.64188009313,623768.4375,,11140367,3138004,56925513,309338,
2020-03-20,70217.875,56738.515625,38962.4453125,654196.1875,,71532.11330213904,57775.928709563996,39048.265676624454,686145.25,,65805.78927139037,51870.65422819972,37374.76857619769,565195.0625,,67401.65006684492,53865.679390822785,37889.69076094439,583451.6875,,8750101,3349914,49730008,385660,
2020-03-23,65148.671875,54982.89453125,36473.65234375,663324.5,,67213.90354827089,56658.71569983672,37374.766107536765,691470.125,,63834.43353746397,52828.26731449565,36387.83198529411,616922.1875,,65430.29437590057,53626.27739477504,36559.47270220588,617682.875,,8192363,2391540,41701626,387633,
2020-03-24,73878.9609375,59691.14453125,40292.66015625,724179.9375,,73972.8350937103,60489.15448487634,40292.66015625,748522.125,,67683.26662762072,55701.094763118315,36945.666021865014,681581.125,,68528.13403351334,57057.71168428309,37632.22892122604,688427.375,,7247345,2856282,49801908,334588,
2020-03-25,79323.671875,67431.8671875,41751.6171875,722658.5625,,79511.42021079882,68309.67847633136,42566.91084275437,751564.875,,74911.58598372781,62883.208690828396,40464.31141604573,702880.5,,76976.8176775148,63681.218953402364,42009.07834179085,749282.8125,,8787217,4604452,52735922,283503,
2020-03-26,75756.421875,67751.0625,41022.15234375,694512.875,,82515.359142658,71980.51634275618,42309.458379641736,722658.5625,,75474.79948884758,65676.23608657243,40936.33194135722,693752.1875,,79793.0094098513,68469.27164310953,42051.99717246339,714290.9375,,7895289,3787074,42185129,213030,
2020-03-27,78197.171875,68948.0703125,41451.2421875,673974.1875,,80450.15161689675,71820.90657552084,42652.727468297104,713530.25,,75568.69550945378,67431.85117368345,40206.84671810301,663324.5,,80450.15161689675,71581.50355360244,42566.90709109731,710487.4375,,8085695,2513938,39896178,262914,
2020-03-30,78572.6640625,68150.0625,41368.26171875,684623.875,,79699.15386984767,68948.07259953162,41800.5319561455,687666.6875,,75099.32048984469,65516.62917154567,40244.35910152168,659521.0,,76038.06199596774,66075.2362412178,40676.62933891719,664845.875,,5270037,1743720,26797395,142592,
2020-03-31,78197.171875,70783.4921875,41281.79296875,733308.25,,80262.40330507203,70783.4921875,41930.19809391361,750043.5,,76976.80784813926,68628.86502959415,40763.068868619106,681581.125,,78854.29096638656,69985.48212901635,41497.9280104712,692230.8125,,5333479,2138183,30654261,437509,
2020-04-01,73597.34375,68150.0625,39595.9375,688427.375,,78103.30357142858,71900.7099677986,41411.47175218341,739393.8125,,73597.34375,68070.26149004685,39595.9375,685384.5625,,77070.68777901786,70623.893808548,41022.428698144104,731786.875,,6845675,2139848,27259532,205743,
2020-04-02,75099.3359375,69107.671875,40460.47265625,706684.0,,75099.3359375,69267.27388856813,40503.69965695112,712008.875,,71813.73999023438,66234.83563077367,39206.88963591747,683102.5,,73972.8458984375,68070.25878680716,39941.74864783654,686145.25,,5394371,1487243,21621076,123225,
2020-04-03,74723.84375,68868.25,40633.38671875,711248.125,,75850.33385678392,69426.85689455387,41152.110804521275,727222.6875,,73691.22781878141,68309.64310544611,40244.343654421544,701359.125,,75099.34045226131,69107.6529548088,40979.202775930855,705162.625,,3755301,1170052,22784682,144901,
2020-04-06,78009.4375,70863.296875,42103.09765625,725701.3125,,78197.18584536703,70863.296875,42189.55165554415,742436.5625,,75287.08649217809,68549.06758516328,40849.51466648486,719615.75,,76038.0798736462,69027.8736451295,41065.64966472022,721897.875,,5784159,1688599,23395726,144209,
2020-04-07,80544.015625,72140.1171875,42881.19140625,734068.9375,,81388.88292176573,73815.93849384678,43399.915495841735,739393.8125,,78572.65859921329,70703.69892491703,42362.467316658265,721137.1875,,81295.00877768066,73496.73443549502,42924.418413715975,739393.8125,,6188649,2601711,31524034,116477,
2020-04-08,79323.671875,71820.8984375,42016.6484375,726462.0,,81201.15523298817,73337.11740451389,43010.86954250257,737111.75,,79323.671875,70943.08745659722,42016.6484375,726462.0,,80544.03605769231,71661.29644097222,42881.18852880658,734068.9375,,3749575,1785939,25010314,81629,
2020-04-09,79793.046875,77486.7890625,42448.9296875,727983.375,,81201.15946691176,78125.19721131565,43054.10791115071,734829.625,,79323.67601102941,72698.7279463826,42103.11355969959,721137.1875,,80919.5369485294,73656.34016960608,43010.88089517566,732547.5625,,3555538,3787201,22628058,82328,
2020-04-10,78948.1875,79561.609375,42578.59765625,850455.0,,79229.81004756242,80998.02759842026,42578.59765625,917396.0,,77915.5714922711,76768.5739405717,42059.873623889594,752325.5625,,78854.31331747919,77726.18608951855,42319.2356400698,760693.1875,,3675338,2806785,17839111,1996580,
2020-04-13,76413.5625,78045.390625,41757.28515625,820027.3125,,78291.0456081081,79003.00277990798,42276.00919545807,896096.625,,76131.94003378379,77726.18657336402,41757.28515625,820027.3125,,78103.2972972973,78843.40075408998,42059.874179121376,867190.25,,3615318,1339638,14431800,778836,
2020-04-14,77258.421875,79801.0,42362.4609375,824591.4375,,78572.6599141859,80998.015,42535.36894132653,851976.375,,76225.8062727825,77965.577,41757.282924107145,804813.4375,,77164.54772934386,78683.786,42189.55293367347,824591.4375,,3344109,1582587,14206216,354365,
2020-04-16,76319.6875,79082.8046875,42362.4609375,821548.6875,,77258.42904366543,80200.01888086529,42665.04994419643,841326.6875,,75662.56841943419,78444.39657700555,41973.41792889031,813941.75,,75662.56841943419,78923.20265987639,42665.04994419643,815463.125,,4470072,1341452,23349760,195689,
2020-04-17,78948.1875,80200.015625,44437.359375,861104.6875,,80637.92278537455,82594.04594216419,44956.08341439688,864147.5,,78103.31985731272,79801.0105721393,43486.36530277237,807856.1875,,78478.81658739595,80599.0206778607,43918.63533560311,841326.6875,,6205624,1487879,32041675,510709,
2020-04-20,76976.8203125,77885.796875,43313.4609375,861104.6875,,78760.4295636433,80200.02649526126,44437.36311751497,876318.5625,,76976.8203125,77486.7917680584,43227.0069236527,844369.4375,,78760.4295636433,79801.02138831967,44437.36311751497,851976.375,,5027876,2142176,21866354,310806,
2020-04-21,76319.6875,74613.9296875,42578.59765625,880882.75,,77164.55488929889,77007.95951704546,42967.6406805203,886968.3125,,75287.07180196802,72858.3078125,42103.100626586296,847412.25,,75662.56841943419,76688.75553977273,42708.2786643401,864147.5,,5090721,3634142,27407543,655511,
2020-04-22,78760.4296875,73895.7421875,43097.32421875,882404.125,,78760.4296875,75970.56864200864,43227.00523445336,903703.5625,,75099.33700834327,71342.10962810475,41800.5140617164,870233.0625,,75662.58203590584,72459.32387284018,42103.10309835757,871754.4375,,5335787,3115871,18613864,410971,
2020-04-23,77540.0546875,73736.109375,43097.32421875,914353.25,,79980.78280115013,75890.73594764611,43486.36726586008,925002.9375,,76976.80973819613,73496.70642248377,42794.73518210882,876318.5625,,79980.78280115013,74773.52216923701,43399.91325539117,883925.5,,6519481,3196313,18754442,676043,
2020-04-24,76413.5625,71900.6953125,42665.0546875,899139.375,,77446.17820945945,73656.31717362652,43010.87073359929,917396.0,,75850.31756756756,71900.6953125,42362.46564716312,894575.1875,,76976.80743243243,72858.30723675083,42924.416722074464,909789.0625,,3193144,2135488,15618347,263467,
2020-04-27,77540.0546875,73097.734375,43097.32421875,894575.1875,,78103.29963680387,73815.94355554039,43227.00523445336,906746.3125,,76225.81647245763,71980.5200941594,42448.9191402332,885446.875,,76695.1872635442,72060.32111421943,42665.05416640546,902182.125,,3235430,1219677,14049471,115977,
2020-04-28,78291.0546875,74374.546875,43313.4609375,894575.1875,,78760.42551895983,75332.1590665236,43313.4609375,909789.0625,,77352.31302458033,73576.53671539699,42621.828826721554,886968.3125,,77446.18719087231,73815.9397632779,43097.325902881734,896096.625,,3205535,1448692,16095399,124437,
2020-04-29,78572.6640625,74693.7421875,43227.0078125,883925.5,,79605.27971923536,75012.9462139423,43659.277890625,896096.625,,77821.67085760155,73736.13010817308,42881.19175,883925.5,,78384.91576127539,74613.94118088942,43140.553796875,893053.8125,,3750568,1193284,15604533,103714,
2020-05-04,76038.0703125,73017.9140625,41930.203125,845890.875,,77821.67936921296,74135.12804815573,42448.92728737113,870233.0625,,75850.32199074075,72379.50607069672,41930.203125,844369.4375,,77821.67936921296,72698.71006659836,42276.01923324742,861104.6875,,5280026,1264378,26083749,198998,
2020-05-06,77352.3203125,74374.546875,42535.375,874797.1875,,77446.19448763653,75172.557034603,42535.375,879361.375,,75944.20768545206,73895.7407792382,41930.1969004065,850455.0,,76976.82361195388,74454.3478909603,42362.466971544716,853497.8125,,3351424,1039600,18070225,134364,
2020-05-07,77352.3203125,73895.7421875,42189.56640625,862626.125,,78291.06206386529,74214.94625742441,42621.83655385502,879361.375,,76789.07526168083,73257.33404765118,42103.112376729,861104.6875,,77352.3203125,74055.3442224622,42535.38252433402,868711.625,,2660512,826239,13884411,91325,
2020-05-08,79793.046875,75411.953125,42189.56640625,894575.1875,,80262.41773897059,76130.16220238095,42665.06356861552,911310.4375,,77915.56341911765,74214.93799603175,42189.56640625,867190.25,,77915.56341911765,74214.93799603175,42448.92849481301,868711.625,,5039635,1749677,15319700,288111,
2020-05-11,79323.671875,74773.546875,41843.74609375,891532.4375,,79980.79105029587,77007.97517009072,42578.60527101627,906746.3125,,78948.17520340237,74613.94485392209,41757.29207289514,883925.5,,79323.671875,76449.36809631804,42276.01619802428,900660.75,,2800047,1889278,16357743,108323,
2020-05-12,80450.1484375,73337.125,41411.48046875,900660.75,,81201.1416551196,74853.34412404789,41930.204649986954,902182.125,,78103.29463243874,72698.71694776932,41108.891363028444,886968.3125,,79323.6586110706,74374.53808487486,41843.75061978079,891532.4375,,3574409,1259874,23433590,123731,
2020-05-13,78478.7890625,74294.7421875,41973.4296875,937174.0625,,78948.15981048146,74294.7421875,41973.4296875,941738.1875,,77915.54416492225,72219.91587506713,40806.30033470649,894575.1875,,78384.91491290371,72219.91587506713,40849.52734777291,896096.625,,5371416,966892,20223277,335528,
2020-05-14,75662.578125,73656.3359375,41497.92578125,931088.5,,77446.18728675558,74135.14202160077,41584.37979329427,934131.25,,75662.578125,73017.92782536567,41195.33673909505,912831.875,,77164.56478753102,73895.73897955038,41281.79075113932,932609.875,,6409652,982612,19305974,124973,
2020-05-15,76882.953125,73656.3359375,41368.26171875,920438.8125,,77258.44984355922,73975.53999356717,41886.98600362461,938695.4375,,75756.46296932235,72778.52478331528,41238.58064753135,914353.25,,76507.45640644079,73416.93289544963,41843.75897988506,937174.0625,,4168866,822472,18463118,97201,
2020-05-18,76131.9609375,73337.125,42189.56640625,908267.6875,,76789.08020576449,73576.5280195865,42448.92849481301,952387.875,,74348.35149506782,72618.91594124048,41152.118051997946,897618.0,,75474.84166923551,73496.72701305768,41454.70715532146,934131.25,,5294177,741214,20481981,143852,
2020-05-19,77633.9296875,79082.8046875,43486.36328125,912831.875,,78103.30048367594,79322.20772893542,43659.27128634443,926524.3125,,76695.18809514813,75571.56007978052,42967.6392659667,900660.75,,77352.30720979444,75810.96312121594,43313.45527615557,925002.9375,,4620614,4564370,25168295,122879,
2020-05-20,78948.1875,77646.3671875,43227.0078125,912831.875,,79042.06168252081,78444.37712776208,43399.91584375,917396.0,,76789.0813020214,76848.35724723793,43054.09978125,905224.9375,,76882.95548454221,78204.97414568346,43227.0078125,911310.4375,,3924403,1828158,14896899,66813,
2020-05-21,78291.0546875,77566.5625,43183.78125,926524.3125,,79699.1671818795,78763.57735339507,43572.82432432433,928045.75,,78103.30635491607,77087.75655864198,43097.327233483484,903703.5625,,79699.1671818795,78683.77636316873,43486.37030780781,914353.25,,2678953,1471917,14949266,108409,
2020-05-22,76319.6875,75411.953125,42146.33203125,940216.8125,,78197.17058733087,77566.58035714286,43054.099182692305,973687.3125,,76038.06503690037,75012.94808201058,42016.65100961538,929567.125,,78009.42227859778,77486.77934854497,42881.19115384615,958473.4375,,3471700,1619476,19706284,261334,
2020-05-25,76413.5625,76608.96875,42232.77734375,961516.25,,76789.05912162161,76768.57076822917,42276.00434205476,964559.0,,75568.69510135135,75012.94856770833,41886.96135731192,937174.0625,,76507.4366554054,75731.15764973959,42146.32334714048,941738.1875,,2850294,1185541,14337913,148972,
2020-05-26,76882.953125,78045.390625,42578.59765625,981294.25,,77070.70148427962,79402.00784445296,42751.5056670368,981294.25,,75662.58878968254,76209.96732809304,42016.64662119289,953909.3125,,75662.58878968254,76608.97239263804,42103.100626586296,966080.375,,3040122,2006216,15127490,153699,
2020-05-27,76413.5625,78284.7890625,43140.55078125,949345.125,,77633.92652027027,79402.00317756116,43227.00479083166,981294.25,,76038.06587837837,77646.38099675077,42189.5566758517,947823.75,,76131.94003378379,78763.59511181193,42319.237690224196,981294.25,,2946278,1620664,19548479,136440,
2020-05-28,78760.4296875,77566.5625,43572.8203125,929567.125,,80168.54225640644,79481.7862654321,44264.45238095238,953909.3125,,77352.31711859356,76768.55259773663,43140.55026971726,917396.0,,78948.17803002086,79401.98527520576,44177.998372395836,941738.1875,,9227823,1602694,31309318,146831,
2020-05-29,76507.4609375,78204.984375,43832.18359375,946302.375,,77633.95115989265,79162.59642857143,43832.18359375,955430.6875,,76319.71256710123,76848.36729910715,42967.643483419626,932609.875,,77540.07697469325,76848.36729910715,43227.00551651874,937174.0625,,6815185,2010414,27596961,98289,
2020-06-01,78478.7890625,79801.0,44264.453125,956952.0625,,78572.66321209629,80998.015,44264.453125,961516.25,,77070.67681855563,78204.98,43745.729064941406,943259.5625,,77070.67681855563,78204.98,43918.63708496094,956952.0625,,4205357,1908428,16949183,78091,
2020-06-02,78197.171875,81796.0390625,44437.359375,956952.0625,,78478.79434273709,82195.04413109756,44523.81338156615,959994.8125,,77633.9269395258,78763.60054115854,43918.63533560311,944781.0,,77633.9269395258,79402.00865091463,44091.54334873541,952387.875,,3114162,2155405,14247933,54868,
2020-06-03,83266.3671875,86584.09375,47117.4375,952387.875,,83735.73791572716,87781.10887096774,47549.70756880734,970644.5625,,78291.037468292,84190.06350806452,44696.7251146789,938695.4375,,78291.037468292,84589.0685483871,44783.179128440366,966080.375,,11642239,3118795,49257814,121614,
2020-06-04,82327.6328125,86584.09375,47203.88671875,988901.1875,,85988.72480758266,90175.13911290323,49278.782838255494,1004115.0625,,81764.38789017958,83791.05846774194,47203.88671875,938695.4375,,84486.73834806157,89377.12903225808,48241.33477850275,952387.875,,6678244,2823041,40220334,380449,
2020-06-05,84862.2421875,88579.1171875,47981.96484375,1011722.0,,85237.73883434734,89377.12725225225,48327.78080658784,1031500.0,,82327.63982128042,84988.07189611487,46685.15498310811,973687.3125,,83078.6331149751,86185.08699324324,47030.97094594595,981294.25,,4000557,2128094,22743629,214328,
2020-06-08,85425.484375,90175.1328125,47463.25,1010200.5625,,87302.96754807692,91372.14784983407,48846.51411657559,1020850.3125,,85049.98774038462,88978.11777516593,47290.34198542805,982815.625,,87302.96754807692,90973.14283738939,48760.06010928962,1014764.75,,3789382,1640392,25634965,196377,
2020-06-09,84299.0078125,89377.125,47981.96484375,1028457.25,,86364.23962973274,91771.15513392858,48846.50475084459,1049756.625,,83641.88859792595,88180.10993303572,47030.97094594595,1014764.75,,85425.49789462694,90973.14508928572,48241.326815878376,1033021.375,,3410081,1504910,23998831,194646,
2020-06-10,85237.7421875,88978.125,47895.5234375,1071056.0,,85519.36468371422,89377.13004484306,48327.79350462545,1072577.375,,83923.5038718337,86983.09977578475,47463.25337037454,1028457.25,,84299.00053345265,88579.11995515694,47636.16139722473,1033021.375,,3045250,1377837,16742493,185870,
2020-06-11,83078.640625,86584.09375,46944.53125,1136475.625,,84768.37568855932,88579.11895161291,47636.16338627993,1171467.5,,82139.8989230226,85387.07862903226,45993.537062615105,1081705.75,,83829.63398658192,87781.10887096774,47117.43928406998,1089312.625,,5467344,2376313,33815123,389906,
2020-06-12,79980.78125,82594.0703125,45215.44921875,1224716.125,,80544.02618838029,83791.08582427536,45647.719287762906,1242972.75,,79323.662155223,80998.04963013284,44523.81710832935,1092355.5,,79323.662155223,80998.04963013284,45042.54119114484,1093876.875,,4742329,1977558,26976019,518911,
2020-06-15,76976.8203125,77406.96875,43140.55078125,1229280.25,,81201.15801257623,81796.02367912371,44956.08498246493,1312956.5,,76976.8203125,77406.96875,43140.55078125,1171467.5,,78948.17790586891,81397.01868556702,44437.36092497495,1258186.625,,4710114,2022775,28772921,556501,
2020-06-16,80168.53125,80998.03125,45042.5390625,1256665.125,,80450.1537251171,80998.03125,45042.5390625,1288614.25,,78197.17392418033,79082.80686576354,43745.72891674664,1229280.25,,78291.04808255269,79082.80686576354,44264.452975047985,1287092.875,,3518785,1389765,21808375,265601,
2020-06-17,81482.7734375,80200.015625,45129.00390625,1253622.375,,82046.01841517858,80599.0206778607,45734.1821195522,1268836.25,,78384.92606026786,78843.39844527363,44350.91763200431,1227758.875,,79605.29017857143,80200.015625,45042.549875778255,1252101.0,,4160612,1326645,26672595,183172,
2020-06-18,80919.5234375,79801.0,45215.44921875,1232323.0,,81482.76838022041,81397.02,45215.44921875,1264272.125,,80168.53018053944,78524.184,44610.27112213193,1227758.875,,80825.64928037993,79082.791,45128.99520494742,1253622.375,,2484147,1155455,15982926,124532,
2020-06-19,80168.53125,79801.0,45734.171875,1218630.5,,81670.51778395784,80998.015,45734.171875,1241451.375,,79323.66382464871,79082.791,44610.26973062382,1183638.625,,81201.14699209601,80599.01,45474.80984168242,1241451.375,,3216102,903928,18157985,229867,
2020-06-22,79699.1640625,78603.9921875,44956.09375,1206459.375,,80637.90568867786,79801.00729695433,45474.81790865385,1229280.25,,79135.91908679328,78603.9921875,44783.18569711539,1194288.375,,79229.79324941107,79082.79823128173,44956.09375,1209502.25,,2167216,921187,13801350,115545,
2020-06-23,78948.1875,78763.5859375,44437.359375,1220151.875,,80919.54533293698,80599.00891274062,45647.71546692607,1241451.375,,78760.43913495837,78204.97894503546,44177.99735530155,1197331.125,,80356.30023781213,79162.59093211753,45388.35344722762,1217109.125,,2955819,1095698,18086152,191972,
2020-06-24,80731.7734375,82195.046875,45734.171875,1246015.5,,82046.01160973837,82594.05195691748,46598.7119860586,1270357.625,,78854.29033430232,79641.41435072816,44610.26973062382,1236887.125,,79042.0386446221,79801.01638349515,44869.631763941405,1268836.25,,4079834,1813817,24519552,187160,
2020-06-25,79135.9296875,79322.1953125,44869.62890625,1239929.875,,80356.29396500594,80599.01133362677,45820.62296784682,1267314.875,,78854.30716192171,79322.1953125,44869.62890625,1233844.375,,79135.9296875,80200.00632702465,45042.53691744942,1233844.375,,3397112,1084453,18541624,107361,
2020-06-26,79417.546875,79801.0,46079.98828125,1232323.0,,80825.65940824468,80599.01,46598.71235195825,1252101.0,,79323.67270611702,79401.995,45128.9941516182,1206459.375,,80731.7852393617,80200.005,45647.71822232645,1249058.25,,2889494,670161,21575360,115117,
2020-06-29,78478.7890625,77965.5859375,45604.7890625,1192767.0,,80074.64960563697,78763.59602897901,46301.045384064884,1230801.625,,78384.91491290371,77885.78492835209,45256.66090171756,1192767.0,,78854.28566088517,77965.5859375,45691.821102695605,1229280.25,,2932433,943424,17776925,114653,
2020-06-30,79886.9140625,77965.5859375,45952.91796875,1179074.5,,81952.14568338719,79242.40208386643,46910.27042643229,1203416.625,,79793.03989791422,77965.5859375,45952.91796875,1163860.625,,80919.5298729436,79082.80006557063,46910.27042643229,1192767.0,,4983607,988987,21157172,151584,
2020-07-01,80074.671875,78364.578125,45778.86328125,1144082.625,,81952.155389068,79401.99107370163,46649.18387595057,1192767.0,,79699.1751721864,78204.97613289206,45604.799162309886,1144082.625,,81482.78451055099,78603.9811131619,46475.119757010456,1179074.5,,2382552,640540,16706143,148087,
2020-07-02,79229.8046875,79003.0,46039.953125,1195809.75,,79980.79809686019,79561.60707070708,46039.953125,1209502.25,,78854.3079828199,78204.98989898991,45343.69674503781,1160817.875,,79605.30139218009,78204.98989898991,45343.69674503781,1162339.25,,3295340,730963,14142583,175311,
2020-07-03,80168.53125,79162.6015625,46649.18359375,1172988.875,,80356.27956674472,80200.01468781503,46649.18359375,1211023.625,,79323.66382464871,78683.7955046623,45865.89506325793,1162339.25,,79793.03461651053,79721.20862997732,46126.99124008862,1209502.25,,2195897,569575,11887868,148093,
2020-07-06,80731.7734375,80998.03125,47867.62890625,1147125.375,,81670.51498909884,81796.04141009852,47867.62890625,1166903.375,,80544.02512718023,78843.403817734,46823.244275568184,1133432.875,,80731.7734375,79561.61296182267,46997.30838068182,1163860.625,,2561766,1189877,19856623,164642,
2020-07-07,79605.2734375,79162.6015625,46475.11328125,1142561.25,,81952.12701761498,82594.04497700353,48650.91446482912,1166903.375,,79417.5251510908,79162.6015625,46475.11328125,1134954.25,,81952.12701761498,82195.03992880545,48563.882417485955,1160817.875,,3196352,1379122,30760032,166699,
2020-07-08,78572.6640625,79481.796875,46126.9921875,1119740.375,,79699.15386984767,80599.0108872992,46910.28073408019,1147125.375,,78478.7899118877,79082.79187060744,46039.96012676887,1104526.5,,78666.5382131123,79162.59287148595,46649.18455188679,1136475.625,,3523620,859735,19664652,189076,
2020-07-09,77915.5625,79481.796875,45952.91796875,1127347.375,,79417.54924698795,80599.0108872992,46649.17430160985,1144082.625,,77915.5625,79481.796875,45952.91796875,1109090.75,,79042.05256024096,79801.00087851407,46301.046135179924,1119740.375,,4002365,922604,17054850,134550,
2020-07-10,77727.796875,78444.390625,45865.8828125,1112133.5,,78384.91593070653,79402.00271808241,46301.042990986716,1137997.0,,77352.30027173914,78204.9876017294,45517.75466971063,1103005.125,,78197.1676290761,79322.20171032553,46214.01095528938,1137997.0,,2201557,1099298,13714746,107471,
2020-07-13,77915.5625,80998.03125,46475.11328125,1110612.125,,78384.93335843373,80998.03125,46823.24147062266,1122783.125,,77446.19164156627,78604.00076970443,46214.01713922051,1089312.625,,78009.43667168675,79162.60788177341,46388.081233906836,1122783.125,,2080934,1376002,12240188,118261,
2020-07-14,77821.6875,80998.03125,46823.24609375,1118219.0,,77821.6875,81397.03633004926,46823.24609375,1139518.375,,76976.81996381182,79721.21499384237,46301.05375813197,1101483.75,,77540.06498793726,80998.03125,46736.21403781366,1115176.25,,2048671,1050563,14269484,111548,
2020-07-15,77915.5625,86983.09375,47606.53125,1139518.375,,78760.43004518072,87781.10378440366,47867.62739945155,1141039.875,,77821.68832831325,82993.04357798165,47258.403050731264,1122783.125,,78009.43667168675,83392.04859518349,47345.43510054844,1139518.375,,3024429,4494730,24051450,110006,
2020-07-16,77633.9296875,87781.109375,46823.24609375,1113654.875,,78009.42632444075,90175.1396306818,47693.56665311338,1141039.875,,77258.43305055925,86983.09928977273,46823.24609375,1113654.875,,77915.55216520556,88180.11441761363,47693.56665311338,1141039.875,,2312310,3254530,16779127,77744,
2020-07-17,77821.6875,93766.1875,47345.4296875,1130390.125,,78384.93252412544,94963.20265957447,47606.52580710018,1131911.5,,77540.06498793726,87382.10664893617,47084.33356789981,1089312.625,,77633.93915862484,87382.10664893617,47171.365607766544,1104526.5,,1579078,4265529,10096174,97752,
2020-07-20,77164.5625,96958.2109375,47171.3671875,1124304.625,,77915.55580900244,99751.24582047325,47693.55944418819,1144082.625,,77070.6883363747,94165.17605452675,46997.30310193727,1118219.0,,77727.80748175184,95362.19100437242,47693.55944418819,1131911.5,,2008624,4461527,10507530,125365,
2020-07-21,78948.1875,96958.2109375,48128.72265625,1141039.875,,79511.43259512485,99352.24083719135,48215.754704452986,1144082.625,,77915.5714922711,94165.17605452675,47693.56241523508,1128868.75,,78291.06822235434,97357.21592078189,48041.690608047014,1130390.125,,4181015,3138553,18297260,109989,
2020-07-22,78103.3046875,94564.1953125,47606.53125,1201895.25,,79042.04633037861,98953.25079113925,48302.78764853748,1201895.25,,77821.68219463642,94564.1953125,47606.53125,1131911.5,,78948.17216609074,97357.23061708861,48128.72354890311,1151689.5,,2876295,2395083,12885057,244406,
2020-07-23,77352.3203125,99352.2578125,47084.34375,1179074.5,,78854.30711468446,100150.26791541163,47606.5361021257,1212545.0,,77258.44613736347,92569.171937751,46823.24757393716,1174510.375,,78854.30711468446,94564.19719503011,47606.5361021257,1207980.875,,3591647,4505464,16214932,131893,
2020-07-24,78572.6640625,97756.234375,47171.3671875,1148646.75,,78572.6640625,102943.29987244899,47345.43127306273,1176031.75,,77164.55180331541,96958.22429846939,46736.20697359317,1148646.75,,77258.42595392771,98554.24445153061,46997.30310193727,1168424.75,,3667416,3908721,10994535,95523,
2020-07-27,77727.796875,98554.2421875,48389.8125,1147125.375,,78854.28668478261,100948.27236209514,48476.8445368705,1163860.625,,77727.796875,97357.22710020242,47258.39602068345,1144082.625,,78009.41932744565,97756.23212930161,47258.39602068345,1145604.0,,2784652,2046059,21054421,61559,
2020-07-28,78009.4375,98155.2421875,51000.7734375,1157775.125,,78760.43088146811,100549.27248475609,51174.83751066553,1172988.875,,77633.94080926594,97357.23208841463,49086.068632679184,1156253.625,,78760.43088146811,99352.25733612804,49608.260852175765,1162339.25,,4538720,1765179,48431566,110246,
2020-07-29,78103.3046875,99751.265625,51348.90234375,1127347.375,,78666.54967322716,100150.2706875,52567.350873940675,1160817.875,,77540.05970177283,95761.215,51000.77419226695,1121261.75,,77821.68219463642,97756.2403125,52480.31883606991,1160817.875,,3719681,1897616,36476611,125891,
2020-07-30,80074.671875,101746.2734375,51348.90234375,1119740.375,,81107.28780773739,104140.3034007353,52306.25476032839,1131911.5,,77915.5658338218,100549.25845588234,51348.90234375,1101483.75,,78197.188360932,101347.26844362744,51958.12660884534,1118219.0,,6870841,2728427,19285354,94324,
2020-07-31,77727.796875,100948.265625,50391.55859375,1115176.25,,80731.76970108696,103342.29563982214,51871.10349201209,1133432.875,,77727.796875,99751.25061758894,50217.49448807211,1115176.25,,80450.14724864131,102145.28063241107,51784.071439173145,1119740.375,,4848989,1712713,21943345,62459,
2020-08-03,76789.0625,101347.2734375,49434.19921875,1119740.375,,77540.05577628361,102544.2884781004,50391.55166840889,1125826.0,,76507.44002139363,98554.23834276575,49347.16717787192,1090834.125,,77352.30745721271,100948.26842396654,50304.51962753081,1107569.375,,3483106,1868315,21158940,107615,
2020-08-04,76601.3203125,105736.328125,49869.359375,1118219.0,,77446.18781594669,106933.34316037736,50565.61570135253,1134954.25,,76413.57197840074,102943.29304245283,49608.2632526178,1110612.125,,76789.06864659926,103342.29805424529,49782.32733420593,1118219.0,,3005937,2492506,19419694,71483,
2020-08-05,75756.421875,106933.3515625,49521.2265625,1197331.125,,76319.66664730482,108130.36669193096,50043.418758238135,1206459.375,,75568.67361756506,105337.33138992537,48999.034366761865,1125826.0,,76225.79251858736,106135.34147621268,49869.35469299209,1134954.25,,4537005,1859551,17739706,342513,
2020-08-06,76131.9609375,115312.46875,50478.5859375,1183638.625,,76882.95438694513,116509.4839965398,50826.714116379306,1233844.375,,75756.46421277743,108529.38235294117,49695.29753502155,1176031.75,,75756.46421277743,108928.38743512111,49695.29753502155,1226237.5,,3391939,4040334,21625874,188566,
2020-08-07,75662.578125,117307.46875,50043.42578125,1168424.75,,76319.69728985731,119302.49372874151,50826.71418478261,1194288.375,,75099.33312655088,115312.4437712585,49695.29760190217,1159296.5,,76225.82312344912,116110.4537627551,50391.55396059783,1191245.625,,4946631,3208082,18751717,109912,
2020-08-10,76413.5625,135661.71875,50304.515625,1172988.875,,76882.93327702703,137656.7440257353,50739.67579476644,1188202.75,,74911.5760135135,120499.52665441176,50043.41952314014,1150168.125,,75193.19847972973,120898.53170955883,50130.45155709343,1168424.75,,3277238,8460795,17774291,116805,
2020-08-11,76319.6875,142843.8125,50652.65234375,1223194.625,,76976.8065805658,144040.82768854746,51784.068976857816,1265793.5,,76038.06503690037,131272.6656773743,50304.524148947596,1191245.625,,76695.18411746617,136858.73655726257,50478.588246348794,1206459.375,,3234013,6776406,24907912,500494,
2020-08-12,76038.0703125,137257.734375,51348.90234375,1282528.75,,76319.6927951389,142444.79991824128,51348.90234375,1299264.0,,75287.07702546296,136060.7192496366,50217.48585143009,1238408.5,,76131.94447337963,138853.75454215115,50652.6460407839,1239929.875,,3595828,4877139,18573934,499823,
2020-08-13,75756.421875,135661.71875,51087.8125,1247536.875,,76976.78554832714,141646.79457720587,51871.10093696763,1284050.125,,75380.9253601301,133267.68841911765,50478.588160136285,1230801.625,,76882.91141960966,139651.76930147057,51697.036839863715,1273400.5,,4049387,3997431,22089460,240770,
2020-08-14,75287.0703125,133267.671875,50478.5859375,1217109.125,,76131.93768508417,137257.72193113773,50826.714116379306,1262750.75,,75193.19615999065,128479.61180763473,50217.48980334052,1203416.625,,75287.0703125,136459.7119199102,50478.5859375,1239929.875,,2589552,4469158,15672548,142222,
2020-08-18,73315.71875,126085.5625,50826.71875,1220151.875,,75287.0761043534,134065.66139240505,52132.19953981165,1273400.5,,73221.84459026888,124090.53777689874,50478.590539383564,1209502.25,,75099.32778489117,130474.61689082278,51261.87901327055,1217109.125,,4946279,4328953,25307825,178754,
2020-08-19,70405.609375,131272.640625,50304.515625,1230801.625,,73221.83375,132070.65059840426,51522.96410034602,1259708.0,,70405.609375,126085.57579787234,50304.515625,1224716.125,,72564.71472916666,126085.57579787234,51348.90003243945,1239929.875,,8028305,3298626,16930719,98612,
2020-08-20,67401.65625,123691.5625,48215.7578125,1207980.875,,69842.38474930362,132070.6683467742,50130.46299638989,1252101.0,,66932.28538474931,122893.55241935485,48128.72575868682,1204938.0,,69842.38474930362,130075.6431451613,50130.46299638989,1217109.125,,7260223,3630223,30386029,132408,
2020-08-21,69936.2421875,124489.578125,48650.9140625,1215587.75,,72283.0959521812,128878.63376402244,49521.23452873434,1230801.625,,68058.75917575503,122893.5578926282,48563.88201587656,1198852.5,,68340.38162751678,126085.5983573718,48912.0102023703,1229280.25,,7700029,3348383,21142288,94054,
2020-08-24,70874.96875,128878.6171875,48824.9765625,1247536.875,,72470.82897350992,130075.63220781734,49260.13678141712,1250579.625,,69185.23439569536,121696.52706559598,48215.75225601604,1215587.75,,70030.10157284768,125686.57713332043,48563.88043114974,1217109.125,,4298619,2904566,15055896,86419,
2020-08-25,72283.109375,132469.703125,49086.078125,1239929.875,,72940.22855113636,136459.7544239458,49434.20633865248,1256665.125,,70781.12268668831,131671.69286521085,48824.98196476064,1229280.25,,71625.99019886364,133666.71851468374,49086.078125,1253622.375,,3473488,3304089,14021705,68516,
2020-08-26,73972.828125,133666.6875,49086.078125,1235365.75,,74254.45056710026,135661.71268656716,49173.110178413124,1250579.625,,72376.96761976523,130075.64216417911,48476.85375110816,1227758.875,,73221.834946066,132868.67742537314,49086.078125,1235365.75,,4741965,2638394,17651593,66490,
2020-08-27,74254.46875,130474.6328125,48389.8125,1218630.5,,75287.08462389381,135262.69273222476,48999.03675809352,1235365.75,,73972.84623893806,130474.6328125,48389.8125,1215587.75,,75287.08462389381,134863.6877389144,48999.03675809352,1232323.0,,4223450,2427108,16196568,86964,
2020-08-28,73034.09375,137257.734375,48215.7578125,1215587.75,,74723.82856683804,140848.7797510901,48999.04629681859,1230801.625,,72940.219593509,131272.65874818314,48215.7578125,1209502.25,,74629.95441034704,132070.66883175872,48824.98218919223,1229280.25,,2511956,5571784,14619888,65781,
2020-08-31,70499.515625,140848.765625,46997.31640625,1183638.625,,73972.86060252997,145237.82064447593,48824.989822048614,1215587.75,,70499.515625,139252.74561791786,46997.31640625,1179074.5,,73409.61547103862,141646.77562854107,48737.957754629635,1212545.0,,5113128,5275614,32671367,153552,
2020-09-01,70593.3828125,143641.796875,47171.3671875,1188202.75,,71813.74714303525,144439.80685763888,47693.55944418819,1220151.875,,70593.3828125,140050.751953125,47084.335144718636,1179074.5,,70593.3828125,142444.78190104166,47084.335144718636,1179074.5,,2538676,2704194,19363117,106775,
2020-09-02,70874.96875,140449.75,47345.4296875,1171467.5,,71719.83592715231,142444.77485795453,47954.65396656709,1195809.75,,70311.72396523178,138454.72514204544,47084.33356789981,1153210.875,,71250.46527317881,142045.76988636365,47519.493767233456,1191245.625,,2369360,2825239,16905723,124017,
2020-09-03,73878.9609375,140848.765625,49086.078125,1185160.0,,74817.70249960292,141646.77562854107,49347.174285239365,1198852.5,,72470.84859434562,138853.74061614732,48302.78964428192,1163860.625,,72940.21937539708,141646.77562854107,48389.821697695035,1168424.75,,7002529,1841550,28384920,86812,
2020-09-04,73878.9609375,137656.734375,48389.8125,1176031.75,,74536.08003097205,138853.74945652173,48563.87657374101,1177553.125,,71438.2328760324,133666.68410326086,47954.65231564748,1151689.5,,71719.85534466327,133666.68410326086,48041.68435251799,1151689.5,,4582566,2886867,22139109,82094,
2020-09-07,73597.34375,135661.71875,49173.09765625,1180595.875,,74629.95954241071,138055.74908088235,49869.35390625,1198852.5,,72846.35044642858,134863.70863970587,48563.8734375,1166903.375,,73785.09207589286,137656.7440257353,48824.96953125,1176031.75,,2786930,1516649,18685880,56205,
2020-09-08,74536.1015625,134065.703125,51087.8125,1177553.125,,75099.34666246852,137656.74874441966,51087.8125,1188202.75,,73409.61136256298,134065.703125,49782.331771720616,1171467.5,,73878.98227920341,136459.73353794645,49956.39586882453,1182117.25,,3380355,1933504,31517520,47203,
2020-09-09,72564.734375,133666.6875,50826.71875,1154732.25,,73597.35025873221,137257.7328358209,51610.00722388699,1174510.375,,72470.86020375161,132070.66735074628,50304.52643407534,1150168.125,,73127.9794024903,132868.67742537314,50652.654644691786,1162339.25,,3918435,1685225,30597399,84902,
2020-09-10,71907.6171875,134863.734375,51522.97265625,1162339.25,,73409.60396948433,136858.7600314349,52219.22904349662,1166903.375,,71907.6171875,134065.72411242602,51435.94060784417,1154732.25,,73221.8556217363,136060.74976886093,52132.196995090795,1165382.0,,3541520,1326177,29923293,55546,
2020-09-11,73597.34375,136858.75,51348.90234375,1157775.125,,73691.21791294643,136858.75,51697.03049523305,1159296.5,,71625.986328125,133666.7091836735,50652.6460407839,1148646.75,,72001.48297991071,133666.7091836735,51609.998457362286,1153210.875,,2831262,1538378,16017098,47722,
2020-09-14,75099.3359375,143641.796875,52567.359375,1160817.875,,75193.21010742187,143641.796875,52915.48758278146,1176031.75,,74066.72006835937,138853.73697916666,52132.19911527318,1156253.625,,74254.46840820312,139252.74197048612,52393.29527110927,1176031.75,,4099644,3145262,20648281,50742,
2020-09-15,76882.953125,142843.8125,53089.55078125,1176031.75,,77070.70148427962,147631.87325418994,53089.55078125,1189724.125,,75287.09207112332,142444.80743715083,52654.39052894467,1157775.125,,76319.70804716117,146833.86312849162,53002.51873078893,1165382.0,,5899410,2644009,17877075,61594,
2020-09-16,76507.4609375,146434.84375,53089.55078125,1180595.875,,77352.32860429448,148429.8688692098,53350.64693263319,1186681.375,,75568.71908550613,141247.7784400545,52741.422579405735,1172988.875,,76695.20930789878,143242.8035592643,53176.582831711065,1183638.625,,3119110,3401835,17041444,52564,
2020-09-17,77164.5625,146833.859375,51784.06640625,1151689.5,,77821.68164537713,152818.93516474185,52915.48298319328,1179074.5,,76225.82086374697,146035.84926970108,51610.002317489496,1151689.5,,76882.9400091241,148030.87453294836,52828.450938813025,1176031.75,,4055050,4383978,25108356,79736,
2020-09-18,78572.6640625,144439.828125,51610.01171875,1153210.875,,78760.41236372461,148429.87862569062,52132.20408015388,1159296.5,,77164.55180331541,142843.80792472375,51435.947598282044,1137997.0,,77821.67085760155,146833.85842541436,52045.172019919904,1153210.875,,5199334,2584103,18884571,42590,
2020-09-21,79323.671875,147631.84375,51522.97265625,1125826.0,,79793.04271449705,150424.87863175676,52219.22904349662,1159296.5,,78478.80436390534,144040.79890202702,51348.90855943834,1118219.0,,78572.67853180473,144439.80388513513,51435.94060784417,1148646.75,,4102947,3133848,15140387,63514,
2020-09-22,76319.6875,143242.828125,50652.65234375,1112133.5,,79605.28290282903,148429.89432451254,51958.13307425902,1174510.375,,75287.07180196802,142045.8128481894,50304.524148947596,1110612.125,,79229.78628536285,147631.88413997216,51435.94078205541,1163860.625,,4139983,3042046,20830381,115004,
2020-09-23,78478.7890625,143242.828125,51000.7734375,1072577.375,,79605.2788576555,146035.86377089136,51174.83751066553,1119740.375,,75568.69042501495,135661.7313718663,49956.38899850682,1061927.75,,77258.42511774821,146035.86377089136,50826.70936433447,1113654.875,,4439085,3481682,20111398,131122,
2020-09-24,79135.9296875,136858.75,50304.515625,1023893.0625,,80168.54561462041,140449.79591836737,51000.7718966263,1061927.75,,77258.44618364473,136459.7448979592,50130.45155709343,1023893.0625,,77727.81705960854,138454.77040816328,50217.483591046715,1049756.625,,6401560,2841908,17564020,122408,
2020-09-25,77821.6875,135661.71875,50391.55859375,1026935.8125,,80637.91262062726,138853.75919117648,50652.65475226684,1049756.625,,77164.56830518697,132469.67830882352,50217.49448807211,1011722.0,,80544.03844993968,137656.7440257353,50217.49448807211,1025414.4375,,3205596,2076987,11444683,71825,
2020-09-28,77446.1953125,140050.765625,50964.24609375,1042149.6875,,78572.68542613636,140449.77065527064,51489.65069265464,1049756.625,,76319.70519886364,137257.7304131054,50701.543794297686,1028457.25,,78291.06289772727,138055.74047364673,51051.813526900776,1034542.75,,3154068,1374871,12614080,38988,
2020-09-29,78854.3125,142444.796875,50964.24609375,1049756.625,,79699.18013392857,143641.81197478992,51664.78555895619,1058885.0,,77164.57723214287,141646.78680847338,50964.24609375,1042149.6875,,78009.44486607143,142444.796875,51051.813526900776,1049756.625,,4707898,1475249,15503563,45449,
2020-10-05,78103.3046875,149227.859375,51402.08984375,1042149.6875,,78948.17216609074,149626.8643465909,51839.92706558774,1066491.875,,77258.43720890925,144838.8046875,50351.28051133944,1037585.5625,,77915.55635892428,146035.81960227274,50351.28051133944,1060406.375,,3396894,2732820,20228289,45667,
2020-10-06,77915.5625,145636.84375,51664.78125,1083227.125,,79042.05256024096,150424.90436643836,52452.88808262712,1086269.875,,77540.06581325301,144838.83364726027,51402.078972457624,1045192.5,,78854.30421686747,150025.8993150685,52015.05095338983,1046713.875,,2750145,2143171,14463826,66744,
2020-10-07,78291.0546875,146035.828125,52452.890625,1096919.625,,78572.6771863759,146434.83311987703,52452.890625,1104526.5,,77446.18719087231,142444.78317110654,51226.946603714525,1080184.375,,77821.68385604017,143641.7981557377,51402.08146389816,1083227.125,,2254356,1512423,14861838,57806,
2020-10-08,77821.6875,144040.796875,52277.7578125,1087791.25,,79323.6742310012,148429.8516274238,53153.43214771775,1107569.375,,77821.6875,143641.79189750692,52102.622945456445,1083227.125,,79135.92588962606,148030.84664993075,52978.297280674204,1103005.125,,3330824,1750474,24589924,49523,
2020-10-12,80262.4140625,143641.796875,52890.73046875,1093876.875,,80262.4140625,144838.81184895834,52890.73046875,1101483.75,,78384.93069261695,140449.75694444444,52452.89329599545,1087791.25,,78760.42736659356,142045.77690972222,52540.46073054636,1101483.75,,4464264,1655359,16145837,35921,
2020-10-13,82797.0,142843.8125,53328.5703125,1099962.375,,83547.99319727892,144838.8378142458,53766.4075071839,1101483.75,,79417.5306122449,140449.78212290502,52890.73311781609,1092355.5,,80262.39795918367,144439.83275139664,53416.13775143678,1093876.875,,6375448,1728432,19247631,37766,
2020-10-14,81201.1640625,142045.8125,53328.5703125,1075620.25,,83454.14433706646,146434.8685042135,53503.70519037356,1095398.25,,80825.66735007225,141247.80231741574,52978.300556752874,1075620.25,,82609.27673410405,144439.8430477528,53416.13775143678,1095398.25,,3223767,1930046,16086716,42446,
2020-10-15,81764.390625,140449.75,52540.453125,1071056.0,,81952.13893871986,142444.77485795453,53240.9925,1093876.875,,80637.90074268082,139651.74005681818,52277.750859374995,1071056.0,,80825.64905640068,141247.75994318182,53153.425078124994,1084748.5,,2802900,1587551,17756232,44067,
2020-10-16,80074.671875,137257.734375,52102.62109375,1045192.5,,82515.4004432884,141646.7898346657,52890.72796743697,1063449.125,,79699.1751721864,134863.70412427324,51664.78394170168,1040628.3125,,81670.53286195779,140848.7797510901,52540.45824579831,1049756.625,,2435541,3197258,16554190,74849,
2020-10-19,81388.875,134065.703125,52540.453125,1043671.0625,,82515.36461937717,137257.74367559524,52715.58796875,1063449.125,,80544.00778546713,133666.6980561756,52102.616015625,1043671.0625,,80825.63019031142,135262.7183314732,52190.183437499996,1052799.375,,3150011,2230634,14474985,38669,
2020-10-20,79980.78125,133666.6875,53328.5703125,1037585.5625,,85331.60816461267,134464.69757462686,53328.5703125,1048235.25,,78572.6689040493,124888.57667910447,52628.03080100574,1019328.875,,80074.65540639672,125287.58171641792,52803.16567887931,1037585.5625,,6622637,5697398,19326115,53702,
2020-10-21,78666.5546875,132070.671875,53328.5703125,1046713.875,,80919.53477401551,133666.6920789275,53853.97494612069,1046713.875,,77727.81298478521,130474.65167107251,53065.86799568965,1029978.625,,80074.6672415722,133267.68702794562,53591.27262931034,1039106.9375,,4925877,1760669,15703443,30800,
2020-10-22,78197.171875,129676.6484375,52628.0234375,1001072.25,,79135.91343412365,130474.65858173076,52978.29314423877,1040628.3125,,77446.17862770108,128479.63322115384,52365.32115744593,991943.9375,,79042.03927821128,130075.65350961538,52803.15829086939,1033021.375,,2593975,1700524,14294095,122659,
2020-10-23,78760.4296875,133267.671875,52715.59765625,967601.75,,79511.42305758344,134065.68188622754,52890.73253218439,1004115.0625,,77258.44294733314,130075.63183008981,52365.32790438123,959994.8125,,77727.81380363528,130474.63683570358,52890.73253218439,1002593.625,,2609595,1883932,9322232,129479,
2020-10-26,78103.3046875,136858.75,52890.73046875,958473.4375,,79511.4171518179,138853.77551020408,53503.702510606374,1005636.4375,,77915.55635892428,130873.67346938777,52628.02816509727,952387.875,,79135.92049466647,133267.70408163266,52890.73046875,985858.375,,1662847,3018359,13268226,124619,
2020-10-27,77540.0546875,137656.734375,52365.328125,966080.375,,78291.0479532385,142045.78967391304,52803.165316680606,998029.5,,76789.06142176151,136459.71929347827,52102.625809991645,949345.125,,77258.43221284807,138055.73940217393,52803.165316680606,958473.4375,,2265817,3317704,17260416,84056,
2020-10-28,77821.6875,138454.71875,51664.78125,969123.125,,78478.80669481303,138853.72370317002,52015.05095338983,978251.5,,76976.81996381182,135262.67912463978,51489.646398305085,963037.625,,77070.6941344994,137257.7038904899,52015.05095338983,966080.375,,1773556,1419988,14428882,36243,
2020-10-29,76695.1796875,135661.71875,50876.67578125,1060406.375,,77352.29873011015,136459.72886029413,51226.94549402969,1066491.875,,76038.06064488985,134065.69852941175,50351.271212080464,958473.4375,,76882.92798538861,134863.70863970587,50964.243209444925,958473.4375,,2637314,1484537,22636966,197915,
2020-10-30,75005.453125,131272.640625,49563.171875,1037585.5625,,77070.68462531289,135262.69049202127,50789.11605565371,1083227.125,,75005.453125,131272.640625,49563.171875,1028457.25,,76601.31382978724,134863.68550531915,50789.11605565371,1057363.625,,2710477,1452259,26907844,165069,
2020-11-02,74723.84375,136060.734375,50263.70703125,1061927.75,,75662.58550565326,136060.734375,50351.27446510235,1063449.125,,74348.34704773869,132469.68859970674,49037.76295731707,1037585.5625,,75287.08880339196,132469.68859970674,49388.03269272648,1051278.0,,2000394,1052301,20489076,55697,
2020-11-03,76413.5625,136060.734375,51489.65625,1063449.125,,76413.5625,137257.74963343109,51577.22369260204,1075620.25,,74723.8277027027,134863.71911656891,50438.84693877551,1049756.625,,74723.8277027027,136459.7394611437,50701.54926658163,1063449.125,,2057723,1006364,14950919,64328,
2020-11-04,78103.3046875,136858.75,51226.94140625,1115176.25,,79229.79465895433,139651.7857142857,51664.77851228633,1125826.0,,76225.82140174278,136060.73979591837,50613.96945779915,1075620.25,,77070.68888033353,138055.76530612246,51577.211091079065,1078663.0,,3782296,1699252,21718561,165803,
2020-11-05,80825.640625,139651.765625,52803.16015625,1188202.75,,80919.51477206737,139651.765625,52803.16015625,1197331.125,,78197.16450711382,137656.7404017857,51489.648709577115,1151689.5,,78948.15768365274,138454.75049107143,51664.7835691335,1166903.375,,4082325,1299430,20639475,293954,
2020-11-06,81013.4140625,136060.734375,52628.0234375,1182117.25,,82327.65252933082,141247.80049486805,53240.99542429285,1191245.625,,80731.7915338934,135262.72420271262,52190.18630407654,1166903.375,,81201.16241490441,140848.79540872434,53153.42799760815,1188202.75,,2863808,2233192,16910230,103395,
2020-11-09,80731.7734375,137656.734375,52715.59765625,1157775.125,,81952.1374545785,139252.75448369567,53328.56972202035,1177553.125,,80356.27681686047,137257.7293478261,52628.03021828281,1145604.0,,81201.14421329941,137656.734375,53153.43484608597,1163860.625,,2444330,1521010,15892961,173481,
2020-11-10,81201.1640625,138454.71875,52715.59765625,1144082.625,,81858.28330924855,139252.72865634007,52978.29997015158,1185160.0,,80637.91899385837,137257.7038904899,52102.625590479656,1141039.875,,81576.66077492775,139252.72865634007,52978.29997015158,1182117.25,,2849783,1796342,19073552,138039,
2020-11-11,81670.5078125,140050.765625,53678.8359375,1157775.125,,81858.25610632185,142843.80083689457,53766.4033696982,1166903.375,,80637.8921964799,138055.74047364673,52890.729047716144,1134954.25,,80825.64049030172,139252.7555644587,53153.43134431076,1144082.625,,2638617,4140745,25628510,77433,
2020-11-12,82703.1328125,138853.765625,53416.14453125,1145604.0,,82984.75528518729,141247.79606681035,53766.41433145492,1163860.625,,81670.51707931329,138055.7554777299,53153.44218109631,1145604.0,,82233.76202468787,140050.7808459052,53416.14453125,1157775.125,,4006433,1965154,19800573,47541,
2020-11-13,84205.125,141646.796875,55342.62890625,1151689.5,,84486.74749163879,142444.80699823945,55342.62890625,1165382.0,,82139.89339464883,138454.75638204225,53416.14498862737,1127347.375,,82703.13837792641,138853.761443662,53678.84734103046,1139518.375,,3774278,2405777,31508829,54534,
2020-11-16,91996.6640625,142843.8125,58057.2109375,1153210.875,,92090.53820950256,146434.85806564245,58407.480686745854,1163860.625,,85519.34791932398,141646.7973114525,55955.592442024885,1145604.0,,86458.0893893495,145636.84793994413,56043.15987933635,1160817.875,,9274278,2752922,36354334,48887,
2020-11-17,92090.5625,145636.84375,57531.8125,1177553.125,,93498.67507645261,147631.86900684933,58670.189307458146,1182117.25,,90588.5757517839,142045.79828767123,57444.245053272454,1151689.5,,91433.44329765545,143242.81344178083,58670.189307458146,1157775.125,,5218295,3429139,30204089,133205,
2020-11-18,91996.6640625,143242.828125,56743.69140625,1235365.75,,94343.51773756377,148030.88923224233,57969.63535638503,1242972.75,,90682.42600446429,142843.8230327298,56656.12398124036,1194288.375,,93686.39870854592,146434.86886316157,57531.798231336805,1197331.125,,3734037,2228657,22963790,265519,
2020-11-19,92184.421875,143641.796875,56568.5625,1229280.25,,92278.29603169553,144838.81184895834,56743.69736842105,1256665.125,,90119.19042769857,141646.77191840278,55955.59046052632,1224716.125,,90306.93874108962,142843.78689236112,56130.72532894737,1241451.375,,2766688,1379907,16590290,120555,
2020-11-20,90870.1796875,141247.75,56656.125,1215587.75,,92935.41104403409,143242.7747175141,57093.96213292117,1227758.875,,90870.1796875,141247.75,55955.585587326124,1204938.0,,92935.41104403409,142843.76977401128,55955.585587326124,1227758.875,,2424003,1309560,15068682,78989,
2020-11-23,93874.1484375,142843.8125,59108.01953125,1223194.625,,94812.889921875,143242.81756284914,59370.72184027778,1238408.5,,90682.427390625,139651.7719972067,56656.13131365741,1220151.875,,91339.5464296875,139651.7719972067,56743.69875,1224716.125,,4149013,1494870,27134398,67468,
2020-11-24,92559.9296875,144439.828125,59283.1484375,1220151.875,,95751.65140086207,146035.84832527625,60859.362133031755,1226237.5,,92278.30718337982,143242.81297479282,58670.17644479321,1204938.0,,94812.90972046147,144439.828125,59458.283292559085,1226237.5,,3766043,1522580,32158235,82278,
2020-11-25,91245.6796875,143242.828125,58319.9140625,1221673.25,,94343.52683738426,146833.87395543174,59808.5605175488,1267314.875,,90400.81228298611,142045.8128481894,58232.346623967715,1211023.625,,94343.52683738426,146434.86886316157,59458.29076341967,1214066.375,,4081524,2082764,32447065,153356,
2020-11-26,93310.9140625,142843.8125,59545.8671875,1215587.75,,93404.7882215166,144439.83275139664,59545.8671875,1229280.25,,90400.81513298542,142045.80237430165,57794.51815257353,1212545.0,,90870.18592806841,143242.81756284914,57882.08560431986,1227758.875,,2933290,1260429,19023323,52531,
2020-11-27,92747.6875,144439.828125,59720.98828125,1215587.75,,93780.30345394737,144439.828125,59896.12314424487,1227758.875,,92184.44243421053,142045.79782458564,59195.5836922654,1211023.625,,93498.68092105263,142843.80792472375,59545.85341825514,1215587.75,,1976047,1033868,14063434,58261,
2020-11-30,91527.3125,144838.8125,58407.484375,1195809.75,,93686.41833333333,150424.8824035813,60071.265788980505,1235365.75,,91339.56416666666,144838.8125,58407.484375,1195809.75,,93592.54416666667,144838.8125,59896.13090329835,1224716.125,,3877841,3981271,43811016,104187,
2020-12-01,94343.5234375,146434.84375,59370.71484375,1206459.375,,95282.26496424129,147232.85379768393,59808.55197386615,1215587.75,,91808.9213152985,143242.8035592643,58757.74286158739,1195809.75,,92559.91453669155,146035.83872615805,58757.74286158739,1207980.875,,4455519,1792800,22327173,50175,
2020-12-02,102322.8359375,145636.84375,60859.37109375,1201895.25,,102792.20674455275,147232.86395547946,61209.640855440644,1211023.625,,96690.38625286697,144838.83364726027,59808.56180867806,1182117.25,,96690.38625286697,146434.85385273973,59896.12924910072,1211023.625,,7488361,1745795,29703942,96329,
2020-12-03,104669.6875,156808.984375,61034.50390625,1224716.125,,107485.91227578475,156808.984375,61735.04340589132,1224716.125,,102322.83352017937,145237.83794529262,60684.234156429346,1189724.125,,103730.94590807175,146434.85309319338,61384.77365607066,1195809.75,,6617912,6053809,23677989,94513,
2020-12-04,107955.28125,156808.984375,62610.7265625,1255143.75,,112179.6183423913,158804.00962150126,63136.13126092657,1259708.0,,105608.42730978261,155611.96922709924,61384.78226617133,1214066.375,,108894.02282608696,158005.99952290076,61647.484615384616,1220151.875,,8258814,3224702,28130533,198408,
2020-12-07,110771.5078125,154414.96875,63836.6640625,1338820.0,,112648.99099576271,158405.01962209304,64362.06870498972,1338820.0,,108894.02462923729,152020.93822674418,62960.98965835048,1258186.625,,111240.87860831567,156010.98909883722,63398.826860425244,1267314.875,,5191354,2519339,28490496,333389,
2020-12-08,107955.28125,148828.875,62785.8671875,1259708.0,,110771.50597826087,153217.93029490617,63836.67668017782,1328170.375,,107016.53967391304,148429.86997319036,62698.299729776845,1259708.0,,110771.50597826087,152419.92024128686,63223.70447611576,1326649.0,,4536460,3181249,25000338,263562,
2020-12-09,113118.3515625,152818.9375,64712.34375,1250579.625,,113587.72231587138,153217.94255874676,64712.34375,1274921.875,,107955.27327541493,149227.89197127937,63048.56224627875,1233844.375,,108894.01478215768,150025.90208877285,63136.12969384303,1264272.125,,5490760,1805987,24077996,126981,
2020-12-10,109363.40625,152818.9375,63836.6640625,1246015.5,,111240.88961909871,154813.9627937337,64624.77102623457,1262750.75,,108424.66456545064,150025.90208877285,63486.39430084019,1223194.625,,109832.77709227469,150823.91220626634,63661.5291816701,1230801.625,,8205744,2187019,39882928,107950,
2020-12-11,108424.65625,151621.875,64274.5078125,1247536.875,,110771.51028138529,155212.91940789472,64624.777609843324,1259708.0,,107955.28544372295,151621.875,64011.80546449251,1239929.875,,110771.51028138529,154015.90460526315,64362.07526183583,1256665.125,,3944552,1644559,18486672,57034,
2020-12-14,109832.78125,150823.90625,64624.765625,1235365.75,,111710.26469017094,152419.92642195767,65237.73765667344,1246015.5,,108424.6686698718,149227.88607804233,64099.36102642276,1232323.0,,108894.03952991453,152020.92137896825,64449.63075880759,1244494.125,,3066761,1259459,21510415,54861,
2020-12-15,110302.1328125,150424.921875,64624.765625,1217109.125,,111240.87436835105,152020.94226624668,64887.46792428862,1239929.875,,107955.27892287234,148429.89638594165,64186.92845951897,1211023.625,,111240.87436835105,150823.92697281166,64624.765625,1239929.875,,2755902,1355388,20863671,76001,
2020-12-16,110302.1328125,151621.875,64624.765625,1227758.875,,112179.61592420212,154414.90953947368,65237.73765667344,1241451.375,,109832.76203457447,151222.87006578947,64274.495892615174,1207980.875,,111710.24514627659,151621.875,64887.46792428862,1218630.5,,2213552,1268117,17512081,70992,
2020-12-17,112179.625,152020.90625,64186.9375,1223194.625,,112179.625,152020.90625,64537.20728171896,1224716.125,,109832.7709205021,150025.8812335958,63573.96538199181,1214066.375,,111240.88336820083,151621.90124671915,64274.50494542974,1223194.625,,3649945,974859,24293214,45542,
2020-12-18,111240.875,150823.90625,63924.234375,1220151.875,,111710.24578059072,152419.92642195767,64537.20648544521,1229280.25,,110302.13343881856,150823.90625,63924.234375,1217109.125,,111240.875,152419.92642195767,64186.93670804795,1223194.625,,3010798,930831,17613029,44034,
2020-12-21,108894.0234375,149227.859375,63924.234375,1252101.0,,110771.50660021552,150823.87926136365,64274.50415239726,1259708.0,,107485.91106546337,147631.83948863635,63048.559931506854,1212545.0,,110771.50660021552,150424.87428977274,64011.80181934932,1220151.875,,3585805,1120752,20367355,122929,
2020-12-22,105608.4296875,146833.859375,63311.25390625,1221673.25,,108424.65447916667,148828.88463824728,64099.36080134855,1256665.125,,105608.4296875,146035.84926970108,63136.11904067255,1217109.125,,107955.28368055556,148429.8795855978,63486.38877182746,1253622.375,,4270842,1381697,16304910,70475,
2020-12-23,108894.0234375,147631.84375,64712.34375,1211023.625,,108894.0234375,150424.87863175676,64799.91119756427,1232323.0,,105608.42790274785,146035.82381756758,63311.26458897158,1209502.25,,106077.79869342672,146035.82381756758,63398.83203653586,1229280.25,,3173156,1301433,19411326,78278,
2020-12-24,110771.5078125,149227.859375,68127.4765625,1207980.875,,111240.87860831567,150823.87926136365,69003.15106844473,1220151.875,,108424.65383342162,147631.83948863635,64799.91343991002,1198852.5,,108894.02462923729,147631.83948863635,64887.4808905045,1214066.375,,3486636,1061140,32502870,74507,
2020-12-28,108424.65625,151222.9375,68915.5546875,1200373.875,,112179.62270021645,154015.97328496043,70141.49848117853,1224716.125,,107955.28544372295,149626.9170514512,68477.7176183291,1198852.5,,111710.25189393939,150823.9323878628,69178.25692900254,1212545.0,,4825132,2410348,40085044,125003,
2020-12-29,110008.3984375,154466.296875,70290.8828125,1250579.625,,112379.2690934806,155277.14357775592,70829.51026700191,1258186.625,,108111.7019127155,152439.18011811023,69393.17038833014,1214066.375,,111905.09496228448,154871.72022637795,70739.73902458492,1229280.25,,4208916,1488327,30339449,146382,
2020-12-30,112379.265625,155682.53125,72714.6953125,1256665.125,,112379.265625,156898.80102539062,72984.00899884259,1267314.875,,108585.87269251054,153249.99169921875,69393.15984760803,1241451.375,,110008.39504219408,154466.26147460938,69482.9310763889,1259708.0,,4195192,1361340,29417421,98610,
2021-01-04,119491.890625,168250.6875,74510.109375,1261229.375,,121388.58730158731,171088.65090361444,75766.90640060241,1274921.875,,114275.97476438493,156898.83388554215,71996.51532379517,1223194.625,,118069.36811755953,157304.25722891567,72714.68505271085,1246015.5,,7995016,5651695,38655276,120195,
2021-01-05,123759.4453125,169872.375,75318.0625,1265793.5,,125656.14179238505,172710.33830548928,75318.0625,1268836.25,,117595.18175287356,166223.56503579952,73253.3241954708,1244494.125,,118069.35587284483,167845.25835322196,73253.3241954708,1255143.75,,7180224,3022595,35335669,78816,
2021-01-06,124233.6171875,164601.875,73791.953125,1242972.75,,129923.70652433205,171494.0717364532,75856.69147277981,1273400.5,,123285.26896469465,164196.45166256157,73702.18189248783,1241451.375,,125656.13952170801,169872.3783866995,74779.43668263382,1259708.0,,8525749,2848547,42089013,95881,
2021-01-07,127552.859375,167034.421875,74420.3359375,1246015.5,,130397.90456552045,170683.2320615898,75587.36171215319,1253622.375,,124707.81418447956,165818.1518128034,74240.79351063028,1241451.375,,125656.1625813197,167034.421875,74330.56472406513,1253622.375,,5981299,2478337,32644642,76561,
2021-01-08,130872.09375,199468.296875,79716.8515625,1273400.5,,130872.09375000001,208387.6109629065,80794.1063133446,1277964.625,,125656.1769701087,182440.51543445123,74510.12026675112,1239929.875,,128975.39673913045,195008.63983104675,74779.43395446228,1249058.25,,8713010,19933702,59013307,173433,
2021-01-11,126130.3203125,216901.484375,81691.8046875,1287092.875,,132768.7582236842,234334.68779205607,86898.53509615385,1343384.25,,124233.62376644736,207576.7476635514,80345.23647836539,1253622.375,,130872.06167763157,207982.17099883177,80794.09254807692,1279486.0,,11154671,14433887,90306177,368166,
2021-01-12,122336.921875,211630.984375,81332.71875,1244494.125,,126604.48891715116,222577.4146012931,82050.88845198676,1311435.125,,119017.70306443798,203117.09419899425,78819.12479304636,1226237.5,,125181.96656976744,213658.1010835728,81063.40511175497,1288614.25,,8700877,8040182,48682416,190032,
2021-01-13,126130.3203125,210009.3125,80524.7890625,1262750.75,,126604.49444901315,214874.39309845562,81871.35744147157,1265793.5,,121862.75308388157,202711.69160231663,79986.16171091137,1220151.875,,122336.92722039473,210414.73588320464,80614.56028776478,1238408.5,,6791044,5805649,36068848,136549,
2021-01-14,123759.4453125,203117.125,80524.7890625,1241451.375,,126130.31591235632,207171.35903193612,80794.10273829431,1259708.0,,122336.9229525862,201495.43138722554,79627.07680985228,1232323.0,,125656.14179238505,203522.5484031936,79627.07680985228,1259708.0,,5380278,3389733,26393970,107553,
2021-01-15,120914.4140625,194603.203125,78998.671875,1223194.625,,128027.02665441178,206765.9033203125,82409.97816051137,1253622.375,,120440.23988970589,193792.3564453125,78998.671875,1223194.625,,126130.3299632353,204333.36328125,80614.55379971591,1247536.875,,4838114,3915078,33431809,93376,
2021-01-18,123285.2578125,195414.046875,76305.53125,1198852.5,,124233.60594951923,199873.70354642117,78370.26915441177,1233844.375,,118543.51712740386,189738.12020228215,75497.59033088236,1195809.75,,119491.86526442309,192576.08353864108,77741.87066176471,1206459.375,,5927419,3387635,43227951,107704,
2021-01-19,123759.4453125,212036.390625,78100.9609375,1211023.625,,125181.96767241378,212036.390625,78998.6731321839,1227758.875,,121862.74883261493,197846.5748087954,75048.73947557471,1179074.5,,124233.61943247126,197846.5748087954,75856.68045079023,1195809.75,,4513315,4976690,39895044,90520,
2021-01-20,123759.4453125,210009.3125,78280.5,1209502.25,,128027.01239224138,224604.5542953668,79896.38188073394,1223194.625,,123285.27119252873,205955.07866795367,77652.10149082569,1195809.75,,127078.66415229885,219739.4736969112,79896.38188073394,1217109.125,,4913282,5305494,25211127,64597,
2021-01-21,124707.796875,214468.953125,79088.4453125,1211023.625,,126130.3192728137,216090.6465323724,79537.30141529512,1220151.875,,123285.27447718632,210414.719606569,77652.10578355561,1206459.375,,124707.796875,214063.5297731569,78549.81798914586,1209502.25,,3067677,2593509,25318011,55897,
2021-01-22,121862.75,208387.609375,77921.4296875,1207980.875,,125181.96887159534,213252.6897495136,80524.79542590726,1223194.625,,121862.75,208387.609375,77921.4296875,1200373.875,,124707.79474708172,211630.9962913424,79896.39679939517,1215587.75,,3927767,2093127,30861661,77328,
2021-01-25,128027.0078125,210820.15625,80255.4765625,1201895.25,,128027.0078125,212441.84975961538,80704.33269539989,1214066.375,,122811.09267939815,203927.95883413462,77472.56853852069,1195809.75,,123285.26678240742,205144.22896634616,78100.96712458054,1203416.625,,5061864,1895263,27258534,77324,
2021-01-26,122336.921875,203927.953125,77831.640625,1220151.875,,127078.66303294574,211225.5737139662,80075.92091983852,1258186.625,,121862.74775920542,203117.10639289266,77652.09820141293,1206459.375,,127078.66303294574,211225.5737139662,79716.83607266436,1209502.25,,6270106,1846817,33178936,182551,
2021-01-27,121862.75,199062.875,76844.171875,1291657.125,,125181.96887159534,206360.49567209778,78729.36768034463,1296221.25,,120914.40175097276,198657.4516293279,76844.171875,1229280.25,,122811.09824902724,204333.37881873728,77741.88416325934,1261229.375,,5068456,2190994,26423070,428830,
2021-01-28,116646.859375,193386.921875,75138.5,1274921.875,,119017.73050050813,197441.1550379979,76844.15292712067,1287092.875,,115224.33669969512,191765.22860980083,74689.6439665472,1241451.375,,117595.20782520325,192981.4985587002,74689.6439665472,1262750.75,,6270829,2033262,31859808,153309,
2021-01-29,116172.6640625,185683.90625,73612.40625,1206459.375,,121862.75373086735,196630.33740447598,76305.54306402439,1284050.125,,115224.31578443878,184062.21274563318,73612.40625,1204938.0,,121862.75373086735,196224.91402838426,75856.68692835365,1284050.125,,7391307,2663404,39615978,181849,
2021-02-01,118543.546875,193386.921875,74510.109375,1236887.125,,119491.89525,193386.921875,74869.19423945784,1241451.375,,111905.10825,182035.06901860586,72714.68505271085,1209502.25,,114750.15337500001,185683.87886530397,73343.08356551205,1218630.5,,5620305,1798912,28046832,91144,
2021-02-02,123285.2578125,195008.65625,75766.90625,1256665.125,,125656.12815504808,197441.1966606029,77562.33056872038,1261229.375,,120440.21340144232,191359.84563409563,75138.50773844786,1226237.5,,121862.73560697115,195819.50305353428,75497.59260219194,1242972.75,,4880067,1519973,26302077,89992,
2021-02-03,123285.2578125,199062.875,75946.4453125,1255143.75,,124707.78001802885,204738.80218940938,76664.61500812648,1268836.25,,121862.73560697115,196630.3347759674,74869.19076906028,1236887.125,,124233.60594951923,198657.4516293279,76125.98773640662,1265793.5,,3693688,2983093,22112205,74937,
2021-02-04,118543.546875,201495.40625,74061.2734375,1236887.125,,121862.7661875,205144.21642354125,75228.29956439394,1250579.625,,117595.1985,197846.59607645875,73702.18847537879,1226237.5,,120914.4178125,203927.94636569417,74958.98584280303,1249058.25,,4600618,1907305,24171688,64288,
2021-02-05,120914.4140625,202306.265625,74958.96875,1235365.75,,121388.58823529413,203117.11238101203,75407.8248502994,1242972.75,,118069.3690257353,197035.76171092186,74061.2565494012,1226237.5,,119966.06571691176,202306.265625,74599.88386976048,1236887.125,,3497303,1539977,18036835,44115,
2021-02-08,118543.546875,189738.140625,74510.109375,1223194.625,,121388.592,195008.64453125,75587.3639683735,1246015.5,,118543.546875,185278.4834735577,74510.109375,1221673.25,,120914.4178125,192981.52764423078,75228.27910391566,1233844.375,,2876471,3212977,15338765,44397,
2021-02-09,119017.703125,191765.234375,74240.8046875,1220151.875,,123285.27016932271,195008.62100290696,76126.00045344619,1232323.0,,118543.52900896415,188521.847747093,74240.8046875,1220151.875,,120914.39958914343,188521.847747093,75407.83063784764,1224716.125,,5177095,1391614,20898332,39065,
2021-02-10,119491.890625,198657.421875,73253.3125,1215587.75,,120440.23896329365,199468.26849489796,74151.0246629902,1227758.875,,118069.36811755953,190548.95567602038,73253.3125,1209502.25,,119017.71645585318,193792.34215561225,74151.0246629902,1226237.5,,4262526,1233628,23025766,54207,
2021-02-15,125181.96875,200684.546875,75587.375,1217109.125,,125656.14287405302,201900.8168560606,75856.68868764845,1224716.125,,123285.27225378787,197441.16025883838,74779.43393705462,1215587.75,,123285.27225378787,200279.1235479798,75228.29008313539,1223194.625,,5384526,916331,23529706,46270,
2021-02-16,125656.140625,200684.546875,76215.75,1211023.625,,127078.66297169811,203522.5101641414,77203.2332155477,1221673.25,,123759.44416273585,198657.430239899,75587.351590106,1207980.875,,125656.140625,201900.8168560606,75856.6651943463,1218630.5,,3218689,1179084,20483100,58330,
2021-02-17,123285.2578125,197441.15625,74689.6484375,1195809.75,,124233.60594951923,201089.9661190965,75587.36055814303,1206459.375,,121388.56153846154,196630.309612423,74510.10601337139,1183638.625,,124233.60594951923,201089.9661190965,75318.04692195012,1206459.375,,3621178,871176,18307735,86425,
2021-02-18,119491.890625,190954.390625,73702.1640625,1191245.625,,123285.28397817462,197441.16397956476,75048.73222442143,1207980.875,,119017.71645585318,190954.390625,73702.1640625,1191245.625,,121862.76147073413,195414.04730626327,74689.64738124238,1192767.0,,3792425,1260023,21327683,41335,
2021-02-19,126130.3203125,196224.90625,74151.0390625,1206459.375,,126130.3203125,196224.90625,74330.58152996367,1206459.375,,121862.75308388157,190954.4025697314,72714.69932279056,1185160.0,,122336.92722039473,191765.24928977274,73881.72536130447,1194288.375,,6986526,1168454,25880879,53643,
2021-02-22,129449.546875,195819.453125,73791.953125,1186681.375,,132294.59186126373,200684.53270574534,75587.37777524331,1207980.875,,128027.02438186813,194603.18322981364,73791.953125,1185160.0,,128975.37271062272,197035.72302018633,75228.29284519465,1206459.375,,7961516,1157808,25419886,50641,
2021-02-23,131346.1875,198252.015625,73612.40625,1156253.625,,132768.70938628158,200684.5556940184,74420.34729420731,1177553.125,,124707.75203068592,192170.66545245398,72804.46520579267,1148646.75,,126604.44787906136,196630.3222456544,72894.23643292683,1176031.75,,6400037,1629578,20587314,90906,
2021-02-24,128975.390625,190548.96875,73612.40625,1136475.625,,136088.00407858455,201900.82220744682,75048.74588414634,1171467.5,,127078.69370404413,190548.96875,72984.00766006098,1133432.875,,130397.91331571691,199873.70551861703,73432.8637957317,1151689.5,,9074809,2072507,26807651,82230,
2021-02-25,140829.71875,198657.421875,76574.8671875,1179074.5,,141778.06702441076,198657.421875,76664.63842687572,1185160.0,,132768.75841750842,190548.95567602038,74510.12868185814,1137997.0,,133717.10669191918,193792.34215561225,75407.84107561548,1147125.375,,9936495,1562697,34155986,53630,
2021-02-26,134191.296875,192170.65625,74061.2734375,1141039.875,,137510.51623233216,201495.39273470466,74869.21460227272,1162339.25,,130872.07751766784,190954.38627373418,73612.41723484849,1141039.875,,136087.9936506184,193386.92622626582,74330.58715909091,1160817.875,,10843268,2710962,38520800,82154,
2021-03-02,137036.3125,193792.359375,75048.75,1145604.0,,142726.40160034603,201900.82629445606,76574.86094497608,1174510.375,,133717.0938581315,192170.66599110878,74510.1226076555,1137997.0,,141303.8793252595,198252.01618070083,76395.31848086124,1151689.5,,9376523,2509152,33498180,54872,
2021-03-03,139407.171875,194603.203125,75407.828125,1157775.125,,139407.171875,195819.47314453125,75407.828125,1157775.125,,132294.561065051,191765.23974609375,74330.5734375,1137997.0,,135139.60538903062,193792.3564453125,74958.97200520833,1142561.25,,5827221,910872,19882132,37216,
2021-03-04,134665.4375,190548.96875,73971.5,1137997.0,,137984.65602992958,192981.50877659576,74689.66990291262,1150168.125,,132294.56712147887,188521.8520611702,73791.95752427184,1136475.625,,135613.78565140846,191359.8154255319,74151.04247572816,1141039.875,,6586562,1274581,24348331,57765,
2021-03-05,132768.78125,190548.96875,73702.1640625,1093876.875,,134191.30390625,192170.66210106385,74151.02011647381,1124304.625,,129449.56171875,185278.46535904254,72804.45195455237,1084748.5,,130872.08437499999,186900.1587101064,72804.45195455237,1118219.0,,6091444,1153198,20508971,92442,
2021-03-08,128501.1953125,186900.15625,73612.40625,1058885.0,,135613.80759916976,192576.08290401302,74510.11852134146,1099962.375,,128501.1953125,186494.73291757048,73253.32134146341,1057363.625,,135613.80759916976,192170.6595715835,74420.34729420731,1099962.375,,5587787,853206,17641256,75318,
2021-03-09,129449.546875,187711.015625,73073.7734375,1045192.5,,130397.89520375458,189738.13242440604,73522.62953969595,1068013.25,,123759.45690247252,184873.05210583154,72355.6036739865,1033021.375,,127078.67605311355,186900.16890523757,73073.7734375,1043671.0625,,7822152,1254755,25420764,112039,
2021-03-10,126130.3203125,184467.625,72624.921875,1042149.6875,,133242.93236019736,191765.24532967032,74061.26149181087,1069534.625,,125656.14617598684,184062.20164835165,72445.37942289864,1042149.6875,,133242.93236019736,191765.24532967032,73971.49026576019,1063449.125,,5614476,901351,20038422,43036,
2021-03-11,129923.6875,185278.46875,73612.40625,1087791.25,,131820.3836678832,188116.43216630197,74061.26238567072,1096919.625,,127078.64324817518,184467.622059628,72714.69397865853,1042149.6875,,127552.81729014599,184873.04540481398,72714.69397865853,1042149.6875,,6707671,1154314,23818297,72600,
2021-03-12,132768.78125,188521.84375,74330.5703125,1130390.125,,135139.65234375,189332.69038978493,74958.96885378925,1150168.125,,132294.60703125,185683.88051075267,73971.48543176329,1101483.75,,133242.95546875,187710.99711021504,74599.88397305254,1103005.125,,4548695,823038,13530573,84812,
2021-03-15,129449.546875,188116.4375,73432.8671875,1118219.0,,134665.4626831502,191359.82435344826,74420.35073158618,1128868.75,,128975.37271062272,186494.74407327586,73432.8671875,1101483.75,,134191.2885187729,188927.28421336206,74330.57950030563,1125826.0,,4289990,769672,13735798,39181,
2021-03-16,133242.921875,189738.140625,74330.5703125,1115176.25,,133242.921875,190548.9873798077,74510.11275286836,1141039.875,,130872.05137900356,188116.44711538462,73702.17177121075,1115176.25,,131346.22547820286,189332.71724759616,73791.94299139493,1141039.875,,3304561,633617,12293537,40488,
2021-03-17,132768.78125,188116.4375,73881.7109375,1093876.875,,133717.12968749998,189738.13092672412,74420.33823473573,1118219.0,,131346.25859374998,186494.74407327586,73612.39728888214,1086269.875,,133717.12968749998,189738.13092672412,74330.56701852976,1116697.625,,2588319,627439,11625146,51725,
2021-03-18,134665.4375,189738.140625,74420.3359375,1098441.0,,137510.48195422537,192981.52764423078,75228.27685841375,1115176.25,,133717.08934859154,189332.71724759616,74151.0222971954,1098441.0,,135139.61157570424,190143.56400240384,74330.56472406513,1109090.75,,4426840,1005422,18585244,41869,
2021-03-19,130872.09375,186089.3125,73522.6171875,1077141.625,,132294.6165081522,188116.4291938998,74061.24441964286,1090834.125,,129923.74524456523,185683.88916122005,73432.84598214286,1072577.375,,130872.09375000001,186494.73583877998,73702.15959821429,1075620.25,,4015627,1055587,15869700,46918,
2021-03-22,130872.09375,185683.90625,73612.40625,1087791.25,,132768.79076086957,187305.5997543668,73881.71993140243,1092355.5,,129923.74524456523,184467.63612172488,73343.09256859755,1074098.875,,131346.2680027174,186494.7530021834,73612.40625,1087791.25,,2727719,739527,12670506,25944,
2021-03-23,128027.0078125,183656.78125,73432.8671875,1084748.5,,132294.57473958333,187305.59147350994,74420.35073158618,1113654.875,,127078.65960648148,182845.93453366446,73432.8671875,1083227.125,,131820.40063657408,186089.3213990066,74151.03703774449,1093876.875,,3839090,1024811,13299907,40862,
2021-03-24,126604.5078125,179197.125,72714.6953125,1089312.625,,127552.85618562733,182845.93523755655,73253.32268518518,1090834.125,,124707.81106624531,178386.278280543,72445.38162615741,1072577.375,,126130.33362593633,182440.51187782804,72714.6953125,1072577.375,,3894080,1049551,17926638,25553,
2021-03-25,126130.3203125,176764.578125,72894.25,1092355.5,,127552.84272203947,178791.69484661697,73702.19119458129,1103005.125,,123759.4496299342,175142.8847477064,72535.16502463055,1080184.375,,126130.3203125,177170.00146932338,72714.70751231528,1084748.5,,4157799,1087519,14758826,26528,
2021-03-26,128027.0078125,174737.484375,73163.546875,1103005.125,,128027.0078125,177980.87155597447,73253.3180981595,1118219.0,,125181.96319444446,171899.52059164734,72714.69075920245,1092355.5,,127078.65960648148,177980.87155597447,73073.7756518405,1095398.25,,3835443,1480861,12845778,34252,
2021-03-29,125181.96875,174737.484375,73253.3125,1137997.0,,128501.1876183712,176359.17796548724,73343.08371629902,1137997.0,,124707.79462594696,171088.67379640372,72714.68520220589,1096919.625,,128501.1876183712,174737.484375,73343.08371629902,1104526.5,,3575226,1184415,14952134,54491,
2021-03-30,127552.859375,177980.84375,74119.859375,1136475.625,,128501.20777184016,179197.1137528474,74210.02952022506,1144082.625,,125181.98838289962,174332.03374145785,73308.32806797445,1127347.375,,126130.33677973978,174737.45707574033,73578.83850364963,1142561.25,,3304184,935840,13121698,22810,
2021-03-31,125656.140625,176764.578125,73398.4921875,1137997.0,,128027.01120283018,180007.96487958715,74570.70397919226,1156253.625,,125181.96650943396,176764.578125,73398.4921875,1131911.5,,127552.83708726415,179602.54153526376,74300.19356572483,1139518.375,,3309680,750876,17240518,34571,
2021-04-01,133242.921875,177575.40625,74751.03125,1136475.625,,133242.921875,182035.06257134702,74841.20137213511,1145604.0,,129449.5290814057,177169.98294805936,73939.50015078408,1128868.75,,130872.05137900356,178791.67615582192,74390.35076145959,1131911.5,,5833436,749450,18676461,37486,
2021-04-02,133717.09375,189332.671875,76464.2734375,1131911.5,,135613.79011524824,193386.90467746253,76824.95397258255,1144082.625,,132768.74556737588,182440.4761108137,75652.74223356428,1125826.0,,134665.44193262412,182845.89939105997,75742.91236733491,1137997.0,,3432245,3648528,22997538,30480,
2021-04-05,135613.8125,189738.140625,77005.2890625,1141039.875,,137036.33500874127,191765.25751201922,77546.30982874708,1142561.25,,133717.1158216783,186494.75360576922,76464.26829625294,1104526.5,,134665.46416083915,191359.83413461538,77365.96957333139,1127347.375,,2616440,990184,16255990,47392,
2021-04-06,135613.8125,186494.75,77546.3203125,1147125.375,,139407.20585664336,190548.9836956522,77726.66059229651,1148646.75,,134191.28999125873,186089.32663043478,76734.7890534157,1130390.125,,139407.20585664336,190548.9836956522,77726.66059229651,1134954.25,,3753217,737694,19042023,36278,
2021-04-07,136087.984375,186494.75,77185.6484375,1163860.625,,138458.85518292684,188521.86684782608,77726.66933776284,1185160.0,,135139.63605182926,183656.78641304348,77005.30813741237,1133432.875,,138458.85518292684,185278.47989130436,77636.49918771903,1147125.375,,2424687,708886,17885538,68087,
2021-04-08,136562.171875,187711.015625,76374.09375,1160817.875,,138458.86870659722,189332.70906452482,77275.79497491145,1171467.5,,135139.64925130206,184062.2053860691,75833.07301505313,1151689.5,,136087.9976671007,185683.89882559393,77275.79497491145,1156253.625,,3774932,915323,19244259,28781,
2021-04-09,132768.78125,185278.46875,75382.2421875,1171467.5,,137510.5234375,188116.43216630197,76554.45408754486,1174510.375,,132294.60703125,184062.198714442,75201.90189518541,1153210.875,,136562.175,187711.00882111597,76374.11379523027,1160817.875,,3276077,726250,18193707,33141,
2021-04-12,130397.8984375,183251.359375,75021.546875,1189724.125,,133242.9434943182,185683.8995436947,75833.07803109975,1194288.375,,128975.37590909092,182845.9360135509,74931.37674654447,1165382.0,,133242.9434943182,184873.05282079647,75833.07803109975,1172988.875,,3878457,659014,12915282,50479,
2021-04-13,132294.578125,186494.75,75742.921875,1192767.0,,132768.75224014337,186494.75,76193.77260044643,1197331.125,,128501.18520385305,183251.36304347825,74660.88013392857,1180595.875,,128975.35931899642,183656.78641304348,74841.22042410714,1192767.0,,2876178,634607,15238206,41393,
2021-04-14,129923.6875,188521.84375,75742.921875,1201895.25,,131820.3836678832,192170.65362903225,76013.43231026786,1214066.375,,129449.51345802919,186900.1504704301,75201.90100446428,1192767.0,,131820.3836678832,187305.57379032258,75742.921875,1192767.0,,2777203,940909,13794652,53482,
2021-04-15,130397.8984375,186900.15625,75833.1015625,1226237.5,,131820.42096590908,188521.849579718,76193.78218824316,1239929.875,,128975.37590909092,185683.8862527115,75201.91046744946,1189724.125,,128975.37590909092,188521.849579718,75472.42093675684,1201895.25,,2291160,555364,16377412,98363,
2021-04-16,130397.8984375,187711.015625,75652.75,1264272.125,,131820.42096590908,189332.70906452482,76374.1111442193,1268836.25,,130397.8984375,186900.16890523757,75382.23957091775,1211023.625,,131346.24678977273,187711.015625,76374.1111442193,1239929.875,,1982877,577562,15429522,137195,
2021-04-19,130872.09375,186494.75,75111.734375,1262750.75,,131820.44225543478,188521.86684782608,75742.92542016807,1319042.0,,129923.74524456523,185683.90326086959,75111.734375,1250579.625,,130872.09375000001,188116.4434782609,75562.58512154862,1273400.5,,1906782,715867,15287311,295084,
2021-04-20,131346.1875,185683.90625,75652.75,1273400.5,,131346.1875,187305.5997543668,75742.92014302741,1291657.125,,129449.49165162454,185278.48287390827,74931.3888557807,1262750.75,,129449.49165162454,186494.7530021834,75111.72914183552,1270357.625,,2167732,722449,15521965,71486,
2021-04-21,125656.140625,182845.9375,74480.546875,1267314.875,,130872.05589622642,184873.05432372505,75292.07825741525,1285571.5,,125181.96650943396,181629.66740576495,74390.37672139831,1247536.875,,130872.05589622642,184467.63095898004,75111.73795021186,1262750.75,,5120577,848076,21636079,82073,
2021-04-22,126130.3203125,183251.359375,74300.1953125,1224716.125,,128501.19099506579,187305.59298949115,74841.21615215413,1258186.625,,126130.3203125,182845.9360135509,74300.1953125,1223194.625,,127552.84272203947,183656.78273644912,74751.04601221177,1249058.25,,3007457,1025922,13934746,93692,
2021-04-23,125656.140625,179197.125,74660.8828125,1235365.75,,125656.140625,182845.93523755655,74751.05296082428,1241451.375,,121862.7477004717,178791.7016402715,73578.8410326087,1209502.25,,123759.44416273585,182845.93523755655,73849.35147758153,1224716.125,,4854412,1202196,17805080,48298,
2021-04-26,124707.796875,179602.546875,75292.0625,1246015.5,,125656.14514020913,180413.39358775396,75292.0625,1249058.25,,123759.44860979088,178386.27680586907,74480.53128742515,1224716.125,,125656.14514020913,179602.546875,74751.04169161676,1232323.0,,2904879,653982,15489938,42112,
2021-04-27,128027.0078125,178386.265625,74751.03125,1227758.875,,128975.35601851852,180413.38227982956,75111.71173854041,1252101.0,,125656.13729745371,176764.57230113636,74390.35076145959,1227758.875,,126130.31140046296,180007.95894886364,75021.54161640532,1246015.5,,3394650,763634,12941533,35031,
2021-04-28,123285.2578125,179602.546875,74029.671875,1203416.625,,128026.99849759616,181224.2403005079,75021.54323995128,1233844.375,,123285.2578125,177980.8534494921,74029.671875,1203416.625,,127552.82442908654,178386.27680586907,75021.54323995128,1223194.625,,5596760,701452,15596759,48622,
2021-04-29,123285.2578125,176359.140625,73669.0,1217109.125,,126130.3022235577,179602.52711925286,74390.36107711139,1230801.625,,122336.90967548077,175953.7173132184,73488.65973072215,1209502.25,,125181.95408653846,179197.10380747126,74300.19094247246,1209502.25,,3738266,1047837,20000973,44410,
2021-04-30,121388.578125,171899.484375,73488.671875,1223194.625,,123759.4487915039,175548.2941848467,74029.69277223926,1239929.875,,119966.05572509766,171088.6377505896,73488.671875,1207980.875,,123285.27465820312,175142.8708726415,73849.35247315951,1209502.25,,3955947,1168115,18673197,43246,
2021-05-03,124707.796875,176764.578125,73669.0,1176031.75,,125656.14514020913,180413.38822391056,74300.19094247246,1223194.625,,120440.22968155894,171088.65130447247,73037.80905752754,1166903.375,,120914.40381416351,171899.49799311926,73037.80905752754,1223194.625,,4085398,1189242,15710336,70402,
2021-05-04,125181.96875,181224.21875,74480.546875,1162339.25,,125181.96875,182035.0653663311,74480.546875,1174510.375,,122336.92400568181,176359.13905201343,73759.18564618644,1133432.875,,123759.4463778409,178386.25559284116,73849.35579978813,1166903.375,,2547004,953550,12532550,64020,
2021-05-06,122336.921875,181224.21875,74210.0234375,1191245.625,,123759.44422238372,182440.48867449665,74210.0234375,1200373.875,,121388.57364341085,179197.10220917227,73669.00261049514,1144082.625,,123285.27010658915,180818.79544183446,73669.00261049514,1156253.625,,4211535,645594,17047511,61089,
2021-05-07,122811.1015625,181629.65625,73849.328125,1223194.625,,124233.62397442084,184062.1962890625,74029.6683646215,1259708.0,,120440.23087596525,179197.1162109375,73488.64764575702,1194288.375,,121388.57915057914,181224.23291015625,73759.15800518925,1194288.375,,3450323,639489,14154882,126781,
2021-05-10,123285.2578125,186089.3125,75021.546875,1241451.375,,124233.60594951923,186494.73583877998,75292.05726036658,1253622.375,,121862.73560697115,182845.92578976037,73759.1650766226,1223194.625,,124233.60594951923,183656.77246732026,74210.01571890023,1226237.5,,3067077,1117219,19385027,57419,
2021-05-11,116646.859375,183656.78125,73218.1640625,1242972.75,,120914.42740091463,185278.47468267108,74480.54620150862,1244494.125,,115698.51092479675,181224.2411009934,73127.99390971367,1218630.5,,120440.253175813,184062.20460816778,74390.37604872229,1239929.875,,9882491,852825,28996680,59611,
2021-05-12,113327.625,184467.625,72136.1171875,1302306.75,,117121.01830543934,188927.28186813186,73218.1589453125,1314477.875,,112853.45083682009,180818.81483516484,71955.77689453126,1258186.625,,116646.84414225942,183656.7782967033,72857.478359375,1274921.875,,8272196,1649500,35812268,516302,
2021-05-13,111430.921875,186089.3125,70783.5625,1317520.625,,112379.2701462766,188116.4291938998,71775.43407643313,1376854.75,,109534.2253324468,179602.5390795207,70693.3923566879,1282528.75,,110008.3994680851,181629.6557734205,71144.2430732484,1284050.125,,6042025,1593554,31490096,396733,
2021-05-14,112379.265625,185683.90625,72226.28125,1442274.375,,113801.78797468354,191359.83351528383,72406.62152777778,1442274.375,,111905.09150843881,183656.78936954148,71144.23958333333,1317520.625,,112379.265625,189738.14001091704,71234.40972222222,1370769.125,,3227201,1357407,16450920,664254,
2021-05-17,111430.921875,184062.171875,71775.4296875,1329691.75,,113801.79255319148,188521.8280217511,72947.64147887877,1417932.125,,110956.7477393617,182440.47873072687,71414.74913630653,1329691.75,,113801.79255319148,188116.40473568282,72857.4713410804,1414889.375,,3110127,875528,17740855,359108,
2021-05-18,114750.15625,187305.59375,71775.4296875,1360119.5,,115698.50464876034,188521.8638392857,72136.11023869347,1395111.375,,111430.93685433884,183251.3601190476,71324.57899850816,1331213.125,,111430.93685433884,184467.6302083333,71775.4296875,1350991.125,,3470048,1034501,17494407,262553,
2021-05-20,116172.6640625,182035.09375,71685.2578125,1355555.25,,117595.18647959184,186900.17420657017,71865.59808372642,1369247.75,,113327.61922831633,181629.67037861916,71324.57727004717,1320563.375,,114750.14164540816,185278.48072104677,71595.08767688679,1363162.25,,4600751,1190072,16541828,144804,
2021-05-21,116172.6640625,184467.625,72226.28125,1309913.75,,119017.70889668367,188927.28186813186,73488.66319444444,1350991.125,,114750.14164540816,182845.9315934066,71955.77083333333,1297742.625,,118069.36061862245,184062.20164835165,72226.28125,1349469.75,,4062695,1333704,20961714,147477,
2021-05-24,113327.625,184873.03125,71865.59375,1305349.5,,116172.66997907951,187305.57113486843,72496.78466122961,1378376.125,,112853.45083682009,183251.33799342107,71685.25348964869,1305349.5,,115698.49581589959,184467.60793585528,72226.27427070263,1338820.0,,3188734,765657,13398666,333414,
2021-05-25,116646.859375,184467.625,72045.9375,1293178.5,,116646.859375,186494.74175824175,72496.7881727159,1314477.875,,114275.98824949186,182440.50824175825,71955.76736545682,1271879.0,,115224.33669969512,186494.74175824175,72136.10763454318,1305349.5,,3258364,781950,13628942,135394,
2021-05-26,116646.859375,181224.21875,71955.78125,1270357.625,,118069.38205030488,185683.87513982103,72586.97231359649,1300785.375,,115698.51092479675,180413.37213366892,71865.61109805765,1265793.5,,117595.20782520325,184467.60521532438,72496.80216165414,1293178.5,,3015522,1088210,11984359,94216,
2021-05-27,119017.703125,178791.6875,71775.4296875,1242972.75,,119491.87724103585,181224.2274659864,72136.11023869347,1265793.5,,116646.83254482072,178386.2641723356,71324.57899850816,1226237.5,,118069.35489292828,180818.80413832198,72136.11023869347,1253622.375,,4539067,2306997,23198510,141636,
2021-05-28,118543.546875,188116.4375,72226.28125,1258186.625,,119966.0694375,188521.860856681,72496.79166666666,1268836.25,,117595.1985,180818.81707974136,71595.09027777778,1242972.75,,119966.0694375,181224.2404364224,71955.77083333333,1242972.75,,2332971,2394356,12360199,77924,
2021-05-31,120440.25,190548.96875,72586.96875,1285571.5,,120440.25,190954.39208776597,72677.13889751553,1287092.875,,117595.20472440944,186900.1587101064,71775.43742236025,1258186.625,,119491.90157480315,188927.27539893618,72406.62845496894,1259708.0,,2448074,1132711,13321324,78292,
2021-06-01,121862.75,192170.65625,72677.1328125,1265793.5,,122336.92412451362,192576.07957542193,73308.32379226116,1328170.375,,119491.8793774319,188521.84632120252,72226.2821126706,1261229.375,,120440.22762645915,190548.96294831223,72586.96267253412,1315999.25,,2819179,1027141,14058401,136601,
2021-06-02,119491.890625,192981.515625,72857.484375,1244494.125,,122336.93563988096,197035.7491465336,73398.50529857673,1271879.0,,119017.71645585318,190954.3988642332,72406.63360535272,1241451.375,,121862.76147073413,193386.93897715336,72496.80375928218,1267314.875,,2885654,1707167,16414644,83744,
2021-06-03,122336.921875,193386.921875,74660.8828125,1253622.375,,123285.27010658915,195008.61514019917,74841.22310914856,1259708.0,,119966.05129602713,191765.22860980083,73127.99029098732,1233844.375,,120440.22541182171,193386.921875,73308.33058763588,1250579.625,,3353993,1034103,29546007,57869,
2021-06-04,121862.75,195819.453125,74119.859375,1277964.625,,122336.92412451362,197035.72302018633,74570.71010112531,1281007.375,,119966.05350194553,192981.49003623187,73488.66835842458,1244494.125,,120914.40175097276,195819.453125,74570.71010112531,1246015.5,,2555891,1333789,18112259,68563,
2021-06-07,121862.75,195819.453125,73849.328125,1281007.375,,123285.27237354085,200684.53270574534,74660.8592032967,1302306.75,,121388.57587548638,195008.6065282091,73578.81776556776,1277964.625,,122811.09824902724,198251.99291537266,74570.68908348595,1296221.25,,2562918,1343895,16496197,60849,
2021-06-08,120914.4140625,197441.15625,73849.328125,1300785.375,,120914.4140625,198657.4262063655,74480.51896367522,1340341.5,,118543.54319852941,193386.92306211498,73759.15800518925,1296221.25,,120440.23988970589,195819.46297484598,74210.00860424298,1338820.0,,4194955,875362,12781226,175847,
2021-06-09,116172.6640625,194197.8125,73127.984375,1268836.25,,119491.88303571429,199062.89339770356,73939.51564426634,1309913.75,,116172.6640625,193792.38909185803,73127.984375,1268836.25,,119017.70889668367,197035.77635699374,73488.66493911837,1303828.125,,6087592,941037,14908823,77328,
2021-06-10,116646.859375,191359.84375,73037.8203125,1300785.375,,117595.20782520325,194603.23093220338,73398.5009066358,1311435.125,,114275.98824949186,191359.84375,72947.65016396606,1264272.125,,116172.68514989837,193792.38413665254,73308.33075810186,1270357.625,,4533076,1094346,17586995,88728,
2021-06-11,121388.578125,193386.921875,73037.8203125,1285571.5,,121862.75225830078,195819.46177279874,73669.01135223766,1308392.375,,117595.18505859375,192170.65192610063,72767.30986689815,1285571.5,,118069.35919189453,192576.0752424004,73218.1606095679,1308392.375,,4868608,687536,14087962,49987,
2021-06-14,120440.25,192981.515625,72586.96875,1297742.625,,120914.42421259842,194603.20903361344,72947.64934006211,1300785.375,,119017.72736220472,190548.97551207984,72586.96875,1285571.5,,120440.25,193386.93897715336,72857.47919254658,1287092.875,,2022730,561560,10550078,39638,
2021-06-15,121862.75,192170.65625,72947.6484375,1281007.375,,122811.09824902724,193792.34955168777,73218.15887669963,1293178.5,,121388.57587548638,190954.38627373418,72677.13799830037,1279486.0,,121862.75,192981.5029008439,72947.6484375,1293178.5,,1975082,471192,10075685,33632,
2021-06-16,122811.1015625,194197.8125,73759.1796875,1267314.875,,122811.1015625,197035.77635699374,73849.34983381724,1276443.25,,120440.23087596525,192170.6954592902,73127.98866327934,1265793.5,,121388.57915057914,192170.6954592902,73488.66924854829,1276443.25,,1893752,778322,14999855,46422,
2021-06-17,119966.0546875,191765.234375,72947.6484375,1267314.875,,121388.57707509882,194197.77434593023,73308.3290230995,1277964.625,,119491.88055830039,191359.81104651163,72767.30814470025,1258186.625,,120440.2288166996,193792.35101744186,73127.98873029975,1259708.0,,2123793,724881,14007385,35785,
2021-06-18,118069.3515625,190548.96875,72586.96875,1271879.0,,120914.39617846385,192981.50877659576,73127.98963509317,1277964.625,,118069.3515625,190548.96875,72586.96875,1262750.75,,120914.39617846385,192170.66210106385,73127.98963509317,1264272.125,,2506112,1036077,14916721,38997,
2021-06-21,115698.5,188927.265625,72045.9375,1299264.0,,116646.84836065574,191359.8055257511,72136.10763454318,1302306.75,,114275.97745901639,188116.4189914163,71775.42709637046,1258186.625,,114750.15163934426,189738.1122585837,71865.59723091364,1259708.0,,3275288,823355,16063340,52359,
2021-06-22,115698.5,195414.046875,72136.1171875,1287092.875,,117121.0225409836,197035.74021006224,72406.62762695312,1294699.875,,115698.5,190548.96686981327,72045.94704101562,1277964.625,,116172.67418032787,190954.39020357883,72316.45748046876,1293178.5,,2179712,1299242,11773365,43523,
2021-06-23,117595.1953125,196630.296875,72226.28125,1303828.125,,118069.36948714718,197035.72016752578,72677.13194444444,1315999.25,,115698.49861391129,193792.33382731958,72045.94097222222,1288614.25,,116172.67278855847,196224.87358247422,72586.96180555555,1291657.125,,2703658,843399,13856548,82025,
2021-06-24,119491.890625,196630.296875,73218.1640625,1300785.375,,119966.06479414683,201900.79967783505,73398.50436807267,1314477.875,,117121.01977926587,195414.02699742268,72226.29238185036,1291657.125,,117595.1939484127,197441.14346005153,72496.80284020936,1305349.5,,2646407,1494131,18771080,46459,
2021-06-25,121862.75,197035.71875,73578.828125,1291657.125,,122336.92412451362,197846.5653292181,73849.33852251839,1309913.75,,120914.40175097276,195414.02559156378,73218.1475949755,1284050.125,,121388.57587548638,197441.14203960905,73488.65799249387,1300785.375,,2531018,537893,13481405,39818,
2021-06-28,119491.890625,195414.046875,73849.328125,1282528.75,,122811.10980902778,198252.01021135892,73939.49824481075,1299264.0,,119491.890625,194603.20020746888,73578.81776556776,1282528.75,,122336.93563988096,197846.58687759336,73668.9878853785,1293178.5,,2402730,575102,11578529,31970,
2021-06-29,118543.546875,195006.9375,73361.1796875,1287092.875,,121388.592,197449.6131263048,74357.44262152778,1300785.375,,118543.546875,194599.82489561586,73180.04097222222,1276443.25,,120914.4178125,195821.16270876827,74176.30390625,1281007.375,,2211572,627915,15744317,33205,
2021-06-30,120914.4140625,195006.9375,73089.46875,1279486.0,,122811.11075367648,196228.2753131524,73723.45422862454,1293178.5,,119491.89154411765,194192.71229123173,73089.46875,1279486.0,,119966.06571691176,195414.05010438414,73451.74616635688,1287092.875,,4346027,653096,13288643,33706,
2021-07-01,118069.3515625,197042.5,72546.0546875,1300785.375,,121388.5702811245,197856.7252066116,72998.90147081773,1308392.375,,117595.17745983937,192157.14876033057,72455.48533083645,1274921.875,,120914.39617846385,194192.7117768595,72908.33211415418,1285571.5,,3336174,1031692,13382882,70166,
2021-07-02,116172.6640625,194599.84375,72455.484375,1300785.375,,117121.01234056122,198263.85754445606,72817.761796875,1308392.375,,115224.31578443878,194599.84375,72364.91501953125,1291657.125,,116172.6640625,198263.85754445606,72455.484375,1299264.0,,3983921,829518,8753097,28588,
2021-07-05,116646.859375,192157.15625,72817.7734375,1319042.0,,118069.38205030488,195414.05720338982,73180.05091728855,1332734.5,,116172.68514989837,191342.93101165254,72455.49595771144,1293178.5,,117121.03360010163,194599.83196504237,72546.06532765858,1303828.125,,1632551,861912,8330969,96268,
2021-07-06,118543.546875,192157.15625,73542.328125,1293178.5,,119491.89525,193785.6067266949,73542.328125,1315999.25,,117121.0243125,191750.0436308263,72908.3425377155,1293178.5,,117595.1985,192564.26886917374,72998.91190732758,1314477.875,,2067135,497009,12131651,46132,
2021-07-07,117121.0234375,188900.265625,73180.046875,1285571.5,,119017.72017332996,191750.0541150323,73632.89369972154,1306871.0,,116172.67506958502,188900.265625,72727.20005027846,1285571.5,,118543.54598937248,191342.94147359914,73542.32433477722,1293178.5,,2229140,1122107,15992202,41555,
2021-07-08,115224.3125,186864.6875,72364.90625,1312956.5,,117121.00900205762,189714.47576252723,73542.30772841051,1322084.75,,114750.1383744856,186457.57489106755,72364.90625,1293178.5,,117121.00900205762,188900.2505446623,73451.7383839174,1294699.875,,3165552,1241792,16660998,98383,
2021-07-09,113327.625,184014.875,71912.0703125,1303828.125,,114275.97332635983,186457.5503318584,72274.34774480478,1334255.875,,111905.10251046026,183200.64988938053,71549.79288019521,1290135.75,,114275.97332635983,185236.2126659292,72093.20902865239,1312956.5,,4823577,1137429,22720577,72744,
2021-07-12,113801.796875,187271.796875,72183.765625,1323606.25,,115698.49348958333,188900.2472826087,72455.47365119198,1323606.25,,113327.62272135416,185643.3464673913,72002.62694087203,1303828.125,,114750.14518229166,186457.57167119565,72364.90430912799,1314477.875,,2477201,529258,9768108,38302,
2021-07-13,116646.859375,187271.796875,72274.3515625,1315999.25,,117121.03360010163,188493.1346807065,72636.6290139411,1325127.625,,114750.1624745935,186457.57167119565,72274.3515625,1305349.5,,114750.1624745935,187271.796875,72455.49028822055,1323606.25,,2879072,518563,9863450,33079,
2021-07-14,117121.0234375,187271.796875,72002.6328125,1314477.875,,117595.1976214575,189307.35988451086,72093.20216194968,1320563.375,,115224.32670167004,186050.4590692935,71640.35541470126,1306871.0,,116172.67506958502,187678.90947690216,71912.06346305032,1317520.625,,2443087,582990,11575636,29344,
2021-07-15,117121.0234375,188493.171875,72998.90625,1329691.75,,117595.1976214575,189307.39723947085,72998.90625,1335777.25,,116172.67506958502,186864.72114605832,72002.64326147642,1315999.25,,117121.0234375,187271.83382829375,72274.35134925558,1317520.625,,1500981,546166,13766279,54752,
2021-07-16,115224.3125,187271.796875,72274.3515625,1367726.375,,116172.6607510288,187678.90947690216,72546.05965108082,1375333.375,,114275.9642489712,185643.3464673913,72002.64347391918,1329691.75,,115698.4866255144,187271.796875,72546.05965108082,1334255.875,,2905546,468595,10859399,153789,
2021-07-19,112853.4453125,185236.21875,71549.7890625,1393590.0,,113801.79359243698,186050.44388736263,71730.92776898734,1405761.0,,112379.27117253152,184829.10618131867,71368.65035601266,1355555.25,,112853.4453125,185643.3313186813,71640.35841574367,1370769.125,,2066638,432339,13155414,120926,
2021-07-20,112379.265625,184829.109375,71549.7890625,1389025.75,,113327.61385812236,186864.67225357928,71549.7890625,1417932.125,,111430.91739187764,183200.65907213656,71006.37294303798,1369247.75,,111430.91739187764,183607.7716478524,71096.94229628165,1390547.25,,2070074,636495,12456646,82864,
2021-07-21,110956.7578125,185643.328125,71096.9375,1370769.125,,113801.80288461539,188900.22861842107,71640.35358280255,1392068.625,,110482.58363381411,185236.2155633224,71096.9375,1347948.375,,113327.62870592948,188493.11605674343,71549.78423566879,1392068.625,,2864601,631902,12355296,81910,
2021-07-22,113327.625,186050.46875,72183.765625,1344905.625,,113801.79916317992,188493.14448851204,72274.33496706399,1382940.25,,111905.10251046026,185236.24350382932,71459.21088848809,1343384.25,,111905.10251046026,186050.46875,71549.78023055207,1366205.0,,1919233,790428,12618790,70660,
2021-07-23,112379.265625,183607.78125,71821.5078125,1358598.125,,112853.43974156117,186457.56942904656,72364.92401284678,1369247.75,,111430.91739187764,182386.44345898004,71730.93844577554,1331213.125,,112379.265625,186457.56942904656,72183.78527939785,1338820.0,,1747651,1574776,9098910,48378,
2021-07-26,110956.7578125,182793.5625,71368.65625,1360119.5,,113801.80288461539,184422.0129454343,72002.64177506346,1399675.5,,110956.7578125,182386.44988864142,71368.65625,1354033.875,,113327.62870592948,183607.78772271716,71912.0724143401,1366205.0,,1836657,719330,10040975,78523,
2021-07-27,110008.3984375,183200.65625,71096.9375,1381418.875,,112853.44322467672,184421.99395833333,71912.06162420382,1392068.625,,110008.3984375,182386.43111111113,71096.9375,1364683.625,,111905.09496228448,183607.76881944446,71730.9229299363,1372290.5,,2916330,738143,11427693,78367,
2021-07-28,108111.703125,181165.109375,71730.921875,1378376.125,,109534.22553453947,183200.67240168538,71730.921875,1395111.375,,106689.18071546052,179943.77155898878,70734.65907118055,1364683.625,,109060.0513980263,183200.67240168538,70915.79776278409,1364683.625,,6033084,886854,12743417,103380,
2021-07-29,108111.703125,180758.0,71549.7890625,1385983.0,,109534.22553453947,182386.45045045044,71912.06647547468,1399675.5,,107163.35485197368,180758.0,71368.65035601266,1373812.0,,109060.0513980263,181572.22522522524,71368.65035601266,1387504.375,,3054699,496679,14360453,54140,
2021-07-30,106689.171875,177501.09375,71096.9375,1354033.875,,108111.69416666667,180757.9945527523,71459.21488853503,1389025.75,,106689.171875,177501.09375,71096.9375,1352512.5,,108111.69416666667,180757.9945527523,71459.21488853503,1389025.75,,2888566,909716,13823411,62227,
2021-08-02,110008.3984375,179129.546875,71821.5078125,1389025.75,,110956.74669989223,179536.6594815341,72002.64654594893,1392068.625,,107163.35365032328,176686.87123579546,71278.09161215322,1361640.875,,107637.5277815194,177501.09644886365,71730.93844577554,1366205.0,,4276730,676544,11739124,50570,
2021-08-03,113801.796875,181979.34375,73723.453125,1382940.25,,114275.97102864583,181979.34375,73723.453125,1395111.375,,110956.751953125,177501.1048657718,71821.49671759827,1373812.0,,111905.10026041666,178315.33011744966,71912.0660703317,1389025.75,,4396423,775231,24339360,40469,
2021-08-04,114750.15625,183200.65625,75081.9765625,1373812.0,,116646.85304752066,183200.65625,75263.115227307,1389025.75,,114275.98205061984,181165.0934027778,74085.71390606152,1357076.75,,115698.50464876034,182386.43111111113,74447.99123567551,1384461.625,,4162635,542319,25642368,53790,
2021-08-05,113801.796875,181572.234375,74357.4375,1387504.375,,115224.3193359375,182793.57227438342,75444.26971680876,1427060.5,,111905.10026041666,181165.1217418722,74266.86814859927,1379897.5,,114750.14518229166,181572.234375,75444.26971680876,1381418.875,,3491584,470741,18485469,122601,
2021-08-06,111905.1015625,181165.109375,73814.0234375,1398154.125,,113327.6240399894,183200.67240168538,74719.71697661043,1413368.0,,111430.92740333687,181165.109375,73632.88472967791,1393590.0,,112853.44988082627,182793.55979634833,74176.30085314417,1410325.25,,2209875,384056,13342623,59777,
2021-08-09,110008.3984375,179943.75,73814.0234375,1382940.25,,111905.09496228448,181165.08766968327,74538.57826878835,1398154.125,,110008.3984375,179129.52488687783,73270.60731403374,1378376.125,,111430.92083108836,179536.6374434389,73814.0234375,1393590.0,,2755724,582236,15522581,42065,
2021-08-10,106689.171875,178315.3125,72636.625,1440753.0,,109534.21645833332,179943.76284246577,74629.15087281796,1497044.25,,106214.99777777777,177908.19991438356,72546.05564214464,1392068.625,,109060.0423611111,179536.65025684933,74538.5815149626,1399675.5,,5420223,497715,20362639,344174,
2021-08-11,100050.734375,177908.203125,71096.9375,1483351.75,,104318.30124407582,179536.65349685357,72274.33901273886,1490958.75,,99576.56027843601,177501.09053203661,71096.9375,1434667.375,,103369.95305094786,178315.31571796339,72093.20031847134,1455966.75,,13715267,490442,30241137,182342,
2021-08-12,95309.0,178315.3125,69738.3984375,1478787.625,,98628.21890547263,182386.43835616438,70825.23062094157,1501608.375,,94645.15621890547,178315.3125,69647.82908887988,1452924.0,,96731.5223880597,179129.5376712329,69828.96778612013,1469659.25,,19150647,862826,42365223,99909,
2021-08-13,96257.34375,176686.875,67383.59375,1495522.875,,96257.34375,180350.88853686638,68832.70329301075,1506172.5,,93791.63839285714,174244.19930875578,67111.88571068548,1469659.25,,94455.48214285714,180350.88853686638,68651.5646001344,1487915.875,,11622957,864375,61270643,96876,
2021-08-17,96257.34375,173429.96875,67202.4609375,1539643.0,,98154.04017857142,176686.86957159624,68017.58512676887,1551814.125,,95308.99553571428,171801.5183392019,67021.32222877358,1506172.5,,95783.16964285714,175872.6443661972,67021.32222877358,1512258.125,,7851717,863610,30944847,212033,
2021-08-18,98628.2109375,173022.875,66930.75,1510736.75,,100050.73321063703,174244.2129411765,67564.73545331528,1592891.625,,96257.34048227164,170173.08647058826,66206.19519621109,1497044.25,,97679.86275540866,171801.53705882354,66930.75,1547250.0,,8047599,671920,29192631,156064,
2021-08-19,97205.6875,168137.515625,66206.21875,1483351.75,,100050.73201219512,173022.86716858353,67383.6207250342,1527472.0,,96257.33932926829,166916.1777391041,66206.21875,1478787.625,,97679.86158536586,173022.86716858353,66568.49628077976,1497044.25,,6161038,1180734,22166298,95922,
2021-08-20,97205.6875,164066.390625,65843.9140625,1500087.0,,99102.38384146341,169358.85483870967,66930.74620658529,1527472.0,,96731.51341463414,162845.05272952854,65662.77537181912,1484873.125,,98628.20975609755,168544.62957506205,66568.46882522352,1492480.125,,4719139,1310974,22364803,95470,
2021-08-23,97679.8671875,166101.9375,66387.328125,1535078.875,,99576.56363774271,167730.38786764705,67021.31352319237,1542685.875,,97679.8671875,164066.37454044117,66115.62009720328,1507694.0,,99102.38952518204,165287.71231617648,66387.328125,1513779.5,,4515699,848219,19384648,86923,
2021-08-24,99576.5546875,170580.171875,68470.4296875,1454445.375,,100050.72875744048,171801.50962112172,68560.99903893849,1542685.875,,98628.20654761905,167730.383800716,66930.75071304564,1437710.125,,99102.38061755952,167730.383800716,66930.75071304564,1541164.5,,4454743,745430,21016913,210130,
2021-08-25,98154.03125,170580.171875,68561.0,1465095.125,,100524.90157004831,173022.84736724343,69376.12417437253,1477266.25,,97205.68312198068,168951.7215468377,67836.44517833553,1422496.25,,100524.90157004831,170987.28445704057,69013.84676354029,1465095.125,,3194555,477019,22319664,130764,
2021-08-26,98628.2109375,170987.296875,67564.75,1451402.625,,100999.08139272837,172615.74732142856,69013.85991957104,1468137.875,,98154.03684645433,169358.8464285714,67564.75,1439231.5,,100524.9073016827,170580.18426339285,68923.29054959786,1466616.5,,3694741,417323,16671494,65781,
2021-08-27,98154.03125,169765.953125,67293.0390625,1440753.0,,99102.37937801932,170580.17831984413,67927.02462567294,1451402.625,,95783.16092995169,166916.16494304556,66840.19223166218,1434667.375,,98154.03125,170173.06572242206,67293.0390625,1440753.0,,3507782,502218,15172748,49477,
2021-08-30,98154.03125,170987.296875,67564.75,1440753.0,,100050.72750603865,173022.8599330357,68379.87432975872,1451402.625,,98154.03125,170987.296875,67202.47252010724,1416410.75,,99576.55344202899,171801.52209821428,68289.30495978553,1448359.875,,1815758,409963,12686999,56114,
2021-08-31,100999.078125,173022.875,69466.6875,1468137.875,,100999.078125,173022.875,69466.6875,1468137.875,,96731.51144366198,169358.8611764706,67293.02322359844,1428581.875,,98154.03367077465,170987.3117647059,67836.43929269882,1431624.625,,4979276,777103,24630370,84685,
2021-09-01,102421.6015625,175058.421875,69557.265625,1463573.75,,102421.6015625,177908.21013808137,69828.97369384766,1474223.5,,99102.3829933449,173837.0840479651,68742.14141845703,1454445.375,,100524.90523726851,174244.19665697674,69466.69626871745,1469659.25,,4736183,855937,16114775,44456,
2021-09-02,100999.078125,172208.65625,68832.6953125,1442274.375,,102895.77442781691,175058.44488770684,69557.25,1463573.75,,100524.90404929577,170987.31826241134,68560.9873046875,1442274.375,,102421.60035211268,174244.21956264775,69557.25,1463573.75,,2724565,656283,15347486,37465,
2021-09-03,101473.25,174651.34375,69376.140625,1446838.5,,101947.42406542056,175465.56912878787,69466.70999918407,1462052.375,,100524.90186915887,172615.7803030303,68832.72437989556,1442274.375,,100999.07593457944,173430.00568181818,69195.00187663185,1443795.75,,2513486,739961,12096419,35169,
2021-09-06,100524.8984375,175058.421875,70010.1015625,1451402.625,,101473.24653596697,175872.64709302323,70281.80958926262,1459009.625,,99576.55033903301,173837.0840479651,69376.11616672057,1440753.0,,100999.07248673348,174651.30926598836,69557.25485122898,1448359.875,,1888595,389587,12861180,25302,
2021-09-07,99102.390625,173022.875,68923.2734375,1445317.125,,100524.9129784689,174651.3255882353,69828.96691236859,1449881.25,,98628.21650717704,172208.64970588236,68742.13474252628,1439231.5,,100050.73886064594,174651.3255882353,69828.96691236859,1445317.125,,2547667,434105,13239401,25312,
2021-09-08,100524.8984375,173429.96875,69104.421875,1416410.75,,101947.42058520047,174651.3065580986,69194.99123525557,1445317.125,,98154.02819133255,170987.29313380283,68470.43635321101,1414889.375,,98628.20224056604,171394.40573650235,68832.71379423329,1437710.125,,2891267,593084,11798147,45339,
2021-09-09,97679.8671875,169765.953125,68198.7265625,1389025.75,,100524.91186286407,173022.8539043765,69376.12821630147,1414889.375,,97679.8671875,169358.84052757794,67927.01848854581,1382940.25,,99576.56363774271,173022.8539043765,69194.98950033201,1407282.5,,3233011,780270,17600770,68041,
2021-09-10,99576.5546875,168137.515625,68198.7265625,1407282.5,,100050.72875744048,170580.19139679175,68470.43463645419,1422496.25,,97679.8584077381,166101.95248184018,67745.87977257636,1398154.125,,98154.03247767857,169765.96613952782,68198.7265625,1398154.125,,1999369,678308,10103212,39278,
2021-09-13,100999.078125,166916.1875,69104.421875,1389025.75,,101473.25220070423,168137.52545731707,69104.421875,1413368.0,,98628.20774647887,166101.96219512195,68017.58955193315,1381418.875,,99576.55589788733,168137.52545731707,68108.15891218872,1399675.5,,1923344,590609,11397775,30070,
2021-09-14,101947.4296875,170173.0625,69376.140625,1389025.75,,102895.77787063953,172208.6254485646,70372.4037410248,1398154.125,,100999.08150436047,167730.38696172248,69376.140625,1384461.625,,101947.4296875,168137.4995514354,69828.98749592036,1393590.0,,2463248,721080,18167057,36305,
2021-09-15,101947.4296875,170580.171875,69738.3984375,1424017.75,,101947.4296875,172208.6222031623,70100.67583198052,1430103.25,,100050.73332122092,169358.83412887828,69194.98234577922,1392068.625,,101947.4296875,169358.83412887828,70100.67583198052,1398154.125,,2933797,472855,12829128,50457,
2021-09-16,98628.2109375,169358.828125,68923.2734375,1393590.0,,101947.42957481972,171801.50353064906,70100.67495482917,1433146.0,,98628.2109375,168137.4904221755,68923.2734375,1393590.0,,101473.25548377405,170987.27839543272,70010.10560734231,1424017.75,,3602821,416275,13067622,36714,
2021-09-17,101473.25,170173.0625,69919.53125,1419453.5,,101947.42406542056,170987.28767942582,69919.53125,1419453.5,,98628.20560747663,168544.6121411483,68742.12981703368,1390547.25,,99102.3796728972,169358.83732057415,69104.40718102331,1395111.375,,3386517,698398,16289502,46817,
2021-09-23,100050.734375,169765.953125,70100.6796875,1399675.5,,101473.25666469194,170173.06572242206,70281.81839470284,1428581.875,,99576.56027843601,166509.0523456235,69557.26356589147,1398154.125,,100050.734375,166916.16494304556,70191.24904110142,1398154.125,,2493313,525020,17055590,32886,
2021-09-24,98628.2109375,168544.609375,70010.1015625,1402718.25,,100999.08139272837,171394.3974562198,70372.37893151683,1408803.875,,98628.2109375,167730.3842089372,69828.9628779916,1392068.625,,100524.9073016827,170580.172290157,70281.80958926262,1401196.875,,2236954,413926,12247274,30817,
2021-09-27,99102.390625,166101.9375,70372.390625,1399675.5,,100050.73886064594,167730.38786764705,70372.390625,1422496.25,,98154.04238935407,165694.82490808822,69738.40512387388,1395111.375,,98628.21650717704,166916.16268382352,70010.11319578507,1407282.5,,1839358,584898,11699798,33605,
2021-09-28,98154.03125,164066.390625,69104.421875,1325127.625,,100050.72750603865,166101.9537841191,70462.96227883355,1389025.75,,97679.85718599033,163252.16536135235,69013.85251474443,1322084.75,,99576.55344202899,166101.9537841191,70372.39291857799,1389025.75,,2951945,719631,15406382,117725,
2021-09-29,94834.828125,164066.390625,67430.921875,1329691.75,,96731.5246875,164473.50325682384,68522.92060981781,1335777.25,,94550.323640625,160809.48957040944,67157.92219129555,1291657.125,,95783.17640625,160809.48957040944,68067.92113697706,1299264.0,,6353977,934463,23992458,67160,
2021-09-30,97679.8671875,162845.015625,67430.921875,1329691.75,,98154.04130006068,163659.240703125,68067.92113697706,1341862.875,,94455.48322208738,162030.790546875,67066.9222967274,1317520.625,,94739.98768962378,162845.015625,67612.9216641363,1319042.0,,3910557,594666,19919361,38912,
2021-10-01,94834.828125,157552.59375,66611.9375,1331213.125,,97205.69882812501,162030.83284883722,67339.9368169399,1343384.25,,94834.828125,156331.2558139535,66338.93775614754,1323606.25,,96731.5246875,161216.60755813954,67248.93690232241,1326649.0,,2681124,1182422,15803395,35078,
2021-10-05,92843.2890625,157552.59375,65701.921875,1235365.75,,94360.64618711696,158773.93168604653,66429.92100934903,1306871.0,,92179.44532048008,153888.5799418605,64973.92274065097,1227758.875,,93791.6372653856,155517.03052325582,66429.92100934903,1291657.125,,3244145,1056472,24013921,112271,
2021-10-06,91515.6171875,157959.703125,64882.90234375,1203416.625,,93601.98358970207,160809.49158344071,66247.90028927069,1252101.0,,90851.77333225388,156738.3652142397,64791.90248071529,1191245.625,,93317.47908031088,158773.9283988402,66065.90056320126,1244494.125,,2816951,913916,18956962,91738,
2021-10-07,90756.9375,163659.234375,65155.91796875,1239929.875,,91800.12068965517,165287.68446828358,65610.91739590607,1253622.375,,90093.09365203761,158366.77157182837,64882.91831245636,1214066.375,,91325.94651253919,158366.77157182837,65155.91796875,1214066.375,,3834957,1066226,13683532,52458,
2021-10-08,89144.734375,166916.1875,65064.92578125,1262750.75,,91325.93532247341,168137.52545731707,65883.92484702797,1262750.75,,88670.56025598405,164880.62423780488,65064.92578125,1235365.75,,91231.10049867022,165694.84954268293,65792.92495083042,1259708.0,,4098832,993219,14043287,39769,
2021-10-12,86773.859375,166509.046875,62789.9296875,1268836.25,,88101.54684084699,168137.49721118584,64518.92775135869,1284050.125,,86110.0156420765,164473.48395476773,62516.92999320652,1249058.25,,87627.37274590164,166916.15945904647,64336.92795516304,1277964.625,,4728215,820163,31001484,54798,
2021-10-13,87248.03125,171801.53125,62607.93359375,1261229.375,,88670.5534986413,172208.64388329384,63335.932821584305,1279486.0,,85825.50900135869,168137.51755035543,62152.93407635356,1261229.375,,86204.84826766304,168137.51755035543,62516.933690270715,1268836.25,,3045438,1169924,24172015,29528,
2021-10-14,88955.0546875,170173.0625,63153.93359375,1306871.0,,89618.89837919777,172615.73803827752,63517.93321100504,1306871.0,,87342.86286480544,169358.83732057415,62607.93416786743,1270357.625,,87627.36730410448,172208.6254485646,62789.933976494955,1279486.0,,2414639,863110,19520641,40052,
2021-10-15,93317.484375,169765.953125,63790.92578125,1322084.75,,93412.31921684451,172208.62870953238,64609.92482837019,1325127.625,,90756.94364519817,169358.84052757794,63699.92588712554,1300785.375,,91041.4481707317,171394.40351468825,63881.92567537447,1314477.875,,4229748,530328,18051612,41464,
2021-10-18,92084.609375,170580.171875,63881.9375,1305349.5,,93222.62720455715,171394.39703908114,63972.93741096866,1334255.875,,91705.27009848095,166916.15863663485,62971.93839031339,1305349.5,,93222.62720455715,169358.83412887828,63881.9375,1332734.5,,2111399,607227,13486391,29747,
2021-10-19,92653.640625,170173.0625,64245.921875,1320563.375,,93507.1542029171,172615.73803827752,64609.92143236544,1325127.625,,92084.63157305527,169358.83732057415,64063.92209631728,1306871.0,,93507.1542029171,171394.40026913874,64427.92165368272,1323606.25,,1400175,428739,9507991,19858,
2021-10-20,92843.2890625,170173.0625,63972.921875,1331213.125,,93507.13280451992,171801.51285885167,64609.92109708393,1349469.75,,92179.44532048008,169358.83732057415,63881.921986130874,1320563.375,,93127.79352336568,170987.28767942582,64336.921430476534,1323606.25,,2010529,472664,10151638,28295,
2021-10-21,91325.9453125,168951.71875,63881.9375,1320563.375,,93222.64199604103,171801.50677710844,64245.937143874646,1334255.875,,91136.2756441459,167730.3810240964,63699.93767806268,1309913.75,,92274.29365427051,170580.1690512048,63972.93741096866,1331213.125,,2152221,775441,10891094,25577,
2021-10-22,93412.3125,168951.71875,64063.9296875,1338820.0,,94076.15634517767,170580.1690512048,64336.929387872864,1343384.25,,90567.26744923858,167730.3810240964,63699.93008700284,1319042.0,,90567.26744923858,168544.6061746988,63699.93008700284,1320563.375,,1962833,362676,8395448,28349,
2021-10-25,94834.828125,171801.53125,63881.9375,1334255.875,,96257.35054687501,172615.75651658766,64245.937143874646,1337298.625,,93222.636046875,167730.4049170616,63244.93812321937,1309913.75,,94360.653984375,168951.74281694312,63608.937767094016,1334255.875,,2950459,649860,10029621,26097,
2021-10-26,96731.515625,173837.109375,64700.921875,1337298.625,,98154.03791360294,174651.33471165106,65064.9214354782,1352512.5,,95783.16743259804,170173.09536007026,64063.922644163154,1323606.25,,96257.34152879902,173429.9967066745,64245.92242440225,1335777.25,,3458645,782736,10528252,33593,
2021-10-27,96257.34375,173837.109375,63790.92578125,1366205.0,,98628.21428571428,175058.4473799766,64609.92482837019,1381418.875,,96257.34375,173022.88403834894,63699.92588712554,1358598.125,,97679.86607142857,174651.33471165106,64609.92482837019,1361640.875,,2859255,606729,10295316,57740,
2021-10-28,100999.078125,170987.296875,64336.93359375,1347948.375,,101947.42627640846,174244.19776785714,65701.93218484794,1381418.875,,96257.33736795775,170580.18426339285,63244.934720871635,1347948.375,,96731.51144366198,173429.97254464286,63244.934720871635,1381418.875,,6329703,633732,20644902,50129,
2021-10-29,97679.8671875,169358.828125,63517.9296875,1325127.625,,102895.78242566746,173022.84123347356,65155.92787428367,1367726.375,,97679.8671875,168137.4904221755,63426.929788234236,1317520.625,,101473.26008798543,172208.61609825722,64791.92827722063,1363162.25,,4007223,667275,17016151,36429,
2021-11-01,100999.078125,169358.828125,63608.9296875,1329691.75,,101473.25220070423,170580.16582782453,64245.9289833691,1343384.25,,97205.6855193662,168544.60298978366,63608.9296875,1323606.25,,98154.03367077465,169358.828125,63881.929385729614,1334255.875,,3118661,395091,11503729,25928,
2021-11-02,101947.4296875,170987.296875,65064.92578125,1329691.75,,102895.77787063953,172208.63470982143,65701.92505463287,1343384.25,,100999.08150436047,168951.7338169643,64336.92661166958,1320563.375,,101473.25559593023,169358.8464285714,64427.92650786713,1320563.375,,2892292,417645,16812570,23928,
2021-11-03,100050.734375,169765.953125,64063.9296875,1329691.75,,103369.95305094786,172615.74130695444,65246.92838911576,1338820.0,,99102.38618187203,168544.6153327338,63790.92998712713,1311435.125,,102895.77895438389,171801.51611211032,65246.92838911576,1332734.5,,3116506,476081,12770428,24933,
2021-11-04,100524.8984375,174244.203125,64245.921875,1315999.25,,102421.59463443396,175872.65362149532,65155.9207684136,1352512.5,,100050.7243882665,170987.30213200932,64154.92198565864,1314477.875,,101473.24653596697,171801.527380257,64791.92121104816,1341862.875,,2059242,1122870,11818987,30173,
2021-11-05,101473.25,175058.421875,63881.9375,1314477.875,,102895.77219626168,176686.8723110465,65155.93625356125,1328170.375,,100050.72780373831,174244.19665697674,63881.9375,1293178.5,,102421.59813084111,176279.75970203488,65155.93625356125,1315999.25,,2523345,686779,12667743,32199,
2021-11-08,101947.4296875,175058.421875,64245.921875,1252101.0,,102421.60377906976,176279.75970203488,64245.921875,1299264.0,,98628.21104651163,173022.85882994186,63517.922760269124,1229280.25,,101473.25559593023,174651.30926598836,64063.92209631728,1293178.5,,2212348,532328,11121981,63753,
2021-11-09,103369.953125,173429.96875,64154.92578125,1256665.125,,104318.30131880734,176686.86957159624,64609.92525487589,1271879.0,,101947.430834289,172615.74354460093,63790.92620234929,1247536.875,,102421.60493119266,175872.6443661972,63972.925991799646,1249058.25,,3440686,620316,11159589,25743,
2021-11-10,102895.78125,169765.953125,63881.9375,1247536.875,,103844.12946428571,172208.62870953238,64518.93687678063,1271879.0,,101947.43303571428,168137.50273531175,63881.9375,1238408.5,,102895.78125,171801.51611211032,63972.93741096866,1249058.25,,2361295,680033,9422009,37524,
2021-11-11,101947.4296875,166916.1875,63608.9296875,1246015.5,,102421.60377906976,168137.52545731707,63699.92958690987,1247536.875,,100050.73332122092,165694.84954268293,63335.929989270386,1233844.375,,101947.4296875,167323.300152439,63608.9296875,1236887.125,,2731498,710080,11489122,25874,
2021-11-12,100999.078125,169358.828125,64245.921875,1267314.875,,103844.12257922535,170580.16582782453,64518.92154302408,1284050.125,,100050.72997359156,166916.15271935097,63608.92264961048,1247536.875,,103369.94850352113,166916.15271935097,63881.92231763456,1247536.875,,1786165,415172,10087450,30516,
2021-11-15,105266.6640625,170173.0625,64973.9375,1314477.875,,105740.8382249437,170987.28767942582,65428.937062324934,1328170.375,,102421.61908783784,168544.6121411483,64518.93793767507,1277964.625,,102895.79325028154,169358.83732057415,65246.93723739496,1285571.5,,4701568,377424,12420710,50354,
2021-11-16,106215.0234375,168137.515625,64882.90234375,1326649.0,,107163.3718610491,169358.85351089586,65519.90138499298,1331213.125,,103369.97816685267,166916.1777391041,64882.90234375,1294699.875,,105266.67501395088,169358.85351089586,65064.90206981942,1317520.625,,3767311,515194,10919239,30058,
2021-11-17,104792.484375,168544.609375,64336.93359375,1293178.5,,107163.35506221719,170173.0597071256,65155.93274840877,1325127.625,,104318.31023755655,165287.7087107488,64245.9336876768,1285571.5,,107163.35506221719,168137.4967919686,64882.933030189175,1320563.375,,3062491,715192,11027606,32839,
2021-11-18,104318.296875,166916.1875,63881.9375,1279486.0,,105266.6450284091,168137.52545731707,64609.936787749284,1294699.875,,103369.94872159092,166101.96219512195,63881.9375,1268836.25,,104318.296875,167323.300152439,64336.93705484331,1285571.5,,1928891,562783,10144957,25882,
2021-11-19,105740.8359375,170580.171875,64791.9296875,1357076.75,,106689.1842418722,173022.84736724343,64973.92948999298,1357076.75,,104318.31348094171,169358.83412887828,63790.93077378863,1293178.5,,104318.31348094171,172208.6222031623,64063.93047752809,1299264.0,,2324668,829314,11954728,73406,
2021-11-22,113327.625,177908.203125,68158.9375,1332734.5,,114750.14748953976,179129.54090389019,68431.93724966623,1363162.25,,110008.4058577406,168951.7260798055,66429.93908544726,1328170.375,,110482.5800209205,170580.17645165906,66702.93883511348,1344905.625,,9786492,1620439,27506623,45630,
2021-11-23,112853.4453125,175058.421875,68522.9296875,1300785.375,,114750.14187237395,178722.43535610463,69159.92903386454,1334255.875,,111430.92289259454,173837.0840479651,67794.93043451196,1296221.25,,113327.61945246848,178315.322747093,69159.92903386454,1322084.75,,4847270,818782,22029195,39381,
2021-11-24,113327.625,172615.734375,68067.9296875,1291657.125,,116172.66997907951,175872.6350235849,69341.92837149065,1315999.25,,111905.10251046026,171801.50921285377,67430.93034550468,1288614.25,,114275.97332635983,175465.5224425118,69159.92855949198,1294699.875,,4001111,652274,15652305,27474,
2021-11-25,111430.921875,170987.296875,67066.9453125,1288614.25,,114750.14082446808,173022.8599330357,68340.94427366012,1300785.375,,110956.7477393617,170987.296875,66975.94538670285,1285571.5,,114275.96668882978,173022.8599330357,68340.94427366012,1285571.5,,3339835,414037,12559258,16314,
2021-11-26,109534.21875,167323.28125,65792.9296875,1323606.25,,112379.26339285714,170987.2947080292,67430.92793698133,1344905.625,,107163.34821428571,166101.94343065692,65519.92997925312,1281007.375,,110482.56696428571,170580.1821015815,66884.92852048755,1284050.125,,4337936,901184,13002242,46902,
2021-11-29,110008.3984375,163252.140625,65792.9296875,1344905.625,,112379.2690934806,165694.81604582295,66429.92900674274,1399675.5,,107163.35365032328,162437.9154847257,64973.930562759335,1332734.5,,107163.35365032328,162437.9154847257,65246.930271006226,1350991.125,,4412863,901640,16682559,74687,
2021-11-30,108111.703125,159181.03125,64882.90234375,1352512.5,,112853.44449013157,165694.83304028134,67248.89878265253,1376854.75,,106689.18071546052,158366.80602621485,64154.9034394723,1344905.625,,111905.09621710525,164473.4952046036,66611.89974140954,1349469.75,,7449608,1313581,30364841,78476,
2021-12-01,110482.5703125,163659.234375,67703.921875,1355555.25,,111430.91855552574,164473.4594216418,68067.92145497313,1392068.625,,106215.00321888411,159995.22166511195,65155.92481518818,1347948.375,,108585.8738264485,161623.67175839553,65519.924395161295,1354033.875,,4214135,741594,21954856,62705,
2021-12-02,113801.796875,167323.28125,68977.90625,1357076.75,,114275.97102864583,167730.39385644768,68977.90625,1363162.25,,109060.05533854166,161216.59215328467,67157.90872361478,1315999.25,,109534.2294921875,161623.70475973235,67248.90859993405,1347948.375,,6980518,782923,23652940,39266,
2021-12-03,111905.1015625,167730.421875,68795.9296875,1369247.75,,113327.6240399894,169358.87257281554,69159.92931547618,1375333.375,,109534.23076668433,166509.08385163834,67430.93108258929,1326649.0,,112853.44988082627,167323.30920054612,68795.9296875,1332734.5,,4567843,514358,18330240,38520,
2021-12-06,112379.265625,168137.515625,69432.9296875,1370769.125,,112853.43974156117,169358.85351089586,69796.92931888925,1382940.25,,109534.22092563291,164880.6145959443,68158.93097763762,1346427.0,,110008.39504219408,166509.06511047215,68340.93079333224,1370769.125,,4318893,503652,16391250,30875,
2021-12-07,115224.3125,168951.71875,70433.9296875,1334255.875,,116172.6607510288,169358.8313253012,70706.92941497093,1357076.75,,111905.09362139918,166101.93072289156,68795.93132267441,1291657.125,,112853.44187242798,167730.3810240964,69250.9308684593,1347948.375,,5112025,501624,19232453,61591,
2021-12-08,113801.796875,168951.71875,70433.9296875,1390547.25,,118543.53841145833,171801.50677710844,71525.92859738372,1399675.5,,113327.62272135416,168544.6061746988,70160.92996002907,1341862.875,,117595.19010416666,170987.281626506,71252.9288699128,1343384.25,,6168137,502904,21558340,91576,
2021-12-09,117121.0234375,168544.609375,71161.921875,1393590.0,,117121.0234375,170987.28487318842,71161.921875,1398154.125,,112853.4557818826,168137.4967919686,70069.9230738491,1369247.75,,114275.97833375506,168544.609375,70433.92267423273,1390547.25,,5631833,775215,21604528,63498,
2021-12-10,114275.96875,168951.71875,69978.9140625,1370769.125,,115224.31703838175,170580.1690512048,70615.91328023406,1393590.0,,113327.62046161827,167323.2684487952,69887.91417425228,1370769.125,,114275.96875,168544.6061746988,70433.91350373861,1379897.5,,2512642,443350,9155219,25979,
2021-12-13,115224.3125,170173.0625,69887.9296875,1326649.0,,117595.18312757202,174244.18839712918,71252.92831420898,1384461.625,,114750.1383744856,170173.0625,69614.9299621582,1325127.625,,114750.1383744856,170987.28767942582,70251.92932128906,1379897.5,,3329176,877690,15038750,51401,
2021-12-14,114750.15625,171801.53125,70069.921875,1354033.875,,116646.85304752066,172615.75651658766,70251.92167207792,1361640.875,,113801.80785123968,168951.74281694312,69341.92268668831,1326649.0,,114275.98205061984,169358.85545023697,69614.9223823052,1347948.375,,2201003,499536,10976660,49237,
2021-12-15,117121.0234375,170173.0625,70615.9296875,1375333.375,,117121.0234375,172208.6254485646,70615.9296875,1387504.375,,113801.80414979758,169765.94991028708,69432.93086541559,1361640.875,,113801.80414979758,171394.40026913874,69523.93077480671,1367726.375,,2681332,436219,9584939,52222,
2021-12-16,117595.1953125,170580.171875,70797.921875,1457488.25,,119017.71783644153,172615.73478520286,71434.92117207583,1459009.625,,116172.67278855847,169358.83412887828,70433.92227667096,1395111.375,,118543.54366179436,172208.6222031623,71434.92117207583,1395111.375,,3869086,457620,11996128,187591,
2021-12-17,115698.5,170580.171875,70979.9296875,1452924.0,,116646.84836065574,172208.6222031623,70979.9296875,1471180.625,,114275.97745901639,169358.83412887828,69887.93076923078,1434667.375,,114275.97745901639,169765.94671091886,69887.93076923078,1449881.25,,3850444,623863,13108479,92131,
2021-12-20,114275.96875,166916.1875,70160.921875,1422496.25,,117121.01361514523,170580.20137195123,70797.9211656939,1463573.75,,114275.96875,166509.074847561,69887.92217898833,1414889.375,,115224.31703838175,170173.0887195122,70615.92136835279,1462052.375,,2846815,542620,11264375,42630,
2021-12-21,118069.3515625,166916.1875,71070.9140625,1413368.0,,118069.3515625,168951.75076219512,71252.91384242957,1437710.125,,116172.65515185743,166101.96219512195,70524.91472271127,1405761.0,,117595.17745983937,167730.41280487805,70888.91428257042,1424017.75,,3678590,548609,14245298,31774,
2021-12-22,120440.25,168137.515625,72253.9375,1370769.125,,121862.77263779528,170580.19139679175,72253.9375,1407282.5,,119491.90157480315,167323.29036773607,71707.9379722922,1366205.0,,120914.42421259842,168544.62825363196,71798.93789357683,1392068.625,,3817689,480545,17105892,52868,
2021-12-23,120914.4140625,170173.0625,72708.9140625,1363162.25,,122336.93658088236,170173.0625,72799.91395494368,1376854.75,,119966.06571691176,168544.6121411483,72162.91470783792,1341862.875,,122336.93658088236,169358.83732057415,72617.91417005632,1370769.125,,2398358,372738,13577498,44871,
2021-12-24,121388.578125,175465.546875,73254.9296875,1346427.0,,123285.27465820312,176279.77215052204,73527.92942546583,1373812.0,,121388.578125,171394.42049738977,72981.92994953415,1346427.0,,122336.92639160156,171394.42049738977,72981.92994953415,1363162.25,,2462683,1024355,12086380,32486,
2021-12-27,119491.890625,173837.109375,72981.921875,1347948.375,,122336.93563988096,176686.8980532787,73345.92148534913,1364683.625,,119491.890625,173837.109375,72617.92226465087,1346427.0,,121862.76147073413,176279.78538495317,73345.92148534913,1346427.0,,2684135,530039,10783368,37587,
2021-12-28,120914.4140625,174244.203125,73072.9140625,1355555.25,,121388.58823529413,175058.42837324765,73163.91395547945,1358598.125,,118069.3690257353,172208.64000438084,72526.91470462328,1343384.25,,119966.06571691176,175058.42837324765,72981.91416952055,1355555.25,,4086063,880326,18226325,59704,
2021-12-29,121912.7578125,175903.65625,72031.75,1354033.875,,123352.67227485236,178392.858932783,73311.5019035533,1376854.75,,120472.84335014764,175488.78913620283,71757.51744923858,1344905.625,,122392.72929995078,176733.39047759434,73311.5019035533,1367726.375,,3832154,659392,19794795,47036,
2021-12-30,125752.515625,173414.46875,71574.703125,1373812.0,,128152.37279341603,175903.6716507177,72671.63344109195,1459009.625,,124792.57275763359,172999.60159988038,71391.88140565134,1363162.25,,125752.515625,175488.80450059808,72123.16828304598,1459009.625,,5172987,581448,14236700,113716,
2022-01-04,123352.6484375,174244.203125,71940.328125,1350991.125,,124792.56262159532,176318.5388764881,72397.38230622618,1385983.0,,122392.70564810312,172999.60167410714,71574.68478001906,1346427.0,,124312.59122689688,176318.5388764881,72031.73896124524,1372290.5,,3622369,499857,12427416,46733,
2022-01-05,120472.828125,177148.265625,70752.0,1309913.75,,123832.62811254979,180467.20268588993,72214.57364341085,1341862.875,,116633.05671065737,175903.66422716627,69837.89147286821,1297742.625,,123832.62811254979,177563.13275761122,72031.75193798449,1340341.5,,7414954,1175411,25470640,63638,
2022-01-06,119992.8671875,177563.140625,70294.9375,1274921.875,,121912.7530625,179637.47637996497,70934.8133940182,1317520.625,,118072.98131250001,174244.20341705607,70020.7049739922,1270357.625,,118552.95278125,174244.20341705607,70112.1158159948,1309913.75,,3725569,866582,12931954,53912,
2022-01-07,121912.7578125,178392.890625,71574.703125,1284050.125,,123832.64376230314,179637.4921875,71666.11398467433,1293178.5,,121432.78632504921,177148.2890625,70752.00538793103,1274921.875,,121912.7578125,177978.0234375,71391.88140565134,1274921.875,,3270119,577852,15163757,47446,
2022-01-10,119512.8828125,173829.3125,71300.46875,1271879.0,,121912.73989708835,178392.85053699283,71391.8796073718,1297742.625,,118072.968561747,173414.44540572792,70477.77103365384,1268836.25,,121432.7684801707,177563.11634844868,71391.8796073718,1297742.625,,3449197,744261,9947422,32107,
2022-01-11,122872.6796875,174659.046875,72123.140625,1267314.875,,123352.6510925293,175488.78106442993,72214.55144961977,1284050.125,,119512.87985229492,173414.4455908551,71300.44320342205,1267314.875,,120472.82266235352,173829.31268557007,71666.08650190114,1267314.875,,3958787,482235,13221123,27066,
2022-01-12,123352.6484375,175488.796875,72123.140625,1303828.125,,124792.56262159532,176733.3982712766,72763.0163973384,1311435.125,,121432.76285870622,174659.0626108156,71848.90815114068,1274921.875,,124312.59122689688,175488.796875,72671.60557271863,1281007.375,,3552174,470451,11000502,42927,
2022-01-13,124312.6015625,174244.203125,71209.046875,1315999.25,,124792.57299710426,176733.40602678573,72488.79868019898,1315999.25,,122872.68725868726,174244.203125,71209.046875,1285571.5,,123352.65869329151,175488.80457589286,72488.79868019898,1300785.375,,4155984,499094,13889401,40603,
2022-01-14,123352.6484375,173414.46875,70660.578125,1293178.5,,123832.61983219844,175073.93735047846,71391.8648326326,1311435.125,,120952.79146400778,172584.73444976076,70477.75644809185,1282528.75,,123352.6484375,173829.33590011962,71026.2214788163,1306871.0,,3769648,406569,10096725,32354,
2022-01-17,121912.7578125,170095.53125,70843.390625,1256665.125,,122872.70078740157,173414.46844512195,71117.62310483871,1293178.5,,119512.90037524606,168021.19550304877,70294.92566532259,1250579.625,,122392.72929995078,172999.6012957317,70934.8014516129,1274921.875,,3730393,724213,8785122,46732,
2022-01-18,121432.7734375,168021.234375,70386.3515625,1226237.5,,122392.71631052371,170925.3050925926,71117.63833198052,1264272.125,,119992.85912796442,167191.49988425928,70020.70817775973,1224716.125,,121432.7734375,170925.3050925926,70934.81663961039,1256665.125,,3607850,580959,9592788,62886,
2022-01-19,121912.7578125,166361.71875,69746.4765625,1241451.375,,123352.67227485236,168850.9215243142,70294.94164687091,1256665.125,,118552.95740034449,165946.85162094762,69563.6548677097,1217109.125,,118552.95740034449,166361.71875,69929.2982572903,1218630.5,,4094609,525014,10598290,31552,
2022-01-20,119992.8671875,167606.328125,69929.296875,1241451.375,,121432.78159375,168021.19527382424,70112.11856617646,1250579.625,,118552.95278125,165531.9923808787,69380.83180147059,1232323.0,,120952.810125,166361.72667852722,69655.06433823529,1247536.875,,5441986,451581,9708168,24691,
2022-01-21,114233.203125,165946.828125,69106.609375,1244494.125,,117593.00321691176,166776.562265625,69289.43109292327,1262750.75,,113273.26024159664,164702.22691406248,68283.91164434524,1232323.0,,116633.0603335084,165531.96105468748,69289.43109292327,1233844.375,,6465040,513891,15774888,25168,
2022-01-24,114233.203125,163457.65625,68649.5546875,1233844.375,,115673.11745010504,165946.85913705584,69289.43069657123,1247536.875,,111833.3459164916,161798.18765862944,68283.911253745,1226237.5,,111833.3459164916,163872.52339784265,68923.78726281624,1236887.125,,4883822,659010,13691134,26581,
2022-01-25,113273.2578125,161383.328125,67644.0234375,1186681.375,,115193.1435381356,163457.66396208227,68558.13186233108,1239929.875,,111833.34351827331,157649.52361825193,66912.73669763513,1186681.375,,113273.2578125,163042.79679466583,68375.31017736487,1236887.125,,5702595,1174185,17766704,68241,
2022-01-26,113273.2578125,161383.328125,67644.0234375,1186681.375,,113273.2578125,161383.328125,67644.0234375,1186681.375,,113273.2578125,161383.328125,67644.0234375,1186681.375,,113273.2578125,161383.328125,67644.0234375,1186681.375,,0,0,0,0,
2022-01-27,108953.5234375,154745.4375,65175.90625,1083227.125,505000.0,114713.18106415198,158894.1087466488,67643.99807152875,1153210.875,598000.0,106553.66609306166,153915.70325067025,65175.90625,1083227.125,450000.0,114713.18106415198,157649.50737265416,67461.17645511922,1151689.5,597000.0,6679404,1072651,22274777,108983,15946992.0
2022-01-28,115673.1171875,154745.4375,67004.1484375,1124304.625,450000.0,116633.06006872407,154745.4375,67369.79181232947,1141039.875,483000.0,109913.45990015559,154745.4375,65084.52071964529,1054320.75,445000.0,110393.43134076762,154745.4375,65175.93156335266,1063449.125,476000.0,4776510,0,21367447,111794,4559773.0
2022-02-03,119032.921875,158894.109375,67004.1484375,1174510.375,477000.0,121912.75063004032,162213.04638544386,68466.72193681788,1194288.375,495500.0,119032.921875,158894.109375,67004.1484375,1133432.875,441000.0,119512.89333417338,160138.71075391644,68466.72193681788,1141039.875,458000.0,5171178,837241,17744721,63111,2918435.0
2022-02-04,119512.8828125,157649.5,67644.0234375,1169946.125,504000.0,121912.73989708835,159308.96842105265,68192.48849239865,1186681.375,505000.0,119032.91139558233,155990.03157894738,67095.55838260136,1156253.625,476000.0,120472.82564633535,158064.36710526317,67918.25596494933,1157775.125,476500.0,3037097,837609,12730034,27419,2088996.0
2022-02-07,118072.984375,154745.4375,66729.9140625,1160817.875,548000.0,118552.95585619919,157649.50737265416,67278.37910958905,1168424.75,548000.0,114713.18400660569,153085.96900134048,66181.44901541097,1136475.625,511000.0,118072.984375,157234.64024798927,67186.96826840754,1165382.0,520000.0,4804261,829365,14240838,30733,1911176.0
2022-02-08,118072.984375,154745.4375,66729.9140625,1160817.875,548000.0,118072.984375,154745.4375,66729.9140625,1160817.875,548000.0,118072.984375,154745.4375,66729.9140625,1160817.875,548000.0,118072.984375,154745.4375,66729.9140625,1160817.875,548000.0,0,0,0,0,0.0
2022-02-09,118072.984375,154745.4375,66729.9140625,1160817.875,511000.0,118072.984375,154745.4375,66729.9140625,1160817.875,557000.0,118072.984375,154745.4375,66729.9140625,1160817.875,505000.0,118072.984375,154745.4375,66729.9140625,1160817.875,550000.0,0,0,0,0,2070704.0
2022-02-10,124312.6015625,153915.703125,68923.78125,1180595.875,474500.0,125752.51586631275,155160.30449797842,69289.42465185677,1188202.75,507000.0,121912.74438947877,151426.5003790431,68283.90529675067,1172988.875,471500.0,123832.63012789575,154330.57024932615,69106.60295092838,1177553.125,507000.0,7269729,1280607,17746033,33750,2306815.0
2022-02-11,126712.4609375,151841.390625,68466.7421875,1147125.375,482000.0,127192.43238044508,153085.9921875,69015.20741196595,1159296.5,484000.0,124792.5751657197,150181.921875,68192.50957526702,1133432.875,457000.0,125272.54660866478,151841.390625,68558.15305824432,1159296.5,463500.0,6057207,1001635,12205407,40549,1411055.0
2022-02-14,127192.4140625,146448.09375,67369.8125,1160817.875,463000.0,127192.4140625,150181.89783994335,68101.09947421981,1177553.125,482000.0,124312.58581957547,146033.22662889518,66821.34726933514,1124304.625,459500.0,124792.55719339623,148937.2964766289,68009.68860244233,1128868.75,473000.0,4962205,1380176,13993255,39371,3285402.0
2022-02-15,121912.7578125,149767.015625,67369.8125,1125826.0,451500.0,126712.47268700787,151841.35102146814,67826.86685888738,1172988.875,468000.0,121912.7578125,146448.07899065097,66821.34726933514,1118219.0,450000.0,126232.50119955708,146862.9460699446,67735.4559871099,1163860.625,460000.0,5097120,961742,9320365,37467,825406.0
2022-02-16,125272.5390625,151011.625,68375.3203125,1151689.5,455500.0,127192.42471863027,153915.69471153847,68466.73116853274,1165382.0,465000.0,124792.56764846743,150181.89079670332,67826.85517630348,1134954.25,449500.0,125752.51047653257,153085.96050824175,68192.49860043448,1142561.25,464000.0,3499809,561867,10767386,29164,961669.0
2022-02-17,127672.3984375,152256.25,68558.140625,1156253.625,454500.0,128632.34128289473,154330.58583106266,69106.60575,1179074.5,460000.0,124792.56990131579,150181.91416893734,68101.08635416666,1133432.875,447000.0,125272.54132401316,151841.38283378747,68558.140625,1162339.25,454500.0,5433402,767679,13605382,33849,711183.0
2022-02-18,126232.484375,152256.25,67918.265625,1151689.5,454500.0,127672.39864543726,152671.11716621253,68375.3199024226,1154732.25,454500.0,124312.59868108365,149767.0470027248,67369.80049209287,1133432.875,448000.0,126232.484375,150181.91416893734,68192.49819145356,1134954.25,448500.0,3108887,426090,10122226,25090,418728.0
2022-02-21,126232.484375,152256.25,67918.265625,1166903.375,453000.0,126232.484375,152256.25,67918.265625,1171467.5,453000.0,126232.484375,152256.25,67918.265625,1130390.125,447500.0,126232.484375,152256.25,67918.265625,1133432.875,450000.0,0,0,0,21776,327509.0
2022-02-22,126232.484375,152256.25,67918.265625,1179074.5,440000.0,126232.484375,152256.25,67918.265625,1183638.625,448000.0,126232.484375,152256.25,67918.265625,1148646.75,440000.0,126232.484375,152256.25,67918.265625,1150168.125,444500.0,0,0,0,34765,557179.0
2022-02-23,126232.484375,152256.25,67918.265625,1169946.125,440000.0,126232.484375,152256.25,67918.265625,1194288.375,440000.0,126232.484375,152256.25,67918.265625,1169946.125,440000.0,126232.484375,152256.25,67918.265625,1186681.375,440000.0,0,0,0,23905,0.0
2022-02-24,117593.0,143544.046875,65358.75390625,1156253.625,416500.0,120952.79999999999,148522.453125,66090.04066324301,1165382.0,438000.0,117113.02857142857,141884.578125,65175.93221700175,1141039.875,416000.0,120472.82857142856,148107.5859375,66090.04066324301,1163860.625,435000.0,5748069,1722526,15759283,27022,883314.0
2022-02-25,118072.984375,144373.75,65724.390625,1169946.125,420000.0,120952.81326219512,145618.35129310345,66364.2664725313,1174510.375,430000.0,117593.01289380081,142299.41451149425,65724.390625,1153210.875,418500.0,120472.84178099594,145203.4841954023,65907.21229572322,1156253.625,425000.0,3309625,949885,13168484,37127,465140.0
2022-02-28,118072.984375,144373.75,65724.390625,1169946.125,420000.0,118072.984375,144373.75,65724.390625,1169946.125,420000.0,118072.984375,144373.75,65724.390625,1169946.125,420000.0,118072.984375,144373.75,65724.390625,1169946.125,420000.0,0,0,0,0,0.0
2022-03-02,119992.8671875,141469.703125,65541.5703125,1180827.625,434000.0,121432.78159375,143129.17178335777,66181.4461732915,1220803.5,434500.0,118072.98131250001,140639.96879582113,65358.748637988145,1171602.375,408500.0,119512.89571875,142299.4374541789,66090.03533603557,1213115.875,411000.0,2903340,1384049,12481430,41493,895460.0
2022-03-03,123832.625,147277.828125,66638.5078125,1210040.75,437000.0,124312.59641472867,148522.42948943662,66821.32950745885,1211578.375,441000.0,121912.73934108527,143544.02403169015,65998.63188014404,1173139.875,430000.0,122872.68217054263,143958.891153169,66090.04272762345,1180827.625,439500.0,3088097,1244300,13232638,29464,460544.0
2022-03-04,123832.625,147277.828125,66638.5078125,1210040.75,428500.0,123832.625,147277.828125,66638.5078125,1210040.75,436500.0,123832.625,147277.828125,66638.5078125,1210040.75,427000.0,123832.625,147277.828125,66638.5078125,1210040.75,433500.0,0,0,0,0,310930.0
2022-03-07,114713.1796875,139395.359375,64079.0,1174677.5,414000.0,116153.09407688284,141884.56222098216,64536.05420827389,1183902.625,421000.0,114233.20822437239,137321.0236700149,63896.17831669044,1160839.625,412000.0,114233.20822437239,141054.8279389881,63987.58915834522,1174677.5,420500.0,5203286,1439259,18617138,25646,370588.0
2022-03-08,113273.2578125,139395.359375,63530.5390625,1182365.125,410500.0,114713.17210672669,141469.69507998513,63987.59330035971,1194665.375,417000.0,111833.34351827331,135661.5551060268,62799.25228192446,1157764.625,402500.0,112313.3149496822,136076.42224702382,62890.6631294964,1168527.375,406000.0,3619045,728464,15828269,25154,393413.0
2022-03-10,113273.2578125,139395.359375,63530.5390625,1182365.125,410500.0,113273.2578125,139395.359375,63530.5390625,1182365.125,410500.0,113273.2578125,139395.359375,63530.5390625,1182365.125,410500.0,113273.2578125,139395.359375,63530.5390625,1182365.125,410500.0,0,0,0,0,0.0
2022-03-11,113273.2578125,139395.359375,63987.59375,1210040.75,391000.0,113273.2578125,139395.359375,64627.4696875,1228491.25,412000.0,113273.2578125,139395.359375,63713.36120535714,1199278.0,390500.0,113273.2578125,139395.359375,64444.647991071426,1206965.75,411500.0,0,0,15787655,25921,1811373.0
2022-03-14,111353.3671875,136491.28125,64170.421875,1228491.25,363500.0,112313.31000808188,138980.4839475684,64170.421875,1228491.25,385500.0,109913.45295662715,135246.6799012158,63621.956730769234,1196203.0,361500.0,110873.39577720905,138150.7497150456,63987.600160256414,1203890.625,385000.0,3172353,1112790,9040993,33547,1999479.0
2022-03-15,111353.3671875,136491.28125,64170.421875,1228491.25,359500.0,111353.3671875,136491.28125,64170.421875,1228491.25,370000.0,111353.3671875,136491.28125,64170.421875,1228491.25,355000.0,111353.3671875,136491.28125,64170.421875,1228491.25,363000.0,0,0,0,0,1064506.0
2022-03-16,111353.3671875,136491.28125,64353.23828125,1228491.25,359500.0,111353.3671875,136491.28125,64444.64913108132,1228491.25,359500.0,111353.3671875,136491.28125,63713.362332430755,1228491.25,359500.0,111353.3671875,136491.28125,64170.416581587364,1228491.25,359500.0,0,0,10175750,0,0.0
2022-03-17,111353.3671875,136491.28125,64353.23828125,1228491.25,376000.0,111353.3671875,136491.28125,64353.23828125001,1228491.25,381500.0,111353.3671875,136491.28125,64353.23828125001,1228491.25,373000.0,111353.3671875,136491.28125,64353.23828125001,1228491.25,374000.0,0,0,0,0,816118.0
2022-03-18,119032.921875,141884.5625,64627.47265625,1273079.75,382000.0,119992.86479334677,142299.42964181287,64810.29436107673,1276154.875,384000.0,116153.09311995967,140639.9610745614,64170.41839418317,1254629.375,370500.0,119032.921875,142299.42964181287,64536.06180383664,1254629.375,377500.0,4493159,782119,14410038,33317,643915.0
2022-03-21,119032.921875,141884.5625,63896.1875,1273079.75,382000.0,119032.921875,141884.5625,64901.70690271817,1273079.75,382000.0,119032.921875,141884.5625,63896.1875,1273079.75,382000.0,119032.921875,141884.5625,64810.29604792561,1273079.75,382000.0,0,0,11169002,0,0.0
2022-03-22,118552.953125,143958.890625,64261.8203125,1285380.0,397500.0,119032.9245951417,144788.62486491355,64444.641991909666,1286917.625,399000.0,116153.09577429149,140225.08654538906,63896.17695368065,1253091.75,388000.0,116153.09577429149,140225.08654538906,63896.17695368065,1276154.875,388500.0,2246439,1166430,9402666,21857,413972.0
2022-03-23,118552.953125,146033.203125,64444.64453125,1283842.5,407000.0,119512.89606528339,147277.80428799716,65084.52043439716,1297680.375,407500.0,117113.0387145749,144373.73490767044,64261.822844636525,1277692.375,398000.0,119032.9245951417,145203.46901633524,64536.05537455674,1285380.0,403000.0,4085633,952954,12398025,25940,523438.0
2022-03-24,115673.1171875,146033.203125,63804.7734375,1266929.625,408000.0,117113.0315093361,146862.93723366476,64261.827688484955,1283842.5,410000.0,114713.17430627593,143958.86785333807,63621.951737106014,1251554.25,398000.0,116153.08862811203,144373.73490767044,63621.951737106014,1276154.875,405000.0,4215272,709518,37943357,29632,320746.0
2022-03-25,113273.2578125,144373.75,63804.7734375,1259241.875,439000.0,118072.97212658898,146448.08548850575,64170.416838287965,1266929.625,444000.0,113273.2578125,143544.0158045977,63621.951737106014,1246941.625,417500.0,117113.02926377118,146448.08548850575,64079.00598809097,1262317.0,418500.0,5514940,563456,12986010,28471,1528600.0
2022-03-28,113273.2578125,144788.625,63713.36328125,1265392.125,439000.0,114713.17210672669,145618.35924068769,63896.18498363522,1266929.625,439000.0,111833.34351827331,141884.55515759313,63256.309025286944,1245404.125,439000.0,112793.28638109111,142714.28939828082,63530.54157886477,1245404.125,439000.0,3234792,459678,12619289,20649,0.0
2022-03-29,115193.1484375,146448.09375,64170.421875,1273079.75,441000.0,115673.11988932292,147692.69511331446,64261.8327323718,1273079.75,448500.0,113753.23408203125,144373.75814447593,63804.77844551282,1260779.5,440500.0,114713.17698567708,146033.22662889518,63987.600160256414,1271542.25,443000.0,3375247,545335,13686208,21429,375894.0
2022-03-30,116444.2109375,150181.90625,64226.46484375,1297680.375,440500.0,118368.90863894628,151841.37482734807,64777.764971164164,1303830.5,445000.0,115963.03651213842,148937.30481698897,64134.58148918098,1274617.25,427000.0,118368.90863894628,149352.17196132598,64593.998262026114,1279229.875,444500.0,3436282,1082135,12670187,32613,440195.0
2022-03-31,113557.1484375,149767.015625,63950.8046875,1271542.25,442000.0,115481.84586864407,150181.88270429362,64502.10472790948,1291530.25,444000.0,113075.97407971398,148522.41438711912,63950.8046875,1270004.75,435000.0,115000.67151085805,149767.015625,64226.45470770474,1285380.0,437000.0,4558063,576522,12510366,38502,272318.0
2022-04-01,111632.453125,147692.703125,63491.390625,1260779.5,428000.0,113075.9762257543,148107.57026860956,63858.92400054269,1268467.125,439500.0,111632.453125,146862.9688377809,63399.50728111433,1253091.75,425000.0,112594.8018588362,147692.703125,63858.92400054269,1268467.125,438500.0,3851558,470770,15916846,29393,456080.0
2022-04-04,112594.8046875,147692.703125,63675.1484375,1254629.375,438500.0,113075.9790665064,148522.4374122191,63675.1484375,1259241.875,440500.0,110188.93279246795,144788.63311973316,63031.9651199495,1234641.375,417500.0,110670.10717147436,146862.9688377809,63307.61511318543,1245404.125,422000.0,2470792,509106,11107905,30304,362727.0
2022-04-05,112113.6328125,148522.46875,63583.26953125,1250016.75,449000.0,113557.15598175966,149352.2032122905,63950.80288114162,1262317.0,450000.0,111632.45842274679,146862.99982541898,63491.38619377709,1246941.625,437000.0,113075.98159200644,148107.60151885473,63767.03620619581,1253091.75,442500.0,2101474,426072,8467248,24913,491410.0
2022-04-06,108745.40625,149352.171875,62940.08984375,1250016.75,444500.0,111151.27806969026,151011.64045138887,63215.73987226278,1265392.125,448500.0,108745.40625,146448.10186631943,62940.08984375,1240791.5,436000.0,110188.92934181416,146862.96901041665,63031.973186587595,1243866.625,436000.0,4541938,641803,15517308,33261,415524.0
2022-04-07,109226.59375,148107.5625,62480.6953125,1245404.125,436500.0,110188.94259361233,151011.63235294117,62940.112189797794,1262317.0,442000.0,106339.547219163,148107.5625,62480.6953125,1242329.0,431000.0,107301.89606277533,149352.1638655462,62940.112189797794,1242329.0,438000.0,5027865,778374,20683327,31378,316409.0
2022-04-08,107783.0625,146448.09375,62296.91015625,1243866.625,439500.0,109707.76004464286,148522.42935552407,62756.32689781526,1256166.875,449000.0,106339.53934151786,145618.3595077904,62205.02680793694,1230028.75,437500.0,108745.41127232143,147692.69511331446,62572.56020118915,1248479.125,449000.0,4268316,458780,15453191,23436,395489.0
2022-04-11,107301.8828125,148937.3125,62388.7890625,1231566.25,425000.0,108745.40589966367,150181.9139972145,62572.55574604197,1250016.75,435500.0,106339.53408772421,145618.37517409472,61929.37235364507,1225416.125,423500.0,106820.7084501121,146033.24233983288,62296.90572072902,1231566.25,435000.0,2390786,641674,12263735,20737,289205.0
2022-04-12,106820.7109375,147692.703125,61561.84375,1214653.375,411000.0,108745.40843186936,149767.03884304775,62205.027192164176,1236178.875,421500.0,106339.53656390765,146448.10169417135,61561.84375,1202353.125,410000.0,106339.53656390765,148522.4374122191,62113.143843283586,1222341.125,417000.0,2738163,626266,13924389,27528,382240.0
2022-04-13,108745.40625,150181.90625,63123.8671875,1242329.0,431000.0,108745.40625,150181.90625,63399.51726255459,1245404.125,431500.0,106820.70879424778,148107.57052831491,61745.616812227076,1210040.75,404000.0,107783.05752212388,148937.30481698897,61837.500170578605,1220803.5,414000.0,2484490,498547,17378619,28908,386194.0
2022-04-14,105858.3515625,147277.828125,62021.265625,1289992.625,441000.0,108745.39751420455,151011.63221830985,63123.865902777776,1294605.25,441000.0,105858.3515625,146448.09388204225,62021.265625,1239254.0,427500.0,108745.39751420455,150181.8979753521,63123.865902777776,1243866.625,434000.0,4715700,898024,16409494,72449,321259.0
2022-04-15,103933.6484375,146862.953125,61194.328125,1283842.5,435000.0,104414.82273582177,147692.68732344633,61837.51175394144,1308443.125,445000.0,102971.29984085649,145618.3518273305,61102.44474943694,1263854.5,431500.0,103933.6484375,146448.08602577684,61745.62837837838,1276154.875,435500.0,3694012,559522,13176415,37383,307347.0
2022-04-18,104896.0,148107.5625,61286.19921875,1279229.875,433000.0,105377.1743119266,148107.5625,61653.7326473482,1283842.5,439500.0,102490.12844036697,145618.35976890757,60734.8990758527,1263854.5,432500.0,102971.30275229357,146033.22689075628,61102.4325044509,1271542.25,434000.0,2670439,275773,10119203,18941,115652.0
2022-04-19,108264.2265625,150181.90625,61837.51171875,1268467.125,435500.0,108264.2265625,150596.77339433704,62480.69534732541,1283842.5,441500.0,105377.18052083334,147692.7033839779,61561.86159221768,1266929.625,434000.0,105858.35486111112,148107.57052831491,61653.74496772845,1280767.5,438000.0,3021192,623880,12959434,22203,124432.0
2022-04-20,108264.2265625,151841.390625,61929.390625,1237716.375,436500.0,108745.40090277778,152671.125,61929.390625,1270004.75,438000.0,106820.70354166666,149352.1875,61102.4403050816,1237716.375,432000.0,108264.2265625,150181.921875,61561.85714948071,1270004.75,437500.0,2905007,814107,16693293,28739,202657.0
2022-04-21,108745.40625,151841.390625,62205.03515625,1239254.0,437000.0,110670.1037057522,153085.9921875,62756.33532011632,1251554.25,440000.0,108264.23188606194,151426.5234375,62021.268434961225,1239254.0,434500.0,108264.23188606194,152671.125,62113.15179560561,1250016.75,437500.0,3199858,657116,12847448,15268,234128.0
2022-04-22,106339.5390625,149352.171875,61561.84375,1231566.25,436500.0,107783.06221719457,151426.5075954861,61837.49379664179,1237716.375,437500.0,106339.5390625,148522.43758680555,61286.19370335821,1223878.625,428500.0,106339.5390625,150596.77330729165,61745.610447761195,1236178.875,434000.0,2360834,852781,11791478,24820,266806.0
2022-04-25,103933.6484375,151011.625,60918.6640625,1219266.0,433000.0,105377.17133246528,153085.96050824175,61286.19748067496,1230028.75,436000.0,103933.6484375,146448.08688186813,60918.6640625,1216190.875,428500.0,104895.99703414353,146862.9539835165,61102.43077158748,1216190.875,430000.0,2282343,1504197,11016474,17833,254452.0
2022-04-26,106820.7109375,155160.28125,60734.89453125,1236178.875,423500.0,106820.7109375,158479.2177473262,61286.19463289523,1257704.375,432000.0,103933.66469594595,154745.41418783422,60734.89453125,1223878.625,414500.0,105377.18781672297,155160.28125,61010.544582072616,1223878.625,432000.0,2969516,2313611,12946923,36832,520529.0
2022-04-27,104414.8359375,155160.28125,59724.18359375,1245404.125,418000.0,105377.18465581797,156404.88243649734,60183.600390625,1251554.25,427000.0,103452.48721918202,151841.3447526738,59632.300234375,1216190.875,397000.0,103933.66157834101,152671.07887700535,60091.717031249995,1219266.0,399500.0,3261290,1152068,18122084,23010,1478354.0
2022-04-28,105377.1953125,156404.921875,59540.41796875,1283842.5,417500.0,105858.36972031964,156819.7890417772,60183.601496190204,1283842.5,421000.0,103933.6720890411,154330.58604111406,59264.76788556134,1248479.125,412500.0,105377.1953125,155990.0547082228,60091.71813512732,1260779.5,420500.0,2804966,705457,16895527,64135,358325.0
2022-04-29,108264.2265625,154330.578125,61929.390625,1288455.125,417000.0,108264.2265625,155990.04670698926,62113.157362759644,1289992.625,426000.0,105377.18052083334,152671.10954301077,59724.189771884274,1271542.25,414000.0,105858.35486111112,155160.31241599465,59816.07314076409,1271542.25,418000.0,3752415,767005,26190390,41835,332582.0
2022-05-02,106339.5390625,155160.28125,61837.51171875,1288455.125,408500.0,107301.88783229637,155990.01537433156,62113.16184528232,1289992.625,414500.0,105858.36467760181,152671.07887700535,61102.44471466382,1274617.25,407000.0,105858.36467760181,152671.07887700535,61194.32809017459,1274617.25,412500.0,2175384,496083,14106184,17765,365546.0
2022-05-03,105858.3515625,152256.25,62021.265625,1279229.875,407500.0,107783.04886363637,154745.4529972752,62848.215833333335,1297680.375,415000.0,105377.17723721592,151426.51566757492,61837.49891203704,1277692.375,406500.0,106820.7002130682,153915.71866485014,61929.38226851852,1289992.625,409500.0,2676115,662535,14168875,22525,254850.0
2022-05-04,105377.1953125,152671.125,62388.7890625,1253091.75,401500.0,106820.7185359589,153085.9921875,62848.20577135494,1286917.625,410500.0,104414.84649686073,151011.65625,62021.255695416054,1239254.0,399500.0,106339.54412813927,152256.2578125,62480.67240427099,1280767.5,409500.0,2491890,347996,11505248,28407,364195.0
2022-05-06,103452.4765625,151426.5,61102.421875,1220803.5,401500.0,104414.82518168604,152256.23424657533,61653.72192199248,1243866.625,401500.0,102490.12794331396,150181.89863013697,61102.421875,1220803.5,390000.0,103933.65087209303,150596.76575342467,61561.83858082707,1236178.875,395000.0,2566813,375723,14356156,33982,350875.0
2022-05-10,105858.3515625,149767.015625,60367.359375,1226953.625,393500.0,106820.7002130682,150596.74978358726,60918.65946061644,1242329.0,398500.0,102971.30561079546,146033.21191135736,59999.82598458904,1217728.5,382000.0,102971.30561079546,149767.015625,60551.12607020548,1231566.25,387500.0,4141923,774377,17235605,34253,407928.0
2022-05-11,106339.5390625,151841.390625,60367.359375,1219266.0,391500.0,108264.23660209276,153085.9921875,60918.65946061644,1226953.625,398000.0,103933.66713800904,147692.71875,59907.94263698631,1214653.375,391500.0,106339.5390625,148107.5859375,60183.59267979452,1219266.0,394000.0,3658168,724251,12330920,19420,239355.0
2022-05-12,104896.0,149767.015625,59632.29296875,1211578.375,388000.0,107301.87155963301,152256.21810076176,60183.593057829356,1230028.75,395500.0,104414.82568807338,149352.14854570638,59632.29296875,1200815.625,386000.0,105377.1743119266,150181.88270429362,59907.943013289674,1214653.375,390000.0,4132948,691192,16414188,33088,251570.0
2022-05-13,108264.2265625,154745.4375,61102.421875,1206965.75,400500.0,108264.2265625,155160.3046246649,61286.188557330825,1222341.125,401500.0,104896.00618055556,150596.7662533512,59907.938439849626,1191590.375,390500.0,104896.00618055556,151011.6333780161,59999.82178101504,1220803.5,390500.0,4003349,924029,14551536,41095,228636.0
2022-05-16,106339.5390625,152671.125,60918.6640625,1183902.625,400500.0,109707.75975678733,157234.6640625,61929.38096248115,1214653.375,407500.0,105858.36467760181,152256.2578125,60734.89735341252,1183902.625,397000.0,109226.58537188913,156404.9296875,61653.73089884992,1213115.875,407000.0,3930044,548683,11937555,28446,200731.0
2022-05-17,108264.2265625,153915.703125,62113.14453125,1177752.5,408500.0,108745.40090277778,154745.4373736523,62388.794580944894,1194665.375,411000.0,106339.52920138888,151426.5003790431,61194.31103226701,1176215.0,399000.0,106820.70354166666,153915.703125,61194.31103226701,1183902.625,400500.0,2056143,530263,15680447,27452,230327.0
2022-05-18,109226.59375,153915.703125,62572.57421875,1219266.0,410000.0,110670.1170154185,155575.17162230457,63123.87443213106,1219266.0,413000.0,108745.41932819382,152256.2346276954,62113.157374265786,1180827.625,407500.0,109707.76817180616,155160.30449797842,62756.34095654368,1182365.125,410000.0,3570113,541137,16486319,30286,233063.0
2022-05-19,106820.7109375,151011.625,62021.265625,1223878.625,415500.0,108264.23405827703,152256.22630494507,62113.148981481485,1226953.625,417000.0,105858.36219031531,150181.89079670332,61102.43206018519,1196203.0,398500.0,106339.53656390765,150596.75789835164,61102.43206018519,1200815.625,398500.0,3680049,542030,17073727,27681,320709.0
2022-05-20,108264.2265625,154745.4375,62480.6953125,1242329.0,434000.0,108745.40090277778,154745.4375,62848.22881433824,1246941.625,439000.0,106820.70354166666,151841.36762734584,62205.04518612132,1222341.125,418000.0,107301.87788194444,152256.23475201073,62296.928561580884,1228491.25,421000.0,2398978,469517,12109671,25282,881979.0
2022-05-23,108745.40625,155990.046875,62388.7890625,1259241.875,438000.0,109226.58061393804,156819.78116688828,63215.73913843888,1260779.5,444000.0,106820.70879424778,154745.44543716754,62113.139037187044,1234641.375,432500.0,108745.40625,156404.91402094415,63215.73913843888,1242329.0,438500.0,3160028,436270,13684088,22483,361437.0
2022-05-24,104414.8359375,153500.828125,61102.421875,1242329.0,438500.0,107783.0564516129,155990.03074324323,62205.02196898496,1260779.5,444000.0,104414.8359375,152256.22681587838,61102.421875,1236178.875,436500.0,107301.88209245392,155160.29653716215,62021.25528665414,1245404.125,438500.0,4491835,431231,15482576,24666,350284.0
2022-05-25,103933.6484375,152256.25,61010.5390625,1277692.375,426500.0,105858.34563078704,154330.58583106266,61653.722456231175,1291530.25,439000.0,102971.29984085649,151011.6485013624,60551.12235269202,1246941.625,422000.0,105377.17133246528,154330.58583106266,61286.18908838479,1250016.75,439000.0,4151560,482136,15150490,61253,365195.0
2022-05-26,99121.90625,152671.125,60551.12890625,1291530.25,430500.0,104414.82357402913,154330.59375,61745.612481031865,1296142.75,432500.0,97678.38334344659,151841.390625,60183.59549862481,1270004.75,424500.0,103452.4749696602,152256.2578125,60918.66231387519,1270004.75,426500.0,8523001,428541,15970890,38343,162583.0
2022-05-27,102008.9453125,153915.703125,61102.421875,1282305.0,430500.0,102971.29385318396,154745.4373736523,61469.95523966166,1296142.75,437000.0,101046.59677181604,153085.9688763477,60826.77185150376,1274617.25,427500.0,101527.77104215801,154745.4373736523,61286.188557330825,1286917.625,434500.0,3686487,334939,11405555,21070,214801.0
2022-05-30,102971.296875,155575.203125,62205.03515625,1296142.75,439500.0,103933.64544392524,155990.07033333334,62296.91851689439,1297680.375,440000.0,102008.94830607477,153915.73429166668,61469.968271094906,1276154.875,432000.0,103933.64544392524,155575.203125,62021.268434961225,1283842.5,434500.0,2054526,368902,14255484,22285,229834.0
2022-05-31,103933.6484375,157234.65625,61929.390625,1302293.0,444000.0,103933.6484375,157234.65625,62021.27399387982,1302293.0,444000.0,101527.77694589121,155160.3204155673,61286.20704284125,1277692.375,436000.0,102490.12554253473,155160.3204155673,62021.27399387982,1289992.625,441500.0,4024509,916327,24365002,49991,345830.0
2022-06-02,102971.296875,155575.203125,61286.19921875,1296142.75,440500.0,103452.47115946263,156819.80475,61561.849290198654,1303830.5,442000.0,102008.94830607477,154745.46870833333,61010.54914730135,1282305.0,438000.0,102008.94830607477,156819.80475,61194.31586160045,1286917.625,440500.0,3097583,387758,14959443,32132,153596.0
2022-06-03,102971.296875,155160.28125,61378.078125,1309980.625,437500.0,104414.81972838785,156819.7494986631,61837.49487743263,1313055.75,444000.0,102971.296875,153500.8130013369,61378.078125,1294605.25,437500.0,103933.64544392524,156404.88243649734,61745.61152694611,1297680.375,443500.0,1638006,400003,8222883,28226,154981.0
2022-06-07,100084.25,152256.25,60183.60546875,1263854.5,432000.0,102008.94711538461,154745.4529972752,61010.55577290076,1300755.375,439500.0,99603.07572115384,151841.38283378747,60091.72210162214,1257704.375,432000.0,101527.77283653845,154330.58583106266,60826.78903864504,1299217.875,436500.0,3174521,621262,19355755,46400,180249.0
2022-06-08,102008.9453125,151841.390625,59999.82421875,1273079.75,425500.0,103452.46812352595,153500.859375,60367.35759834418,1279229.875,434500.0,100565.42250147405,151011.65625,59999.82421875,1263854.5,422500.0,100565.42250147405,152256.2578125,60091.70756364854,1273079.75,432500.0,3075530,556940,12483180,26674,215828.0
2022-06-09,101527.7890625,151426.5,59907.9453125,1246941.625,422500.0,102971.31212973934,152256.23424657533,59907.9453125,1260779.5,426000.0,100565.44035100711,149767.0315068493,59264.76185055598,1236178.875,419000.0,101527.7890625,151841.36712328767,59816.06196079371,1254629.375,426000.0,4640744,656175,25790725,58709,208712.0
2022-06-10,99603.0859375,153085.984375,58621.5859375,1246941.625,425000.0,100565.43459390097,153500.8515413279,59172.88611873041,1253091.75,426000.0,98640.73728109903,149767.0470443767,58621.5859375,1222341.125,412500.0,100084.26026570049,150596.78137703252,58805.3526645768,1231566.25,418000.0,3480289,571131,22193552,36590,285077.0
2022-06-13,95272.5234375,145203.5,57059.55859375,1208503.25,415000.0,97197.22088068182,150596.77285714287,57702.7420239533,1220803.5,420500.0,95272.5234375,143544.03142857144,57059.55859375,1200815.625,413500.0,96234.87215909091,149352.17142857143,57335.208635265706,1214653.375,414000.0,4133447,1193167,22157816,46170,267003.0
2022-06-14,95368.75,142299.421875,56875.796875,1205428.125,426500.0,95849.92431886983,143129.1561133382,57151.44694063005,1223878.625,432500.0,93155.34813319879,140225.08627915452,56140.73003331987,1197740.5,410500.0,93251.58299697276,142299.421875,56232.61338852989,1199278.0,411000.0,3242550,1122467,24606419,40117,417106.0
2022-06-15,94213.9296875,144373.75,55773.1953125,1214653.375,420000.0,95176.27830534986,148522.4209770115,56508.26213704695,1237716.375,427500.0,93059.11134608019,142299.41451149425,55313.77854715815,1203890.625,417000.0,94791.33885820991,143958.88290229885,56324.49543091021,1216190.875,426000.0,2578500,995832,26811224,39739,275832.0
2022-06-16,93732.7734375,143544.046875,55956.9609375,1240791.5,427000.0,97678.40353086499,147277.8515625,56783.91109913793,1251554.25,439500.0,93444.06879652207,143129.1796875,55589.42753232759,1231566.25,424500.0,96138.64544564938,146862.984375,56324.49434267241,1237716.375,424500.0,3810703,619047,23394895,38172,365836.0
2022-06-17,92770.4375,141054.828125,54946.24609375,1279229.875,425500.0,92770.4375,142714.29669117645,55038.12944842182,1279229.875,430000.0,91423.14898858921,139395.35955882352,54578.712675062714,1222341.125,417000.0,91519.38388226142,139395.35955882352,54578.712675062714,1222341.125,419500.0,3965464,784685,29053450,162887,1211937.0
2022-06-20,90941.953125,141469.703125,53935.53515625,1263854.5,411500.0,93155.35515873015,143544.03894794724,55038.13553423126,1270004.75,427000.0,89594.66493055555,139810.23446664223,53384.23496725937,1240791.5,408500.0,93059.1202876984,143129.17178335777,54946.252169399486,1268467.125,426500.0,2386222,518566,34111306,34862,285056.0
2022-06-21,91615.6015625,143129.1875,53751.76171875,1262317.0,413000.0,92289.24569163602,145203.52355072464,54394.94519230769,1276154.875,416500.0,90364.5481798188,141054.85144927536,53476.11165865384,1253091.75,406000.0,91134.4271845457,142299.45307971016,53935.52842548077,1276154.875,414500.0,2707302,532008,25148109,25141,204026.0
2022-06-22,88728.5546875,142299.421875,52924.80859375,1256166.875,401000.0,92096.77531012744,145203.49170918367,54303.05881754558,1268467.125,416500.0,88247.38031283893,141884.5547558309,52924.80859375,1245404.125,401000.0,92096.77531012744,144788.62459001457,54211.17546929254,1257704.375,415000.0,3509830,633838,23334687,44127,210875.0
2022-06-23,86803.859375,141884.5625,52741.0390625,1260779.5,400000.0,89498.43594096453,144373.7653508772,53292.33912238676,1274617.25,404500.0,86322.68498822063,141054.82821637427,52189.73900261324,1248479.125,391000.0,88632.32204476165,142299.42964181287,53016.68909244338,1253091.75,401000.0,3983116,807430,28338608,64189,298719.0
2022-06-24,88151.15625,143544.046875,53659.875,1277692.375,405000.0,88536.09579694323,145203.515625,54303.05843321918,1282305.0,405000.0,87092.5724959061,141469.7109375,53016.69156678082,1262317.0,398000.0,87092.5724959061,141469.7109375,53200.4582619863,1274617.25,399000.0,3045970,472975,23256103,63992,235758.0
2022-06-27,91423.125,151841.390625,54027.4140625,1239254.0,412000.0,92481.70855263158,153500.859375,55038.13099224064,1280767.5,414500.0,89113.48815789474,146448.1171875,53567.997276254246,1237716.375,403500.0,89209.72302631578,146862.984375,54211.1807769983,1280767.5,408500.0,3408749,1348957,18122236,47580,206869.0
2022-06-28,91711.828125,154330.578125,54578.71875,1253091.75,410500.0,91711.828125,156819.78099798388,54670.60211489899,1253091.75,415000.0,90172.07025511542,152256.24239751344,53935.53519570707,1231566.25,406500.0,90941.94919005771,152256.24239751344,54394.952020202014,1243866.625,412000.0,2022966,1021549,13540538,28951,129697.0
2022-06-29,90746.4453125,146405.515625,53618.2109375,1231566.25,391500.0,91615.29425698137,150993.7226673789,54357.77246767241,1253091.75,403500.0,89684.51882480053,143902.85723824785,53618.2109375,1228491.25,391500.0,90070.6739112367,150159.5032051282,54080.43689385775,1248479.125,402000.0,2529973,2543120,14677138,30527,327192.0
2022-06-30,87850.28125,150576.59375,52693.765625,1214653.375,371000.0,89877.59543269231,153913.4711738227,53248.436842105264,1239254.0,389000.0,87850.28125,146405.4969702216,52693.765625,1214653.375,370500.0,88332.97510302198,147239.7163261773,52878.65603070176,1234641.375,388500.0,3098854,1651221,18915142,37712,459845.0
2022-07-01,84471.4140625,150159.484375,51954.19140625,1200815.625,356500.0,89298.35200892857,154330.58116319444,53155.978751946175,1234641.375,371500.0,84085.25902678572,149742.37469618054,51676.855864935496,1188515.25,356000.0,87850.270625,151410.81341145834,52601.307669317175,1228491.25,371000.0,4959176,916020,24982097,67071,434833.0
2022-07-04,86016.0390625,148491.046875,52786.203125,1216190.875,356000.0,86498.73288439955,152662.14369733148,53063.53869308231,1220803.5,361000.0,83312.95365986251,145988.38878160113,51491.97047394921,1191590.375,352000.0,84471.41883242143,150993.70496839887,51861.75123139229,1202353.125,356500.0,4331728,1006440,17807126,51417,161015.0
2022-07-05,89298.359375,148073.90625,52878.65234375,1237716.375,361500.0,90167.20827702702,150993.67341549296,53803.10430780157,1237716.375,362500.0,87271.04527027028,144737.02948943662,52878.65234375,1214653.375,356000.0,87271.04527027028,150159.45422535212,53248.43312937063,1219266.0,356500.0,3560085,1097504,14216539,32973,219192.0
2022-07-06,88912.2109375,143902.84375,52139.08984375,1230028.75,370500.0,90360.29254885994,147656.83097826087,52971.0965965758,1245404.125,374500.0,87753.74564841205,143485.734057971,52139.08984375,1220803.5,364000.0,89587.98235613464,146822.6115942029,52971.0965965758,1222341.125,367500.0,3981326,924184,16820461,40908,393886.0
2022-07-07,90649.9140625,145988.359375,53803.10546875,1256166.875,373500.0,91904.91819755059,147656.79776785715,54265.33146074957,1256166.875,375000.0,88139.90579239883,143902.81138392858,52046.64669915163,1233103.875,367500.0,88139.90579239883,145988.359375,52139.091897551545,1242329.0,374500.0,3330794,536363,21322833,35986,223247.0
2022-07-08,91518.75,148491.046875,54265.328125,1259241.875,388000.0,93159.90901898734,150576.59528616574,54819.99928130324,1260779.5,392500.0,91229.13370253165,147656.8275105337,53803.102161413975,1245404.125,375000.0,92580.67642405063,148073.93719276687,54172.882932282795,1254629.375,375000.0,2814478,824702,15339271,31544,397140.0
2022-07-11,90456.84375,149325.265625,54357.7734375,1274617.25,395000.0,92387.61949706511,151827.92370810057,55097.334980867345,1277692.375,402000.0,90263.7661752935,149325.265625,54265.328244579076,1253091.75,380500.0,91711.84798559232,150159.48498603352,54819.999402104586,1257704.375,389000.0,1885425,660814,13042624,40574,345052.0
2022-07-12,90070.6796875,149325.265625,53710.65234375,1282305.0,401000.0,90746.45113210074,151410.8140275838,54265.323452291304,1282305.0,403000.0,88526.05924269828,147656.82690293295,53710.65234375,1253091.75,387500.0,90746.45113210074,150159.48498603352,54172.87826753442,1274617.25,393000.0,2385688,539027,9336061,42037,324262.0
2022-07-13,90746.4453125,153079.25,53618.2109375,1279229.875,400000.0,93063.37583111702,154330.57901907357,54172.882085129306,1283842.5,404000.0,90553.36776928192,148908.15326975478,53618.2109375,1273079.75,392000.0,91325.67794215426,150159.48228882835,53895.54651131465,1282305.0,398500.0,2721816,941277,10841315,27849,223258.0
2022-07-14,90746.4453125,152245.03125,53155.9921875,1268467.125,399500.0,92194.52688663563,153913.46994863014,53803.10861413044,1274617.25,404000.0,89105.28619514627,150576.59255136986,53063.546983695654,1250016.75,399000.0,89587.98005319148,152662.14092465752,53155.9921875,1265392.125,400000.0,2550307,780637,15067012,37264,197883.0
2022-07-15,95283.7734375,153079.25,55467.11328125,1256166.875,400000.0,95573.38977013678,153913.46934604904,55467.11328125,1273079.75,402000.0,92194.53255604103,148908.15326975478,53710.654694010416,1250016.75,394000.0,92580.6876662234,152662.1403269755,53987.990260416664,1270004.75,401500.0,4457208,768143,18685583,25333,146816.0
2022-07-18,97504.15625,154747.65625,57223.57421875,1245404.125,393000.0,99917.62546410892,157250.31376347708,57316.01941134895,1256166.875,400500.0,96538.76856435643,153079.21790768194,55929.3415223647,1234641.375,387000.0,97504.15625,155998.98500673854,56021.78671496365,1250016.75,400000.0,4564780,699961,20832517,29925,233929.0
2022-07-19,96538.765625,157250.359375,56299.1171875,1259241.875,383000.0,97021.459453125,157667.46908156498,56853.78829279557,1273079.75,393500.0,95283.761671875,153913.48172248012,55652.00089798851,1248479.125,382500.0,96538.765625,154330.5914290451,56761.34310857964,1266929.625,391500.0,2709084,868892,15248261,30491,205688.0
2022-07-20,98469.53125,157667.4375,55929.33203125,1265392.125,384000.0,100883.00015318627,159752.98561507935,57408.45486182851,1271542.25,389500.0,97504.14368872548,157250.3278769841,55929.33203125,1256166.875,383500.0,99434.9188112745,159752.98561507935,57131.11933109504,1265392.125,387000.0,3981053,985986,16782238,23124,181936.0
2022-07-21,98952.234375,157667.4375,57131.12890625,1256166.875,390500.0,99434.9282012195,161421.42410714284,57223.574098654935,1270004.75,390500.0,97021.45907012194,154747.67013888888,56114.23178979571,1248479.125,384500.0,98469.54054878048,157667.4375,56484.01255941545,1260779.5,385000.0,2143984,2136819,12291374,23367,185937.0
2022-07-22,96538.765625,159335.890625,56668.8984375,1274617.25,382000.0,98952.234765625,161004.32927028794,57500.90510297716,1276154.875,392500.0,96538.765625,156833.23265706806,56576.45325244698,1253091.75,382000.0,98952.234765625,159335.890625,57131.12436276509,1254629.375,391500.0,3126556,1378005,10261310,36464,300672.0
2022-07-25,96538.765625,163506.984375,56484.01171875,1274617.25,391000.0,97986.847109375,165592.5326450893,57223.57324698241,1280767.5,393500.0,95476.839203125,160587.216796875,56206.676145662845,1266929.625,371000.0,95669.916734375,160587.216796875,56299.1213366919,1270004.75,376000.0,2185108,1352264,9193681,25257,653865.0
2022-07-26,97021.46875,163506.984375,57038.68359375,1273079.75,394000.0,97504.1626243781,163924.09402901787,57223.573978170585,1274617.25,409500.0,95669.9259017413,160587.216796875,56206.67686385738,1260779.5,386500.0,97021.46875,163506.984375,56206.67686385738,1270004.75,388000.0,1636970,735482,6597211,18503,691524.0
2022-07-27,96538.765625,163506.984375,57131.12890625,1293067.75,393500.0,97986.847109375,164341.2036830357,57223.574098654935,1302293.0,397000.0,95187.22290625,161004.32645089287,56576.45775182039,1273079.75,382500.0,97504.15328125,163506.984375,56668.90294422532,1274617.25,383000.0,3159499,608998,7320997,54911,2624439.0
2022-07-28,95959.5390625,162672.765625,57223.57421875,1326893.5,415500.0,97986.85326804577,165175.42355769232,57870.69056694265,1333043.625,419000.0,95476.84520403671,161838.54631410257,56946.238640953154,1297680.375,393500.0,97504.1594095825,165175.42355769232,57593.3549891458,1297680.375,396000.0,3359717,757504,10745302,70622,1654973.0
2022-07-29,94511.453125,163506.984375,56761.33984375,1329968.625,422000.0,96538.7672369765,164341.2036830357,57870.68199053338,1345344.0,423000.0,94028.75928881511,161838.54575892858,56668.89466485138,1325356.0,411000.0,96442.22846973954,163506.984375,57685.79163273615,1334581.25,416000.0,3899079,844829,15093120,40423,721315.0
2022-08-01,93739.140625,163506.984375,56668.8984375,1349956.5,419500.0,94704.52827304325,165175.42299107142,57038.67917771207,1351494.125,428000.0,93159.90803617405,162672.7650669643,55744.44658696982,1316130.75,416500.0,93835.67938980433,163506.984375,56391.56288234094,1317668.25,420000.0,2007646,601112,13154816,41297,370740.0
2022-08-02,93159.921875,163924.09375,57038.68359375,1331506.125,417000.0,93835.69332901554,164341.20340330788,57223.573978170585,1357644.25,424000.0,92870.30553756477,161421.43583015265,56391.56724827796,1322280.875,413000.0,93835.69332901554,163924.09375,56576.45763269854,1356106.75,420000.0,1916851,721088,13614895,37629,282849.0
2022-08-03,94125.3125,164341.203125,56668.8984375,1339193.75,437000.0,94125.3125,165175.42243020303,56946.23399265905,1345344.0,437000.0,92773.76955128205,163506.98381979694,56391.56288234094,1331506.125,415500.0,93546.07980769231,164341.203125,56946.23399265905,1337656.25,416000.0,1703330,683572,10053861,26311,733137.0
2022-08-04,94125.3125,163924.09375,56853.78515625,1345344.0,443000.0,94704.54519230769,165592.53236323156,57131.120693597564,1346881.5,446500.0,93739.15737179486,162255.65513676844,56576.44961890244,1331506.125,438500.0,94608.0064102564,165175.42270992365,57038.67551448171,1342268.875,444500.0,1960526,622111,9125439,28368,573214.0
2022-08-05,95090.6953125,162255.6875,56853.78515625,1376094.625,446000.0,95283.77286643401,164758.34591902312,57223.565872713414,1382244.75,449000.0,94028.76876586294,161421.46802699228,56576.44961890244,1346881.5,440500.0,94704.54020463198,163507.01670951155,57038.67551448171,1346881.5,443500.0,2052852,919482,9567620,51150,409770.0
2022-08-08,92966.84375,163506.984375,56206.66796875,1383782.375,447000.0,94318.38664979232,163506.984375,56761.33903423109,1383782.375,448500.0,92484.14985721702,161004.32645089287,56021.77761358964,1362256.875,440500.0,94318.38664979232,161421.4361049107,56761.33903423109,1374557.125,443000.0,3206548,635689,11313150,32163,256471.0
2022-08-09,91808.3671875,161421.421875,55467.11328125,1386857.375,457500.0,92773.75485508675,163506.9699612403,56114.22960286459,1389932.5,458500.0,91229.13458694794,159335.8737887597,55097.33252604167,1377632.25,444000.0,92677.21608832807,163089.86034399224,56021.7844140625,1383782.375,448000.0,3152955,962838,18251170,25065,593954.0
2022-08-10,88622.59375,160587.203125,54635.1015625,1371482.0,458000.0,89781.05902777778,162255.64159902598,54727.5467428088,1399157.75,459500.0,88622.59375,160170.09350649352,54172.87566095601,1353031.625,452500.0,88622.59375,161004.3127435065,54450.211201882405,1389932.5,455500.0,4356568,510243,18084349,28524,280484.0
2022-08-11,90070.6796875,161004.328125,55374.66796875,1389932.5,472000.0,91132.60624330118,162672.7667584197,55467.11315734557,1391470.0,474000.0,89394.90824289924,160587.21846664508,54819.99683717654,1379169.75,461000.0,90263.7572431002,162672.7667584197,55097.33240296327,1379169.75,462000.0,5206962,731121,15141941,46735,641654.0
2022-08-12,90070.6796875,163506.984375,55652.0,1399157.75,460500.0,91132.60624330118,164758.31333705358,56114.22591362127,1399157.75,473000.0,89394.90824289924,161421.4361049107,54912.438538205985,1368407.0,455500.0,89587.98579849946,161421.4361049107,55004.88372093024,1391470.0,469000.0,1910127,627417,10786658,25719,430857.0
2022-08-16,93353.0,164758.3125,56391.56640625,1391470.0,460500.0,94221.84901758014,166426.75110759493,56946.23755122951,1417608.125,469500.0,91132.60806618408,163506.9835443038,55744.45007044057,1380707.25,458500.0,91229.14684591521,165175.42215189873,55929.34045210041,1411458.0,464500.0,4267280,505801,15036727,24180,327692.0
2022-08-17,93739.140625,158501.640625,55836.890625,1339193.75,453500.0,94221.83444902163,163924.0651726974,56576.45209023179,1397620.125,461500.0,92580.6754473481,156833.2023026316,55744.44544184602,1337656.25,450000.0,93449.52433058702,162672.73643092107,56484.00690707781,1394545.125,461000.0,1764674,1410422,9061518,55376,343740.0
2022-08-18,92387.609375,155164.78125,56853.78515625,1345344.0,452000.0,93063.3808124347,156416.1101310484,57223.565872713414,1354569.125,455000.0,92001.45426789447,153496.34274193548,55467.10746951219,1328431.0,445000.0,92580.68692855278,155581.89087701612,55744.44300685976,1342268.875,450000.0,1889587,1438270,16372754,27625,255728.0
2022-08-19,93063.390625,158501.640625,56299.1171875,1334581.25,447000.0,94125.31728150934,159752.96936677632,56946.2334770115,1351494.125,455000.0,92580.69669022303,155581.87356085528,56021.78163485222,1333043.625,445500.0,93642.62334673238,155998.9831414474,56761.34310857964,1348419.0,452500.0,1890839,770986,6923679,19369,225884.0
2022-08-22,91904.921875,157667.4375,55467.11328125,1308443.125,442500.0,92291.07700892857,160170.09523809524,55836.89403645833,1331506.125,447500.0,90746.45647321428,155998.9990079365,55282.22290364583,1300755.375,438500.0,91904.921875,156416.10863095237,55744.44884765625,1323818.5,441500.0,2293601,532730,8259865,34114,207144.0
2022-08-23,90360.28125,157667.4375,54635.1015625,1274617.25,445000.0,92097.97896634616,161004.31448412698,55097.32746404399,1305368.0,449000.0,90360.28125,156833.21825396825,54542.6563821912,1273079.75,439500.0,90842.97506009616,157667.4375,54542.6563821912,1303830.5,441500.0,1932822,711974,9041629,45189,225611.0
2022-08-24,89974.140625,156833.234375,54542.65625,1273079.75,451000.0,90939.52839994636,159335.89237034574,55004.88215042373,1283842.5,454000.0,89781.06307001073,154747.6860455452,54542.65625,1263854.5,441500.0,90649.91206746246,158501.67303856384,54727.54661016949,1276154.875,449500.0,1447036,700265,8888486,31997,242174.0
2022-08-25,90842.9765625,160170.109375,55189.77734375,1299217.875,459000.0,90842.9765625,160587.21903483072,55189.77734375,1299217.875,459000.0,88912.20129018332,157250.3417561849,54542.661026486596,1274617.25,449000.0,90360.28274442084,157667.45141601562,54727.551402847566,1285380.0,452500.0,2189458,561737,5767902,24471,262145.0
2022-08-26,91808.3671875,161421.421875,55467.11328125,1302293.0,465500.0,93449.52622239747,161838.53149224806,56299.11998046875,1314593.25,467000.0,91422.2121204653,159752.98340600776,55374.668092447915,1291530.25,460500.0,92097.98348777603,160587.20264050388,55744.44884765625,1306905.5,461000.0,2301949,473581,9499995,24273,316072.0
2022-08-29,89298.359375,157250.359375,54172.875,1274617.25,459500.0,90070.66951013514,157667.46908156498,54450.21053754266,1282305.0,465000.0,88815.66554054055,155581.92054874005,54172.875,1262317.0,447500.0,89491.43690878378,157250.359375,54265.32017918089,1262317.0,451000.0,2619260,601747,9841329,28621,339935.0
2022-08-30,89974.140625,163089.890625,54357.7734375,1285380.0,465500.0,90167.21817998927,163507.0003196931,54542.663823341834,1291530.25,478000.0,89201.83040504293,158918.79367806905,53895.54747289541,1262317.0,463500.0,89491.44673752683,158918.79367806905,54265.328244579076,1285380.0,470500.0,1595242,891335,9690044,29782,422011.0
2022-08-31,91904.921875,163506.984375,55189.77734375,1283842.5,462500.0,92194.53822544642,164758.31333705358,55374.66772011097,1291530.25,466000.0,88912.21958705357,162255.65541294642,53803.09952104271,1268467.125,455000.0,89394.91350446428,162672.7650669643,53803.09952104271,1273079.75,462500.0,2421669,762426,14203512,35288,432953.0
2022-09-01,89201.8125,163089.890625,53987.98046875,1270004.75,463000.0,90649.89387175324,164758.32940377237,54450.206328927656,1280767.5,469000.0,89105.27374188312,159335.90337276214,53895.53529671447,1253091.75,455000.0,90649.89387175324,161421.4518462276,54265.31598485659,1274617.25,455500.0,2337521,785337,14905777,33572,289808.0
2022-09-02,88526.0625,163924.09375,53155.9921875,1288455.125,482000.0,90070.68300163577,169763.62889631043,54172.88942934783,1302293.0,487000.0,88429.52371864776,163506.9840966921,53155.9921875,1265392.125,466500.0,89491.45031352235,166009.64201653944,53895.553817934786,1270004.75,467500.0,2036818,1401989,15040310,39392,731539.0
2022-09-05,87946.828125,166843.875,52786.203125,1253091.75,483000.0,89201.83225850713,167678.094375,53433.31945052539,1291530.25,492000.0,87271.05666849615,164758.3265625,52508.867556917685,1245404.125,480500.0,88622.59958150383,164758.3265625,53063.53869308231,1288455.125,481500.0,1706148,886938,11425977,41935,323405.0
2022-09-06,88622.59375,167678.078125,52786.203125,1254629.375,483500.0,89684.52025462964,167678.078125,53248.429071803854,1263854.5,486000.0,87946.82233796296,165175.42024253734,52601.312746278454,1250016.75,475000.0,88719.13252314815,167260.9684779229,52878.64831436077,1253091.75,483000.0,1389821,591596,7503086,16159,205898.0
2022-09-07,87271.046875,168512.296875,51769.3046875,1246941.625,488000.0,87946.81825566925,169346.5161664604,52416.42099609375,1256166.875,490500.0,86788.35303166482,166009.63900061883,51676.859500558036,1228491.25,481000.0,87946.81825566925,167678.07758353962,52416.42099609375,1246941.625,481500.0,2053413,758254,17384854,43096,276296.0
2022-09-08,87271.046875,166843.875,51399.53125,1245404.125,486500.0,87850.27948700222,169346.533125,52139.092850719426,1268467.125,494000.0,86884.89180033187,165592.5459375,51399.53125,1243866.625,486000.0,87367.58564366704,168929.4234375,51954.20245053957,1260779.5,492500.0,2012123,860563,18000016,44242,327964.0
2022-09-13,91518.75,167260.984375,53710.65234375,1293067.75,497000.0,91904.90506329114,168095.2037484414,54080.43308277754,1296142.75,500000.0,88526.04825949368,165175.4359413965,52508.8649419105,1253091.75,485500.0,88526.04825949368,167260.984375,52693.75531142427,1257704.375,492000.0,3288428,910285,17166581,52366,437949.0
2022-09-14,89781.046875,165592.53125,52508.8671875,1273079.75,498500.0,90167.20191532258,166843.86020151133,52878.64794234155,1285380.0,500000.0,88139.88795362903,163506.9829974811,51861.75086652729,1245404.125,486500.0,88526.0429939516,164341.20229848867,51954.19605523768,1254629.375,487000.0,2444928,668955,12524961,45353,412616.0
2022-09-15,88815.65625,165175.4375,51769.3046875,1240791.5,511000.0,89781.04381793478,167678.0956439394,52786.20174386161,1280767.5,513000.0,88332.96246603261,165175.4375,51769.3046875,1237716.375,497500.0,89684.5050611413,166009.65688131313,52693.756556919645,1274617.25,499500.0,1755820,404656,11664819,43135,447162.0
2022-09-16,88043.359375,167678.078125,51954.19140625,1233103.875,506000.0,88236.43691748903,168929.40706623136,52139.081767126336,1239254.0,516000.0,86884.89412006579,166009.63953669154,51307.07514318283,1230028.75,501000.0,87753.74306126645,166426.74918376867,51399.520323621,1231566.25,512000.0,2243179,911954,13456503,25984,975540.0
2022-09-19,86884.890625,168095.171875,52139.08984375,1243866.625,477500.0,88332.97213541667,168512.28148263026,52693.761012300536,1248479.125,507000.0,86884.890625,165175.4046215881,51769.30906471631,1223878.625,475000.0,87657.20076388889,168095.171875,52046.64464899158,1230028.75,507000.0,2078633,693456,12278653,25151,524253.0
2022-09-20,84954.109375,165592.53125,51584.41796875,1230028.75,483500.0,87464.11715198864,168929.40845403023,52693.7602906586,1254629.375,491000.0,84471.41557173296,165592.53125,51584.41796875,1230028.75,475500.0,85919.49698153409,168929.40845403023,52139.089129704305,1254629.375,484000.0,4259789,692217,14041465,29046,321658.0
2022-09-21,84954.109375,164341.203125,51122.19140625,1208503.25,479500.0,85436.80317826704,164758.31277760153,51307.08179108273,1231566.25,487500.0,83312.95044389206,162255.65486199237,50844.85582900091,1202353.125,476500.0,84471.41557173296,164341.203125,51214.636598666366,1231566.25,481500.0,2954420,622478,11863700,36823,251723.0
2022-09-22,83023.3359375,161421.421875,50290.18359375,1206965.75,488500.0,83892.18480196221,164341.18919573643,50567.51916503906,1216190.875,492000.0,82926.79717478197,160587.20264050388,50197.73840332031,1186977.75,473500.0,83312.95222565407,162255.64110949612,50475.073974609375,1199278.0,475500.0,2204430,540322,12786510,27402,270673.0
2022-09-23,80609.859375,158918.765625,50382.62890625,1183902.625,460500.0,83602.56074101797,163089.86183562994,50752.40966886468,1217728.5,489500.0,80416.78186751498,158918.765625,50105.293334288996,1183902.625,460000.0,82540.6344498503,161838.53297244097,50290.18371559633,1217728.5,489000.0,3932242,680644,10555964,29152,434212.0
2022-09-26,79644.484375,152245.03125,49827.95703125,1165452.25,446500.0,80320.25575757575,156416.12799657535,50105.29259914193,1183902.625,458000.0,78679.09668560605,150576.59255136986,49550.621463358075,1162377.125,440000.0,78679.09668560605,155999.0183219178,49643.06665265538,1171602.375,453000.0,3281145,1609911,15008449,33402,446277.0
2022-09-27,79161.7890625,155164.78125,50105.2890625,1159302.125,444000.0,79837.56043254574,155164.78125,50105.2890625,1168527.375,451000.0,77906.78508955793,151827.90423387097,49458.17278309502,1137776.625,435000.0,79354.86659679879,152245.0138608871,49735.50833141144,1165452.25,447500.0,2606333,890612,16631289,34096,365111.0
2022-09-28,78389.484375,149742.359375,48903.5,1179290.125,433500.0,80609.87617379926,153913.4557364206,50290.17769376181,1183902.625,451500.0,77713.71295797413,148073.92083043174,48533.719281663514,1145464.25,427000.0,79065.25579202586,153496.34610027855,49827.95179584121,1148539.375,444000.0,3068181,1163914,19991129,60260,434645.0
2022-09-29,78292.578125,151410.796875,48960.28515625,1250016.75,440000.0,80327.40998220915,153496.34504132232,49984.169446589825,1268467.125,448000.0,78001.8878596844,150993.68724173555,48960.28515625,1213115.875,436500.0,79939.82296178836,152245.01614152893,49611.847886466254,1214653.375,440500.0,2064798,714142,13882080,117006,315304.0
2022-09-30,80521.21875,147239.703125,49425.6875,1240791.5,426500.0,81296.39293772563,152662.12845254957,49891.089453860644,1270004.75,438500.0,77905.00586642599,145154.15492209632,48215.642419962336,1236178.875,420000.0,78389.48973375451,150993.6898902266,48681.04437382298,1251554.25,433000.0,4711130,1005125,22503249,49140,359392.0
2022-10-04,83525.0234375,149742.359375,51380.3671875,1246941.625,444500.0,84493.99122679814,152662.12682799442,51566.52793817935,1259241.875,446000.0,82556.05564820186,148073.92083043174,50728.804560122284,1230028.75,415000.0,82556.05564820186,149325.24973885794,51473.447562839676,1256166.875,429500.0,4277404,831935,19148435,28176,385281.0
2022-10-05,87013.296875,147656.8125,52125.01953125,1240791.5,469000.0,87594.67747772828,153496.34745762713,53241.98423549107,1260779.5,470500.0,85366.05183393652,143485.7161016949,51566.53717912947,1239254.0,448500.0,87207.09040924277,153079.23781779662,52962.7430594308,1260779.5,455000.0,5927256,1144019,22458970,25090,500217.0
2022-10-06,87110.203125,148491.046875,52404.2578125,1248479.125,478000.0,89145.0354560623,149742.37592169945,53335.0616812833,1256166.875,487000.0,87013.30634733036,145988.38878160113,52404.2578125,1239254.0,466500.0,88079.17090169633,148908.15655723316,52776.57936001332,1251554.25,470000.0,3039698,611007,14944446,20146,355060.0
2022-10-07,88369.8515625,146405.515625,52311.17578125,1246941.625,482500.0,88951.23216488487,147239.7350872507,52962.73846891682,1259241.875,486000.0,85075.36148231909,145154.1864316239,51380.37194172598,1237716.375,474000.0,86819.50328947368,147239.7350872507,52031.934629392796,1242329.0,474500.0,3100583,608384,16886813,34248,278082.0
2022-10-11,87400.8828125,140148.84375,51566.5390625,1233103.875,497500.0,88369.85047117517,142234.3920200893,51845.78024875902,1253091.75,497500.0,85269.15396341463,138480.40513392858,50263.41352662455,1222341.125,477500.0,86916.39898316242,141817.28236607142,50635.73510830325,1245404.125,482000.0,3840842,1145441,21437877,34064,482189.0
2022-10-12,91082.9609375,140148.84375,51938.859375,1260779.5,483000.0,91082.9609375,141400.17271205358,53055.82409274193,1266929.625,498000.0,88079.1611619016,138063.2954799107,51380.37701612903,1223878.625,475500.0,88176.05792885639,138897.51478794642,51845.77898185484,1234641.375,497500.0,4648231,821753,18408910,37273,372446.0
2022-10-13,91955.0234375,137229.078125,51380.3671875,1240791.5,477000.0,91955.0234375,140148.84574468085,52218.09056555707,1262317.0,492500.0,89920.19151738672,137229.078125,51380.3671875,1239254.0,476500.0,90501.57206599052,139731.73608472644,51566.52793817935,1256166.875,484500.0,4390570,691537,13784602,30485,305035.0
2022-10-14,92536.40625,139314.640625,52404.2578125,1239254.0,483000.0,93602.27061518325,140148.86002994012,52590.41858625666,1259241.875,489500.0,91373.64512434555,137646.20181511977,51938.85587810835,1233103.875,479000.0,93020.89005235603,139314.640625,52311.17742562167,1259241.875,487000.0,3516437,657249,12924326,37860,234212.0
2022-10-17,92245.7265625,139314.640625,52683.5,1276154.875,491500.0,92342.62333409926,140565.9697324102,53055.82155477032,1282305.0,491500.0,91082.96530330883,136811.98241017965,51845.776501766784,1234641.375,477000.0,91664.34593290441,138480.42122005988,51938.85689045936,1239254.0,479500.0,2134558,665601,13641878,42599,234777.0
2022-10-18,92827.1171875,140148.84375,52590.4140625,1299217.875,489000.0,93214.70431563152,143068.611328125,53148.89633573009,1303830.5,499500.0,91664.35580310543,137646.18582589287,51938.85141039823,1279229.875,481500.0,92924.01396953288,142234.3920200893,52776.57482024336,1291530.25,497000.0,2618680,1286984,14820702,42263,338046.0
2022-10-19,90017.109375,140148.84375,51938.859375,1302293.0,497500.0,91955.04499125404,143902.8306361607,52962.74369959677,1322280.875,500000.0,89823.3158133746,138480.40513392858,51845.77898185484,1293067.75,489500.0,91761.25142962864,138480.40513392858,52776.58291330645,1299217.875,491000.0,3684934,1111330,12660652,38757,347663.0
2022-10-20,87400.8828125,140565.96875,51659.6171875,1283842.5,495000.0,88951.23106638026,141400.18814910977,52125.01914414414,1291530.25,500000.0,86238.1216220898,138897.52995178042,51287.29562218468,1266929.625,484500.0,88176.05693944014,140565.96875,51380.37601351351,1291530.25,499000.0,4547678,692203,17107653,34634,301938.0
2022-10-21,87691.578125,139314.640625,52031.9375,1302293.0,499000.0,88563.64906767955,141400.1891373503,52404.25905635063,1305368.0,499000.0,86916.40395372928,138063.31151758984,51287.29438729875,1293067.75,489000.0,87013.30072513812,140983.07943488026,51287.29438729875,1294605.25,491000.0,2206754,695788,11456060,31095,211677.0
2022-10-24,88951.234375,134726.40625,53521.2265625,1342268.875,509000.0,90210.8923781318,141400.16011996905,53521.2265625,1342268.875,510000.0,88369.85375816993,134726.40625,52776.583410326086,1311518.125,500000.0,89338.82145288671,140983.050503096,53055.824592391305,1316130.75,504000.0,2165991,1443569,16944503,60939,346950.0
2022-10-25,90598.4921875,135560.640625,53707.3828125,1359181.75,511000.0,91858.15036764706,135977.75028846154,54545.10628791161,1376094.625,526000.0,88176.07261029411,133475.0923076923,53055.82010940208,1334581.25,509000.0,89048.14365808823,135560.640625,53055.82010940208,1349956.5,510000.0,2656194,967860,17405678,76819,473847.0
2022-10-26,90986.0625,133892.203125,55289.75,1377632.25,529000.0,92536.4107428115,136811.97079439252,55475.910774410775,1382244.75,530000.0,90307.78514376997,133475.09345794393,53707.38341750842,1346881.5,514000.0,90404.68190894568,135977.7514602804,53986.62457912458,1360719.25,517000.0,3310322,1023919,20824967,56133,445935.0
2022-10-27,87207.0859375,135143.53125,55382.828125,1342268.875,540000.0,92148.82080729168,136394.86024305556,55941.31042542017,1391470.0,545000.0,87013.29241319445,133892.20225694444,54824.34582457983,1329968.625,532000.0,92148.82080729168,134309.3119212963,55568.98889180672,1385319.875,535000.0,4550273,876823,21756712,101431,370279.0
2022-10-28,80811.90625,136811.953125,53335.05859375,1346881.5,532000.0,85075.36413369305,138480.3915777439,55103.585842059336,1362256.875,549000.0,80424.31916966426,134726.40505907012,53241.97821226003,1340731.375,530000.0,84397.08674310551,135143.5146722561,54824.34469758944,1345344.0,540000.0,7748514,752111,20924937,45283,381489.0
2022-10-31,80133.625,137229.078125,55289.75,1348419.0,528000.0,82749.8376662636,138897.51676481764,55755.15193602694,1371482.0,542000.0,79842.93470374848,135143.52982522798,53986.62457912458,1339193.75,516000.0,81683.97324667472,138480.40710486323,54079.70496632997,1359181.75,539000.0,6271574,622380,18999514,26001,627381.0
2022-11-01,81296.390625,137229.078125,55848.23046875,1356106.75,563000.0,81296.390625,137646.1877849544,56127.471621093755,1363794.375,563000.0,78873.97135727057,135143.52982522798,55382.82854817709,1343806.375,533000.0,80133.62937648987,136394.85880509118,55755.15008463542,1362256.875,534000.0,3820185,628185,17201647,32744,516467.0
2022-11-02,81877.765625,137646.171875,55475.91015625,1342268.875,569000.0,82846.73326553254,137646.171875,55848.23170092282,1351494.125,585000.0,81005.6947485207,135143.51420454544,55196.668997745386,1333043.625,560000.0,81587.07533284024,137229.06226325757,55568.99054241821,1346881.5,564000.0,2536363,941434,13202919,44932,587884.0
2022-11-03,80133.625,135143.53125,55103.59375,1337656.25,589000.0,80908.79912333736,135977.7505787037,55662.07611908783,1351494.125,593000.0,79358.45087666264,133892.20225694444,54079.70940667229,1309980.625,557000.0,80036.72823458283,135560.64091435185,54545.11138091216,1317668.25,560000.0,2901380,1008989,17492162,31991,423465.0
2022-11-04,81877.765625,135977.734375,55289.75,1339193.75,592000.0,81974.66238905325,136811.95360429448,55382.83038720539,1346881.5,598000.0,79164.65623150888,134726.4055310583,54358.946127946125,1329968.625,583000.0,80133.62387204143,135143.51514570552,55010.50883838384,1340731.375,590000.0,3032985,522276,12445841,16058,363743.0
2022-11-07,83815.703125,141400.1875,56034.39453125,1357644.25,587000.0,84106.39342485549,141817.29719764012,56127.474920836794,1362256.875,596000.0,82362.25162572255,138063.30991887907,55289.75141455565,1337656.25,581000.0,82749.83869219653,138897.5293141593,55568.99258331603,1351494.125,591000.0,2765284,1126417,12437246,29838,260646.0
2022-11-08,84978.46875,141817.28125,57523.6796875,1383782.375,588000.0,86238.12678164196,143485.71985294117,57616.76007534385,1393007.625,590000.0,84687.7784350057,139731.73299632352,56313.634645529935,1360719.25,570000.0,84881.57197833523,143068.6102022059,56313.634645529935,1366869.5,590000.0,2799575,804889,18273898,47849,367102.0
2022-11-09,86431.921875,141400.1875,57709.83203125,1376094.625,599000.0,86431.921875,143485.73598820058,57895.992779737906,1389932.5,599000.0,83912.60576653587,139314.63901179942,57058.26941154234,1368407.0,581000.0,85366.05736757287,142234.40689528023,57709.83203125,1383782.375,591000.0,2619752,953568,14045592,42060,304293.0
2022-11-10,86335.015625,141400.1875,56220.55078125,1394545.125,605000.0,87982.26059203142,144319.95538348085,57244.434984219784,1397620.125,610000.0,85559.84152286756,138897.5293141593,56220.55078125,1380707.25,593000.0,86238.11886223344,139314.63901179942,57151.35460213162,1380707.25,595000.0,3856811,1018720,21087633,46689,381672.0
2022-11-11,90598.4921875,143485.71875,58547.5625,1383782.375,624000.0,92342.63428308823,146405.4862827035,58826.803656597775,1414533.125,629000.0,89629.52435661765,142651.49945494186,57989.08018680445,1380707.25,613000.0,92245.7375,145571.26698764536,58733.72327106518,1409920.5,623000.0,5002149,980474,20037163,46013,447112.0
2022-11-14,88079.1640625,146822.59375,57616.7578125,1385319.875,604000.0,90986.06716687293,149742.3612393466,58547.56165438207,1405307.875,628000.0,88079.1640625,145154.1551846591,57430.59704412359,1382244.75,602000.0,90986.06716687293,145571.26482599432,58547.56165438207,1382244.75,618000.0,2483441,1379189,15973416,36726,433612.0
2022-11-15,88757.4453125,145571.25,58082.1640625,1393007.625,596000.0,89241.92918429311,147656.79799426932,58175.244453625804,1399157.75,610000.0,87594.6840201965,144319.9212034384,57337.52093349359,1385319.875,586000.0,88466.75498942412,147239.68839541546,57896.0032802484,1397620.125,604000.0,2460465,838806,12310986,25557,380071.0
2022-11-16,88660.53125,143485.71875,58361.40234375,1353031.625,600000.0,89532.60204918034,146405.4862827035,58361.40234375,1394545.125,603000.0,87497.77018442623,142234.38980741278,57430.59847861842,1343806.375,585000.0,89145.01502732241,145988.3766351744,58082.16118421053,1393007.625,599000.0,2609199,642717,12909260,38330,246738.0
2022-11-17,84978.46875,141817.28125,57151.3515625,1345344.0,597000.0,85753.64292331813,143902.82950367648,57709.83382532573,1368407.0,606000.0,79455.35276510833,141400.1715992647,57058.27118536238,1345344.0,593000.0,79842.93985176738,142651.50055147058,57709.83382532573,1354569.125,596000.0,3703870,502812,13298296,21591,157723.0
2022-11-18,85656.7421875,141400.1875,57523.6796875,1356106.75,598000.0,88660.54197009333,144319.95538348085,58082.1620145631,1366869.5,613000.0,85366.05188595872,141400.1875,57151.358136124596,1343806.375,597000.0,85947.4324890413,141817.29719764012,57523.6796875,1346881.5,600000.0,2981192,559141,12236503,28491,237076.0
2022-11-21,83621.90625,140148.84375,57151.3515625,1365331.875,573000.0,84978.46092844728,141817.28236607142,57523.673071050485,1377632.25,600000.0,83428.11272450753,138897.51478794642,56592.86929967427,1356106.75,571000.0,84881.56416570104,141400.17271205358,57151.3515625,1377632.25,600000.0,2111523,517728,9378097,19604,375953.0
2022-11-22,82556.046875,138063.265625,56406.71484375,1365331.875,571000.0,83912.6016358568,140148.81344410876,56965.19716893564,1379169.75,578000.0,82265.3565691021,137646.15606117825,56127.47368115718,1359181.75,558000.0,82846.73718089788,139731.703880287,56685.95600634282,1363794.375,569000.0,1617131,454542,9411289,30319,323986.0
2022-11-23,82556.046875,138480.40625,56779.03515625,1365331.875,561000.0,84009.49840448944,139731.73522213855,57058.27631275615,1368407.0,576000.0,82265.3565691021,136811.9676204819,56499.79399974385,1349956.5,557000.0,83428.11779269367,138897.5159073795,56965.1959272541,1368407.0,574000.0,1480400,449446,8765050,20734,313170.0
2022-11-24,84203.296875,139731.734375,57151.3515625,1377632.25,568000.0,84493.98719792865,140565.9536847015,57430.59269391287,1382244.75,574000.0,83040.53558328538,138897.5150652985,56685.94967681189,1365331.875,565000.0,84203.296875,140148.84402985073,56965.190808224754,1371482.0,568000.0,2148255,323362,8125010,18491,202426.0
2022-11-25,82459.1328125,138480.40625,56779.03515625,1388395.0,571000.0,84590.86127533784,140565.9545368976,57430.597854764346,1389932.5,577000.0,82459.1328125,138480.40625,56592.8743852459,1376094.625,566000.0,84493.96452702703,140148.84487951806,57151.3566982582,1383782.375,568000.0,1439011,356637,6677933,20608,189536.0
2022-11-28,80521.21875,139731.734375,55941.30859375,1360719.25,562000.0,81587.08325812274,141400.17299440296,56313.63011517263,1388395.0,584000.0,80327.42520306859,136811.96679104478,55662.067452683026,1356106.75,554000.0,81490.18648465704,138480.40541044774,56313.63011517263,1385319.875,573000.0,2471506,551024,8589032,15255,327688.0
2022-11-29,81102.59375,140983.078125,56406.71484375,1360719.25,567000.0,81199.49051672641,141400.18782359466,56406.71484375,1373019.625,568000.0,79552.24548237755,139314.6393306213,55662.07174350247,1348419.0,558000.0,80133.62608273597,140148.85872781064,55755.152131033414,1371482.0,562000.0,1501783,341427,7014160,18181,276910.0
2022-11-30,82362.2421875,140983.078125,57895.99609375,1363794.375,587000.0,82749.82920955883,142234.40722078402,57895.99609375,1376094.625,587000.0,80521.20383272058,140565.96842640534,56034.38850231109,1348419.0,556000.0,80618.10058823529,140983.078125,56220.54926145498,1354569.125,563000.0,3332708,633720,19768903,45131,1549820.0
2022-12-01,82071.5703125,143068.640625,58268.32421875,1359181.75,585000.0,84590.88652043979,144319.96984329447,58826.80655950479,1380707.25,591000.0,81974.67353527155,142234.42114613703,57989.0830483726,1348419.0,579000.0,84590.88652043979,143485.7503644315,58733.72616937899,1373019.625,589000.0,2878591,499538,16631445,31385,360664.0
2022-12-02,79358.4609375,140983.078125,56220.55078125,1337656.25,584000.0,81296.3964915293,143902.84601516274,58175.238805101406,1360719.25,590000.0,79261.56415979854,140565.96842640534,56220.55078125,1337656.25,578000.0,81296.3964915293,143485.73631656804,58175.238805101406,1359181.75,585000.0,4594058,453689,15331184,24526,239024.0
2022-12-05,78486.375,138063.265625,56127.47265625,1280767.5,562000.0,79746.03287037037,141817.25169939577,56872.11574290008,1339193.75,582000.0,78195.68472222223,137229.0464973565,55848.23149875621,1279229.875,562000.0,79358.44583333333,141400.14213557402,56685.95497123756,1337656.25,582000.0,3516456,788455,13767787,59846,370292.0
2022-12-06,78486.375,137229.078125,55103.59375,1288455.125,559000.0,78583.27175925925,137646.1877849544,55941.31730363175,1306905.5,568000.0,77323.61388888888,135560.63948518236,55103.59375,1268467.125,553000.0,77420.51064814815,136811.9684650456,55662.07611908783,1268467.125,555000.0,2781352,434862,13888300,32741,249853.0
2022-12-07,76451.5546875,135977.734375,54824.34375,1277692.375,563000.0,78195.69661953422,137646.17283358896,55475.90640916808,1293067.75,565000.0,76257.7611394962,135977.734375,54452.02223047538,1260779.5,553000.0,77420.52242751901,136394.84398964726,54731.263370118846,1285380.0,558000.0,3589926,379112,12100662,27419,209953.0
2022-12-08,76354.6484375,135143.53125,55103.59375,1271542.25,531000.0,77323.61605726523,136394.86024305556,55103.59375,1283842.5,567000.0,75773.26786564085,134309.3119212963,54545.11138091216,1254629.375,525000.0,75773.26786564085,136394.86024305556,54638.19177576013,1273079.75,564000.0,3809847,703551,12986815,54559,928841.0
2022-12-09,78970.859375,135560.640625,56220.55078125,1271542.25,515000.0,78970.859375,136811.96961538462,56406.711545426326,1283842.5,534000.0,76839.13065567485,135143.53096153846,55196.666578280216,1253091.75,507000.0,76936.02741564417,136394.85995192308,55196.666578280216,1282305.0,533000.0,2985508,464194,10529632,31051,621086.0
2022-12-12,78583.2734375,136394.84375,55382.828125,1253091.75,502000.0,78777.06696015722,136394.84375,55848.2300420168,1274617.25,514000.0,77032.92525624229,135143.51490825688,55289.747741596635,1245404.125,501000.0,77614.30582421394,135143.51490825688,55755.149658613445,1271542.25,506000.0,1242007,232963,9036472,24176,410188.0
2022-12-13,79746.03125,133057.984375,55568.98828125,1260779.5,496500.0,80133.6182791616,136811.97139498434,56127.470575533924,1268467.125,506000.0,78001.88961877278,131806.65536833857,55289.747134108045,1254629.375,489000.0,78777.06367709598,136811.97139498434,55475.90789886935,1256166.875,506000.0,2761104,756323,9040873,17523,409056.0
2022-12-14,79261.5546875,136394.84375,56313.62890625,1286917.625,498500.0,80036.72881647311,137646.17259174312,56406.70928460744,1299217.875,502000.0,78583.27732464853,133057.966838685,55662.06625774794,1265392.125,488000.0,79552.24498586492,133475.07645259937,55662.06625774794,1268467.125,492500.0,2357491,614474,8207485,29575,321107.0
2022-12-15,77711.2109375,135143.53125,55196.6640625,1265392.125,486000.0,78583.28188318267,137646.18923611112,56034.3874631113,1289992.625,502000.0,77420.52062227245,135143.53125,55196.6640625,1265392.125,483000.0,78098.79802447007,135560.64091435185,55662.0659517285,1289992.625,499000.0,1713617,383741,8716039,17223,324362.0
2022-12-16,75967.0703125,135560.640625,55382.828125,1283842.5,485500.0,76936.0380460778,135977.75028846154,55382.828125,1286917.625,489500.0,75094.99935227998,133475.0923076923,54265.863524159664,1246941.625,476500.0,75288.79289899553,133475.0923076923,54265.863524159664,1250016.75,476500.0,3827227,446581,13033596,26859,312213.0
2022-12-19,76548.4375,132640.859375,55382.828125,1262317.0,482000.0,77614.30181962025,134726.4074783805,55755.149658613445,1277692.375,483000.0,75870.1602056962,131389.5305129717,55010.506591386555,1262317.0,473000.0,75870.1602056962,133892.1882370283,55382.828125,1268467.125,482500.0,1813544,734465,7696187,14104,333848.0
2022-12-20,75870.15625,130972.4453125,54545.10546875,1260779.5,487500.0,76451.53675766283,132223.77440784234,55010.507392544794,1265392.125,497500.0,75385.6724936143,128886.89682026273,54452.025083991044,1239254.0,477000.0,75773.25949872285,131806.6647093949,54917.42700778584,1260779.5,478500.0,1361926,1039931,9284761,23354,328234.0
2022-12-21,75579.4765625,130138.21875,53986.625,1257704.375,477000.0,76742.23774038462,131389.5477764423,55010.50926724138,1270004.75,493000.0,75579.4765625,129721.10907451922,53986.625,1246941.625,475000.0,76063.9603866186,130972.43810096153,54638.18771551724,1266929.625,489500.0,1513864,531850,10356971,13500,244350.0
2022-12-22,76742.234375,132223.75,55010.50390625,1266929.625,471500.0,76839.13113557448,133057.9692429022,55010.50390625,1270004.75,481000.0,75482.57648753157,130555.31151419558,54079.70011765017,1257704.375,466500.0,76063.95705097853,130555.31151419558,54079.70011765017,1259241.875,479500.0,2061883,452454,10720630,17290,340815.0
2022-12-23,75385.6875,130972.4453125,54079.703125,1239254.0,455500.0,75870.17135282776,131806.6647093949,54358.944277108436,1263854.5,465500.0,74901.20364717224,129721.11621715764,53707.38158885542,1231566.25,455000.0,75385.6875,130972.4453125,54172.78350903615,1253091.75,464000.0,1554446,336597,9829407,28814,287228.0
2022-12-26,74610.5,131806.671875,53893.54296875,1263854.5,457500.0,75288.77727272727,132640.89131724683,54079.70373893567,1268467.125,459500.0,74126.01623376623,130972.45243275315,53707.38219856434,1242329.0,454000.0,75288.77727272727,130972.45243275315,53986.623353842835,1242329.0,454000.0,1414717,387872,6756411,29727,149013.0
2022-12-27,74610.5,131806.671875,54079.703125,1273079.75,457000.0,75191.88051948052,133475.11075949366,54358.944277108436,1279229.875,460000.0,74126.01623376623,130972.45243275315,53893.54235692771,1262317.0,449500.0,75094.98376623377,132223.78159612342,53986.62274096386,1270004.75,457500.0,1694225,637139,10667027,34356,231365.0
2022-12-28,73929.578125,133540.953125,53012.89453125,1276154.875,436500.0,74902.3357319079,135708.82574066558,53949.51810954064,1286917.625,450500.0,73345.92356085526,133540.953125,52825.56981559187,1262317.0,432500.0,74707.78421052631,135275.25121753247,53949.51810954064,1262317.0,450500.0,1891221,556921,14665410,32764,446129.0
2022-12-29,72956.8125,130939.5,51795.27734375,1262317.0,435500.0,73540.467,133540.94701986757,52638.23845784358,1277692.375,442500.0,72664.98525,130505.92549668875,51795.27734375,1260779.5,432500.0,73151.364,132673.79801324505,52450.913765822785,1263854.5,435500.0,1736661,552974,11295935,22880,265226.0
2023-01-02,73637.7421875,136142.390625,51982.60546875,1271542.25,446000.0,74610.49968006935,139610.98656449045,52544.579581925675,1280767.5,455000.0,72956.81194270146,133540.94367038217,51701.61841216216,1263854.5,441500.0,73054.0876919584,133540.94367038217,51982.60546875,1277692.375,442000.0,1376985,1132256,10031448,21469,250046.0
2023-01-03,73540.4765625,137876.6875,51888.94140625,1234641.375,440500.0,74221.40690104167,139177.41096698114,52450.91550090253,1271542.25,449500.0,71108.58249627976,135275.24056603774,51045.98026427121,1228491.25,435000.0,73540.4765625,137443.1130110063,51888.94140625,1268467.125,446000.0,2719437,787752,13547030,46450,218710.0
2023-01-04,78793.359375,139177.421875,54136.84375,1220803.5,443000.0,79668.84114583333,139610.99639797508,54324.16846885813,1233103.875,445000.0,73151.36574074074,136575.97473714952,52076.271842560556,1203890.625,421000.0,73345.91724537036,136575.97473714952,52169.93420198962,1230028.75,433000.0,5154609,463444,20188071,47087,291720.0
2023-01-05,79182.4609375,137876.6875,54511.484375,1242329.0,433500.0,81030.70019771192,140044.55994496855,55073.458440721646,1250016.75,450000.0,78598.80643427519,137009.5385220126,53949.51030927835,1226953.625,433000.0,81030.70019771192,139610.98545597485,54511.484375,1226953.625,447000.0,3510964,577152,15682826,32641,291874.0
2023-01-06,80836.1640625,138310.265625,55260.78125,1242329.0,444000.0,81322.5429076414,140044.5636265674,55635.43061440678,1257704.375,444000.0,78890.64868193441,136575.9676234326,54230.495497881355,1226953.625,423000.0,79182.47598901925,136575.9676234326,54605.144862288136,1228491.25,429500.0,3687430,502420,17334989,26762,294525.0
2023-01-09,83657.1484375,142212.421875,56853.05078125,1248479.125,464000.0,83657.1484375,142645.99633193598,56853.05078125,1266929.625,465000.0,81225.25458757268,138743.8262195122,55822.76485275947,1243866.625,448500.0,82587.11514353198,139610.97513338414,55916.42720989497,1260779.5,449500.0,3948670,614204,18640107,30701,395601.0
2023-01-10,84143.5390625,141345.265625,56572.05859375,1228491.25,473500.0,84824.46943641618,142212.414493865,57227.695034406046,1259241.875,484000.0,82684.40254696533,140044.54232170244,56103.74685042426,1228491.25,467000.0,83170.78138547688,140911.69119056748,56384.733896419704,1254629.375,473500.0,3105311,414613,14859797,42683,608987.0
2023-01-11,84921.7421875,142212.421875,56665.71484375,1234641.375,474500.0,85991.77559421535,143079.57078887196,57321.35121384298,1242329.0,478500.0,84143.5360735252,141345.27296112807,56478.39016658058,1228491.25,469000.0,85408.12100873425,141778.84741806402,57134.026536673555,1237716.375,474000.0,3083961,367725,12310751,43424,254291.0
2023-01-12,84435.359375,144380.296875,56665.71484375,1246941.625,478000.0,85699.94425043203,145681.02027027027,57321.35121384298,1256166.875,482000.0,83462.60177851382,142645.99901463964,56103.74081224174,1239254.0,472000.0,85699.94425043203,143946.7224099099,57227.68887525827,1242329.0,481000.0,3065582,869403,16102561,39206,287924.0
2023-01-13,83365.328125,146548.1875,56946.70703125,1246941.625,478000.0,85116.29184291132,147415.33653846153,57321.35641961349,1263854.5,482000.0,83073.50083868144,144813.88942307694,56572.05764288652,1246941.625,475500.0,84435.36150816802,145247.4639423077,56665.719989977384,1253091.75,479500.0,2058890,707095,12510328,40398,181006.0
2023-01-16,83462.6015625,144380.296875,57227.6953125,1240791.5,480500.0,84143.53187827797,145247.44580518018,57696.00705810147,1253091.75,480500.0,82587.11972792832,141778.85008445944,56946.70826513912,1239254.0,475500.0,83657.1530812937,144380.296875,57415.02001074059,1246941.625,478500.0,1512876,797353,10039972,27873,138434.0
2023-01-17,83657.1484375,143946.734375,57134.03125,1219266.0,458000.0,84824.45748546511,144813.88337725904,57602.342981557376,1246941.625,479000.0,83365.32117550872,142646.01087161145,56759.3818647541,1219266.0,454500.0,84046.25145348838,144380.3088761295,57321.35594262295,1245404.125,478500.0,1586136,452113,9831456,51539,390507.0
2023-01-18,82781.6640625,142646.0,56572.05859375,1219266.0,458000.0,84143.52457586663,144380.29787234042,57134.032685740895,1222341.125,467000.0,82198.00955677145,140911.70212765958,56103.74685042426,1208503.25,454500.0,84046.24882491188,144380.29787234042,56853.04563974545,1219266.0,464000.0,1494262,499603,11584041,31420,282241.0
2023-01-19,83170.765625,142212.421875,57602.34765625,1231566.25,456000.0,83462.59287280701,142212.421875,57602.34765625,1233103.875,463000.0,81711.62938596492,140478.1240472561,56572.06176321138,1213115.875,448000.0,81711.62938596492,140478.1240472561,56665.72411712398,1219266.0,458000.0,1674834,353522,12808490,24758,271694.0
2023-01-20,85213.578125,142646.0,57883.33203125,1230028.75,469500.0,85408.1296732306,142646.0,58351.64377907565,1230028.75,471500.0,83754.44151327055,141345.27659574468,57227.695584294095,1220803.5,450500.0,83948.99306150114,141345.27659574468,58164.31907994539,1225416.125,456500.0,2386074,296063,9646327,22394,266206.0
2023-01-25,88910.046875,143686.59375,59288.26953125,1228491.25,483000.0,89493.70144967177,144380.3129714846,59662.91894376974,1236178.875,484000.0,88131.84077543764,143253.01923657212,59007.282471860184,1225416.125,470000.0,89493.70144967177,144033.4533607423,59475.59423750987,1230028.75,470000.0,5019,2088,39217,574,1671.0
2023-01-26,88910.046875,151837.8125,59756.58203125,1222341.125,517000.0,89785.52873700765,152791.67654197602,59850.24438553096,1230028.75,520000.0,87645.46196321116,144467.04490291263,59288.27025984522,1213115.875,476500.0,88326.39230032823,144467.04490291263,59756.58203125,1226953.625,485500.0,4542,14251,54188,569,2155.0
2023-01-27,89007.3125,150797.203125,60505.875,1243866.625,506000.0,90271.89726775956,154005.65425531915,60880.524380804956,1246941.625,526000.0,87840.00348360656,150276.91375251583,59850.23858359134,1216190.875,504000.0,88812.76099726776,153485.36488283498,60318.55030959753,1220803.5,525000.0,5083,4005,44282,2292,3193.0
2023-01-30,88229.1171875,150797.203125,59288.26953125,1234641.375,509000.0,89104.59905595369,152358.07124245257,60786.867181328984,1276154.875,515000.0,87548.18684536935,146895.03283136862,59100.944824990125,1230028.75,490000.0,88812.77176646913,151230.77760207016,60786.867181328984,1260779.5,498500.0,6289,3624,59628,419,6763.0
2023-01-31,86089.0390625,147415.328125,57508.68359375,1220803.5,521000.0,88326.38132062147,147762.18772058823,59662.91766973738,1237716.375,528000.0,84435.35130649718,144813.88115808825,57134.03418923046,1217728.5,501000.0,88326.38132062147,146548.17913602942,59475.592967477605,1236178.875,504000.0,29971,5408,163847,301,2937.0
2023-02-01,88910.046875,144813.890625,57134.03125,1236178.875,522000.0,88910.046875,148716.0613304641,58726.291137295084,1237716.375,531000.0,86089.04976408643,146288.04400261978,57134.03125,1211578.375,518000.0,88715.4953501094,146721.6185254491,58632.6287909836,1219266.0,527000.0,8975,3251,98585,417,2642.0
2023-02-02,88910.046875,147328.59375,59475.59375,1248479.125,534000.0,92314.69856058534,149930.04037301353,59850.24315944882,1256166.875,534000.0,90174.63178678883,146808.3044253973,58632.63257874016,1239254.0,522000.0,92314.69856058534,148716.03194894057,59194.60669291339,1239254.0,529000.0,8254,3621,65992,135,3085.0
2023-02-03,89688.25,147328.59375,59475.59375,1246941.625,533000.0,90661.0075921909,151317.4785719541,59943.90551181103,1254629.375,541000.0,88812.7681670282,147068.44908769865,59007.28198818898,1233103.875,530000.0,89882.80151843818,147502.02352486757,59850.24315944882,1240791.5,533000.0,13644,3940,47567,258,1804.0
2023-02-06,86672.703125,149843.359375,57696.0078125,1240791.5,525000.0,89493.70019640852,151490.94260886865,59007.28071732955,1257704.375,533000.0,86672.703125,148022.34632703994,57696.0078125,1234641.375,521000.0,88910.04562991021,150883.93825954862,58819.95601663961,1243866.625,530000.0,14291,1700,144104,127,2328.0
2023-02-07,88326.3828125,147848.921875,58070.6640625,1250016.75,543000.0,88715.48582048458,148455.9262463343,58538.975869455644,1254629.375,544000.0,86380.8677725771,146981.77277309383,57696.014616935485,1240791.5,520000.0,86380.8677725771,148282.49642595308,57977.00170110887,1240791.5,520000.0,6885,2221,32873,117,2115.0
2023-02-08,92314.6953125,147848.921875,59100.9453125,1254629.375,546000.0,92411.97107152265,150016.79462976538,59288.27002030507,1265392.125,549000.0,89104.59526475237,147588.77714442814,58445.30883518225,1246941.625,542000.0,89201.87102377503,148716.07097690617,58819.95825079239,1250016.75,545000.0,18320,1223,42558,118,1489.0
2023-02-09,92314.6953125,149669.921875,59288.26953125,1251554.25,550000.0,92217.41955347735,150883.9305112978,59288.26953125,1260779.5,550000.0,90077.35285497893,148716.0579464803,58351.645999950626,1243866.625,540000.0,92217.41955347735,149062.9175568511,59007.282471860184,1254629.375,544000.0,12117,3503,48035,117,6355.0
2023-02-10,90952.8515625,150190.21875,58913.61328125,1251554.25,540000.0,92120.1608873663,150450.36347069862,59007.275623509544,1246941.625,548000.0,90563.74845421124,148369.2057051097,58445.30156995231,1233103.875,535000.0,91731.05777907754,148802.78023960738,58632.62625447138,1243866.625,547000.0,4669,1670,44786,164,2024.0
2023-02-13,88131.8515625,148802.78125,58913.61328125,1240791.5,522000.0,89493.71240342162,151144.0837521853,59007.275623509544,1245404.125,537000.0,87450.92114203918,148542.63652753495,58351.63922769277,1231566.25,522000.0,89493.71240342162,149756.64523237178,58913.61328125,1242329.0,536000.0,22453,3230,59395,74,3391.0
2023-02-14,90855.5703125,150623.78125,59194.60546875,1237716.375,525000.0,90952.84608371252,152358.0792494243,59850.24192172666,1246941.625,532000.0,89104.60643067451,149756.63225028786,59194.60546875,1233103.875,520000.0,89299.15797309957,149930.06205023028,59569.254870450946,1242329.0,526000.0,11361,1429,70606,134,2197.0
2023-02-15,89201.875,149756.625,58257.9765625,1220803.5,527000.0,91633.76908396946,152011.21229009843,59850.23637208601,1239254.0,543000.0,88715.49618320611,148976.19093804283,58070.65187901929,1219266.0,526000.0,91244.66603053435,151404.2080196873,59850.23637208601,1237716.375,531000.0,6599,937,58370,206,2439.0
2023-02-16,90369.1953125,155479.8125,59662.9140625,1243866.625,549000.0,90855.57418931647,156086.81678750698,59662.9140625,1245404.125,549000.0,89104.61023277718,150276.91860708312,58445.30357142857,1222341.125,531000.0,89396.43755886705,150363.63350529838,58538.965916895606,1225416.125,534000.0,4182,3219,41448,132,4999.0
2023-02-17,89493.6953125,155219.671875,58632.6328125,1228491.25,533000.0,90174.6256029212,155913.39107891062,59288.26928164936,1237716.375,548000.0,88423.66199898097,153485.37386522346,58445.30810702875,1225416.125,529000.0,88910.04077785325,153832.23346717877,58913.61987070687,1234641.375,540000.0,5053,1647,28613,134,2755.0
2023-02-20,89980.0859375,154525.953125,58726.2890625,1237716.375,516000.0,90758.29208614865,155566.53193392255,59007.27609150718,1243866.625,534000.0,88229.12210304054,153138.51471310324,57883.32797547847,1219266.0,511000.0,90174.63747466216,155566.53193392255,58913.61374850479,1230028.75,534000.0,5083,1245,29846,104,3243.0
2023-02-21,88715.4921875,154525.953125,58164.32421875,1230028.75,520000.0,90077.35281318531,155219.67233094838,58819.960723631244,1237716.375,522000.0,88423.66491056743,152184.65080492423,58070.66186090982,1225416.125,511000.0,89980.07705420778,154786.09782723064,58726.298365791066,1231566.25,517000.0,4942,2722,60971,137,1865.0
2023-02-22,86672.703125,151057.34375,57227.6953125,1211578.375,508000.0,87840.01225799663,153398.6458632319,57883.331756342064,1220803.5,516000.0,86089.04855850169,150883.91396383467,57134.0329633797,1210040.75,504000.0,87450.90921366442,152444.7820393226,57602.344708981174,1219266.0,507000.0,7566,3595,39178,199,3147.0
2023-02-23,90174.6484375,152791.640625,58070.6640625,1213115.875,507000.0,91147.40624157227,154872.79804554486,58538.975869455644,1220803.5,515000.0,87159.09924487595,151144.05766706867,57602.352255544356,1206965.75,504000.0,87548.20236650486,151230.7725595914,57789.67697832661,1214653.375,511000.0,7805,3418,37145,89,8959.0
2023-02-24,88520.9375,150797.203125,57415.0234375,1203890.625,511000.0,91439.21016483515,153745.50956907705,58632.63404873572,1214653.375,522000.0,88520.9375,150710.488229586,57415.0234375,1200815.625,507000.0,90952.83138736263,152791.64571952273,58351.646984604406,1213115.875,508000.0,11917,1925,50792,308,936.0
2023-02-27,87548.1875,150276.921875,56665.71484375,1183902.625,508000.0,87840.01479166666,150537.06657530295,56946.70185950414,1205428.125,512000.0,86672.705625,147588.7599718696,56384.72782799587,1179290.125,499000.0,87645.46326388889,150103.49207479804,56946.70185950414,1203890.625,507000.0,1893345,427027,11155697,34687,256666.0
2023-02-28,86964.53125,152878.375,56759.390625,1188515.25,523000.0,88520.94344239373,154439.24326432217,57508.68951113862,1205428.125,532000.0,86283.60091582774,150883.93221781054,56665.728264232675,1185440.25,515000.0,88520.94344239373,150970.647121384,56946.71534653466,1185440.25,516000.0,2082486,824763,13715861,33603,419180.0
2023-03-02,85699.953125,154786.078125,56946.70703125,1186977.75,535000.0,87840.02005888196,155913.37169117646,57883.330502158715,1203890.625,542000.0,85116.29850666857,153051.78033088235,56665.719989977384,1185440.25,516000.0,86964.53813138479,153051.78033088235,57040.369378340874,1191590.375,520000.0,2744038,747929,13095682,36375,506812.0
2023-03-03,84921.7421875,152704.9375,56665.71484375,1211578.375,538000.0,86769.98170819014,154525.95038330494,57321.35121384298,1216190.875,542000.0,84824.46642325315,151751.07360874504,56665.71484375,1193127.875,533000.0,86089.0513584622,153918.94608886997,57134.026536673555,1194665.375,539000.0,2239958,549203,10711405,36782,288004.0
2023-03-06,87256.375,153918.9375,57602.34765625,1231566.25,547000.0,87353.65078037903,154786.08644366197,57696.0100101626,1236178.875,547000.0,85116.30783166109,152618.21408450705,56946.71117886179,1216190.875,533000.0,85505.41095317726,154179.0821830986,57227.698240599595,1216190.875,545000.0,2374415,547005,13630602,47626,418951.0
2023-03-07,86478.1484375,151837.8125,56853.05078125,1220803.5,566000.0,87548.18177024747,153918.97040976584,57508.687281198516,1236178.875,570000.0,86380.8726799775,151837.8125,56853.05078125,1217728.5,543000.0,87256.35449767997,153051.82128069675,57508.687281198516,1231566.25,548000.0,1610948,462996,11473280,32737,834010.0
2023-03-08,84435.359375,151664.359375,56478.39453125,1194665.375,562000.0,85408.11697148618,152704.93817002574,56665.71922289594,1210040.75,569000.0,84046.25633640552,150970.6401783162,56103.74514795813,1191590.375,551000.0,85310.84121183756,151144.06997748712,56291.06983960407,1208503.25,559000.0,2790989,497195,14161857,45626,374233.0
2023-03-09,83268.046875,152878.375,56291.0703125,1185440.25,549000.0,85408.11350029205,156433.68604651163,56946.70673876872,1202353.125,569000.0,82976.21960791473,152358.0855785593,56103.745619280366,1185440.25,545000.0,84921.73472181658,153138.51971072037,56665.71969893927,1202353.125,564000.0,3315016,808110,14334499,40266,411910.0
2023-03-10,81030.71875,151751.0625,55729.1015625,1193127.875,551000.0,82100.75225090036,153225.21567857143,55916.42627363445,1196203.0,553000.0,80836.16720438175,151404.20292857144,55354.45214023109,1168527.375,534000.0,81517.09761404562,151490.91782142856,55729.1015625,1182365.125,537000.0,3559824,443221,11902471,41511,270554.0
2023-03-13,82003.4609375,152618.21875,56197.40625,1196203.0,563000.0,82392.56395499704,152878.36344105113,56384.7309375,1197740.5,565000.0,80155.2216043891,150450.34632457385,55541.76984375,1179290.125,549000.0,80933.42763938315,151230.78039772727,56103.74390625,1194665.375,554000.0,2860341,529759,12779724,30504,365145.0
2023-03-14,78890.640625,148282.46875,55260.78125,1186977.75,548000.0,80738.88004778052,152531.49855628656,55729.09295550847,1206965.75,561000.0,78890.640625,147848.89427997076,55260.78125,1183902.625,545000.0,80349.77701140568,151924.4942982456,55635.43061440678,1183902.625,560000.0,3359381,589581,12147346,45258,306944.0
2023-03-15,76945.125,151144.0625,56010.08203125,1196203.0,565000.0,80057.94927307207,152184.6412435456,56478.393753919314,1200815.625,573000.0,76653.2977243995,149756.62417527253,55822.757342182274,1186977.75,549000.0,79668.84623893806,149756.62417527253,56197.406720317726,1193127.875,551000.0,5357314,481716,10482149,23668,455274.0
2023-03-16,76847.84375,150883.90625,56103.75390625,1214653.375,576000.0,78015.15276898735,151577.6253591954,56384.74098758348,1223878.625,578000.0,74610.5014636076,148976.17869971265,55354.45502269408,1185440.25,558000.0,74610.5014636076,149843.3275862069,55448.11738313857,1186977.75,561000.0,4804196,392030,10611939,39147,499942.0
2023-03-17,81711.640625,153138.53125,57415.0234375,1242329.0,553000.0,82489.84672619047,153138.53125,57415.0234375,1243866.625,579000.0,78890.64350818453,150190.22430634202,56759.38695452691,1225416.125,550000.0,78987.91927083334,151924.52250849377,56946.7116639478,1226953.625,579000.0,6239588,507745,14090110,58758,461982.0
2023-03-20,81419.8203125,151837.8125,56384.73828125,1248479.125,544000.0,82781.68110625747,153485.39584523128,57321.3618407392,1263854.5,551000.0,80738.88991562127,151577.66776127927,56384.73828125,1245404.125,537000.0,81517.09608348267,153051.82128069675,57227.69948479028,1250016.75,546000.0,2223378,366357,9618009,35233,229510.0
2023-03-21,81322.5390625,152444.796875,56478.39453125,1243866.625,546000.0,82781.67552893242,153398.66079173778,56853.04391454188,1256166.875,559000.0,80641.60871149821,151577.64785978384,56291.06983960407,1237716.375,545000.0,81808.91788464414,152531.51177652163,56665.71922289594,1251554.25,549000.0,1880231,297779,8318514,16689,186781.0
2023-03-22,84532.6484375,156346.984375,57227.6953125,1245404.125,573000.0,84921.7515373274,156520.41419682474,57321.35766162029,1253091.75,577000.0,81517.09941383774,153225.24758215473,56665.72121777823,1237716.375,555000.0,82878.9602632336,153485.39231489183,57134.0329633797,1245404.125,557000.0,2667268,718542,8978591,19490,534061.0
2023-03-23,86089.0390625,156520.390625,58351.640625,1226953.625,575000.0,86089.0390625,158167.9736842105,58351.640625,1245404.125,580000.0,82781.66355049436,154959.52246364264,56759.380768459065,1220803.5,566000.0,83073.49080155368,155479.81185076176,56759.380768459065,1245404.125,568000.0,3091673,591091,15381057,27131,457612.0
2023-03-24,84921.7421875,154092.359375,59007.28125,1225416.125,569000.0,88229.1181718929,156607.09118247047,59288.26830357143,1237716.375,578000.0,84338.0876020189,152011.20201709343,58351.644791666666,1217728.5,556000.0,86672.70594394329,156607.09118247047,58726.29419642857,1222341.125,577000.0,4670908,649952,18278602,18464,317648.0
2023-03-27,83170.765625,152704.9375,58164.32421875,1225416.125,574000.0,85408.10785818714,154092.37588727995,58819.960723631244,1230028.75,594000.0,82392.55963084796,151577.64381033505,58070.66186090982,1211578.375,572000.0,85116.28061038013,154092.37588727995,58632.63600795089,1225416.125,588000.0,3211190,402749,11039331,30949,553025.0
2023-03-28,85991.7734375,153572.109375,58913.61328125,1225416.125,577000.0,86283.60072292137,154612.68832051102,58913.61328125,1234641.375,579000.0,82878.94905967194,152444.81551736308,58164.31454317369,1217728.5,566000.0,82976.22482147907,153572.109375,58445.30156995231,1230028.75,578000.0,3180431,341408,11614118,56375,264318.0
2023-03-29,84532.6484375,156433.703125,58726.2890625,1216190.875,583000.0,86283.61238672324,156693.8478641214,58726.2890625,1231566.25,585000.0,84143.5453376726,152444.8171251386,58257.97734748804,1214653.375,577000.0,85019.02731228423,152444.8171251386,58538.96437649521,1225416.125,578000.0,3070422,571771,11216008,39500,368772.0
2023-03-30,86680.125,157127.390625,59537.39453125,1202353.125,588000.0,88339.54180743244,157734.39489341888,60008.41822216179,1213115.875,590000.0,85606.38471283784,155046.23313327815,59443.18979306764,1200815.625,576000.0,87753.86528716216,155393.0927152318,60008.41822216179,1213115.875,587000.0,4264354,525981,15684377,42080,334990.0
2023-03-31,86484.890625,159989.015625,60291.03125,1211578.375,584000.0,87363.40531532167,160335.87527947154,60291.03125,1214653.375,590000.0,85508.76319130926,157734.42787093497,60008.41704101563,1196203.0,571000.0,87070.56708521445,157821.14278455285,60291.03125,1202353.125,582000.0,2676327,668373,14094479,38364,298469.0
2023-04-03,85118.3125,159208.546875,59443.1953125,1196203.0,586000.0,87558.63109231651,160856.12987642974,60291.0380348653,1219266.0,590000.0,84532.63603784404,158081.25324244282,59348.99056557052,1194665.375,577000.0,87558.63109231651,160075.6958231209,60291.0380348653,1213115.875,588000.0,2502220,534323,11973133,38766,330892.0
2023-04-04,82482.765625,159381.96875,59914.21484375,1211578.375,575000.0,83849.34399038462,161723.2707936616,60102.62432439072,1211578.375,598000.0,81701.86370192308,158948.39429747008,59160.57692118711,1194665.375,572000.0,83654.11850961538,159555.39853101198,59725.80536310928,1199278.0,586000.0,16808036,510739,11120514,28920,444861.0
2023-04-05,82580.3828125,161896.71875,60196.828125,1211578.375,588000.0,83654.12301455378,162330.29325120515,60291.03286384977,1222341.125,589000.0,82092.31908429373,159555.41644349223,59725.804430751174,1200815.625,574000.0,82287.54457557623,160509.28034614355,60008.41864730047,1211578.375,575000.0,4380498,509578,9176149,24982,235578.0
2023-04-06,81799.4765625,160509.28125,58689.55078125,1237716.375,580000.0,82677.9912272524,164238.02198136144,59914.21235453451,1266929.625,590000.0,80725.73641669154,160162.42164708267,58689.55078125,1214653.375,578000.0,81897.08930302804,162070.14946312804,59820.00761812801,1214653.375,587000.0,5379170,667512,14992747,110121,278416.0
2023-04-07,86972.953125,160509.28125,61233.08203125,1223878.625,580000.0,87265.7913510101,161723.2898602107,61421.491514423076,1237716.375,590000.0,83946.95812289562,160075.70674635333,60102.62513221154,1217728.5,579000.0,85801.60022095959,160769.425952188,60102.62513221154,1236178.875,581000.0,10867359,435717,27476120,39896,366225.0
2023-04-10,88534.7578125,161203.0,61892.51953125,1234641.375,596000.0,90291.78718474366,163457.5874125874,62457.74802011986,1243866.625,598000.0,86387.27746864663,159728.84669176978,60950.47204980023,1213115.875,584000.0,86582.50295445148,161289.71490048413,61044.676797945205,1223878.625,587000.0,5387514,480371,18777166,40137,597900.0
2023-04-11,89608.5,166579.328125,62080.92578125,1248479.125,610000.0,89998.95098039215,166839.47283315982,62363.540010906676,1259241.875,613000.0,87753.85784313724,160509.28493460437,61609.90206515554,1236178.875,596000.0,88534.75980392157,161810.00847540345,62363.540010906676,1239254.0,600000.0,5001836,1067237,16323183,41490,811886.0
2023-04-12,88144.3046875,171868.9375,62175.13671875,1230028.75,590000.0,89803.7212763012,172996.23123738647,62363.54622395833,1248479.125,610000.0,87558.62824439368,168747.20099646822,61515.70345052083,1228491.25,588000.0,89706.1085357835,169094.06060797174,61986.727213541664,1240791.5,608000.0,4751001,1517626,15021313,71788,541299.0
2023-04-13,86582.5078125,172475.9375,62269.3359375,1253091.75,599000.0,88144.3117865699,173343.0865070387,62269.3359375,1253091.75,599000.0,86094.44407060316,170134.63518099548,61609.90272787443,1228491.25,575000.0,87363.40979953496,172562.65240070387,61798.31221633888,1230028.75,581000.0,4907552,824006,15091022,55772,386450.0
2023-04-14,87168.1796875,170047.921875,61327.28515625,1256166.875,594000.0,88144.30711961086,173169.658329615,62740.35624279954,1268467.125,604000.0,86484.89048502239,169961.2069734829,61233.0804171467,1253091.75,586000.0,87949.08163318869,172996.22852658082,62740.35624279954,1260779.5,603000.0,2324722,670548,16176490,52442,339843.0
2023-04-17,86387.265625,169094.046875,61515.69140625,1248479.125,591000.0,86875.32927259887,170047.91072916667,61798.305608728944,1257704.375,593000.0,85606.3637888418,168053.468125,60950.46300129212,1239254.0,584000.0,86875.32927259887,169440.90645833334,61233.07720377106,1256166.875,588000.0,1877825,497443,13486618,27220,276643.0
2023-04-18,85508.765625,165972.34375,61798.30078125,1219266.0,592000.0,87168.18230950342,167359.78236024032,62175.119688452745,1240791.5,598000.0,85215.92738655822,163197.46652951933,61044.66296684452,1214653.375,586000.0,87168.18230950342,167099.6376208203,62080.91496165206,1240791.5,593000.0,1763334,961739,14802060,54216,247157.0
2023-04-19,86094.4453125,167880.03125,61704.109375,1211578.375,582000.0,86387.28356186225,168400.32060304753,61986.72361641221,1223878.625,593000.0,84532.64131590136,165018.43980823865,61515.69988072519,1203890.625,581000.0,85899.21981292516,165972.3036221591,61704.109375,1223878.625,593000.0,2024519,571094,10255985,40221,300756.0
2023-04-20,85606.375,166926.171875,61515.69140625,1206965.75,580000.0,86289.66419612315,168313.6101866883,61515.69140625,1214653.375,586000.0,84142.18386545041,165972.3080357143,60856.25826713247,1200815.625,575000.0,84532.63483466364,167359.7463474026,61327.28193793071,1211578.375,582000.0,1746001,423616,9501169,39205,247483.0
2023-04-21,86972.953125,165105.171875,61892.51953125,1206965.75,572000.0,87656.24231902357,166319.18049172795,62080.929027539954,1213115.875,578000.0,85118.31102693603,163284.1589499081,61609.90528681507,1200815.625,563000.0,85606.37473695286,165712.17618336398,61986.72427939498,1206965.75,577000.0,2624982,454248,10538622,22445,267430.0
2023-04-24,85118.3125,166405.890625,61421.4921875,1225416.125,566000.0,86680.11639908257,167446.46940952318,61892.51590059433,1230028.75,575000.0,84923.08701261468,165278.59694176653,61044.673217024545,1206965.75,563000.0,85996.82719323394,165278.59694176653,61515.696930118866,1216190.875,566000.0,2054455,434584,12986581,42371,189996.0
2023-04-25,83458.890625,174296.9375,59914.21484375,1208503.25,551000.0,85703.98358918128,174730.51197139305,61609.900169516506,1236178.875,575000.0,81701.86134868421,165798.87786069652,59725.80536310928,1203890.625,548000.0,85411.145376462,167359.74595771145,61515.695429196145,1236178.875,570000.0,4096411,2084924,16193271,42554,328253.0
2023-04-26,85313.53125,174730.53125,60385.23828125,1203890.625,567000.0,86582.49681779176,179933.42548076922,60573.64776106669,1214653.375,572000.0,84142.17841819221,173343.09278846154,59631.60036198323,1200815.625,550000.0,84337.40389016017,178199.12740384616,59914.21458170827,1210040.75,551000.0,3240654,2214068,12664541,31766,296105.0
2023-04-27,86680.125,175164.09375,60856.2578125,1196203.0,587000.0,87070.57601351352,177765.54068688117,61233.076746323524,1202353.125,588000.0,83946.96790540541,173863.3702815594,59631.596277573524,1179290.125,567000.0,85801.6102195946,174730.5192605198,60385.23414522059,1199278.0,573000.0,2980163,976414,14779601,44700,463287.0
2023-04-28,87363.40625,171261.921875,61704.109375,1200815.625,581000.0,89218.04839385475,176464.81570411392,62080.92836354962,1210040.75,591000.0,86582.50429469274,170134.6282120253,61233.08563931297,1191590.375,573000.0,88632.3719273743,176031.2412183544,61421.495133587785,1191590.375,590000.0,3737493,1056770,19699481,33530,316880.0
2023-05-02,88046.6953125,174730.53125,61892.51953125,1179290.125,591000.0,88729.98452224223,175164.10576923078,62457.74802011986,1197740.5,592000.0,86777.7296372644,171435.36490384614,61327.29104238014,1162377.125,579000.0,88729.98452224223,172129.08413461538,62175.13377568493,1168527.375,580000.0,2427349,573959,14396948,65711,273527.0
2023-05-03,87656.2421875,174296.9375,61609.90234375,1191590.375,567000.0,88144.30589678451,175164.08644278607,61798.311831039755,1191590.375,587000.0,86484.88928521714,172129.06514303482,61138.87862552561,1173139.875,566000.0,86875.34025264476,173863.36302860698,61327.28811281537,1179290.125,587000.0,1779615,460771,8876749,34196,243943.0
2023-05-04,86582.5078125,172736.078125,61327.28515625,1225416.125,564000.0,87461.02254791433,174296.9463008283,61892.51359086982,1228491.25,571000.0,85411.15483194758,171175.2099491717,60950.46619983679,1185440.25,560000.0,86777.73330925874,173429.79731425704,61798.30885176652,1185440.25,563000.0,1794303,472704,9791064,93956,244181.0
2023-05-08,86582.5078125,175597.703125,62080.92578125,1211578.375,558000.0,87851.4735414318,176031.2777006173,62457.74475412557,1236178.875,572000.0,85606.38032870632,173429.8302469136,61609.90206515554,1210040.75,558000.0,87558.6352962937,174296.97939814816,62457.74475412557,1228491.25,565000.0,2615242,590557,9405365,40207,202092.0
2023-05-09,85215.9296875,177765.546875,61515.69140625,1211578.375,563000.0,86484.89542167811,178199.12137957316,61986.71507704824,1225416.125,567000.0,84630.2531948024,173343.08692835364,61327.28193793071,1208503.25,550000.0,86289.66992411226,175164.09984756095,61986.71507704824,1213115.875,558000.0,2297473,704155,9366861,28360,169554.0
2023-05-10,84825.484375,182101.28125,60856.2578125,1199278.0,566000.0,85606.38641757767,182968.43020833333,61704.10041360294,1216190.875,570000.0,84239.80784306674,177765.53645833334,60573.64361213235,1194665.375,559000.0,85118.32264096662,178632.68541666667,61704.10041360294,1214653.375,561000.0,2137658,1476327,13057727,25434,144538.0
2023-05-11,84239.8046875,180366.96875,60479.4375,1203890.625,553000.0,85215.93220415701,183401.98985877403,61327.2800817757,1213115.875,572000.0,82970.83891584589,180366.96875,60479.4375,1199278.0,550000.0,84825.48119749421,183401.98985877403,60950.46115654206,1203890.625,568000.0,2806299,919476,11648905,26727,290645.0
2023-05-12,85118.3125,180800.546875,60385.23828125,1200815.625,547000.0,85508.76347477065,181667.6957808753,60856.261980791736,1206965.75,549000.0,84142.1850630734,178199.1001573741,59914.21458170827,1191590.375,542000.0,84239.79780676606,179499.82351618705,60008.41932161662,1203890.625,547000.0,2712372,539737,8693913,18822,184132.0
2023-05-15,84337.4140625,180366.96875,60762.05859375,1213115.875,545000.0,85020.70329680266,181234.11763822116,60856.263335755815,1214653.375,546000.0,83458.89933268228,176898.3731971154,60196.830141715116,1193127.875,530000.0,84923.09054904514,179499.81986177884,60385.23962572675,1193127.875,542000.0,2357794,594282,8172021,25841,211398.0
2023-05-16,88241.921875,175597.703125,61609.90234375,1214653.375,540000.0,88534.76011131084,179933.44888117284,62080.92606197439,1220803.5,552000.0,86387.27971169801,174296.97939814816,61515.69760010512,1203890.625,538000.0,87363.40716606748,179066.29972993827,61986.72131832951,1203890.625,549000.0,5121364,874247,12334657,15949,178059.0
2023-05-17,89706.109375,177331.953125,61233.08203125,1210040.75,560000.0,89803.7221164309,178199.10204003667,62080.92470552885,1214653.375,560000.0,88144.30551210555,175597.65529492663,61044.672548076924,1203890.625,534000.0,89803.7221164309,175597.65529492663,62080.92470552885,1203890.625,538000.0,3340386,550297,10745504,9675,185024.0
2023-05-18,91365.5234375,179066.28125,62363.5390625,1199278.0,562000.0,91755.97439236111,179499.85578087167,62363.5390625,1214653.375,564000.0,89803.71961805556,177765.55765738498,61892.51535356873,1197740.5,555000.0,90584.62152777778,179499.85578087167,62175.129578927495,1211578.375,563000.0,3473641,476896,14431704,24145,144616.0
2023-05-19,94977.203125,178199.109375,64436.046875,1197740.5,552000.0,95562.87960881295,179933.40727645985,64436.046875,1202353.125,561000.0,92634.4971897482,176898.3859489051,63588.20415296052,1193127.875,552000.0,92732.10993705037,178632.68385036496,63870.81839364035,1194665.375,560000.0,5062669,528680,20349345,22262,156070.0
2023-05-22,95855.71875,179933.390625,64530.2421875,1210040.75,560000.0,97027.07172861508,180800.53949548193,65001.26585310219,1214653.375,562000.0,94781.97851960285,177331.94401355422,64059.21852189781,1199278.0,547000.0,95367.65500891038,178632.6673192771,64436.03745437956,1199278.0,553000.0,4248401,469209,14470308,24919,154752.0
2023-05-23,95562.8671875,179933.390625,64436.046875,1217728.5,574000.0,96636.60726825843,181234.11393072287,64718.661115679824,1217728.5,579000.0,94684.35257597038,179499.81618975903,64153.432634320176,1211578.375,563000.0,96636.60726825843,181234.11393072287,64530.25162189327,1214653.375,564000.0,2472514,356438,8561643,27926,243135.0
2023-05-24,95367.6640625,179933.390625,64530.2421875,1217728.5,585000.0,95465.27681998465,180366.96506024097,64718.651653740875,1219266.0,585000.0,94001.08545771494,178199.09288403613,64059.21852189781,1206965.75,572000.0,95074.82579004606,178632.6673192771,64153.42325501825,1213115.875,574000.0,2097933,305061,8192896,21518,257248.0
2023-05-25,101029.1875,176464.859375,64812.86328125,1197740.5,583000.0,101810.08943236715,179066.3069333538,65943.32019894622,1217728.5,591000.0,98686.48170289856,176031.28478194104,64718.65853810865,1197740.5,576000.0,101810.08943236715,178632.73234029484,65849.11545580487,1211578.375,579000.0,7431586,528730,14231160,23371,199907.0
2023-05-26,106593.109375,178199.109375,66225.9296875,1194665.375,578000.0,107862.07496279762,178199.109375,66320.13442389759,1202353.125,583000.0,103567.11451179029,174296.93909671533,65472.29179631935,1188515.25,575000.0,104933.69283711081,177331.96042427007,65754.9060055121,1196203.0,580000.0,10136706,596247,19549511,17415,113909.0
2023-05-30,107666.8671875,173863.359375,68110.015625,1196203.0,580000.0,110692.86254816409,179499.82738466334,68110.015625,1202353.125,586000.0,106885.96515894152,173429.7849127182,67073.76365836791,1191590.375,575000.0,110497.63704102447,179499.82738466334,67167.9683826072,1197740.5,583000.0,9058509,861994,27476897,23754,175179.0
2023-05-31,106007.4375,173429.796875,67262.1875,1205428.125,599000.0,108252.53055939227,176031.243828125,68298.43968837535,1210040.75,604000.0,105909.8247582873,173429.796875,66885.36852240896,1193127.875,581000.0,107374.0158839779,173863.3713671875,68204.23494397759,1194665.375,581000.0,8166685,879887,25666087,48017,610868.0
2023-06-01,107666.8671875,171261.921875,66791.1484375,1211578.375,584000.0,107862.09269463962,173256.36450949367,67450.58149682652,1219266.0,597000.0,103469.51878399818,170221.3431091772,66508.53426921721,1196203.0,584000.0,103469.51878399818,173256.36450949367,66791.1484375,1211578.375,595000.0,5553560,791585,14669296,35118,204800.0
2023-06-02,107666.8671875,172996.234375,68015.8203125,1206965.75,588000.0,110009.57327317543,173256.37908834586,68015.8203125,1223878.625,591000.0,106593.12689823209,171782.2257127193,67450.59188885042,1203890.625,586000.0,108350.15646248867,172129.0853305138,67544.79662612535,1223878.625,588000.0,3991904,418613,12161798,26209,155137.0
2023-06-05,106105.046875,174296.9375,67544.8046875,1206965.75,594000.0,107862.0761700782,176464.80985696518,68486.8521726813,1211578.375,595000.0,105909.82139776909,173429.78855721393,67262.19044194561,1199278.0,587000.0,107471.62521561638,174730.51197139305,68486.8521726813,1208503.25,590000.0,3316020,454150,12686829,21295,198113.0
2023-06-07,105421.7578125,170308.046875,66885.3671875,1208503.25,604000.0,106690.72341579861,176031.22971295824,67450.59564260564,1220803.5,605000.0,105421.7578125,169440.89796015783,66696.95770246479,1203890.625,597000.0,106105.04698350695,175597.65525553716,67167.98141505281,1219266.0,597000.0,3313460,960900,14796613,35772,498286.0
2023-06-08,107081.1796875,170568.203125,66791.1484375,1206965.75,591000.0,107081.1796875,171001.77761184543,66791.1484375,1217728.5,602000.0,104152.79738064038,168226.90089603455,65943.30593265162,1202353.125,588000.0,104445.63561132635,169527.62435657092,66320.12482369535,1216190.875,601000.0,4355468,928559,19165568,36942,286608.0
2023-06-09,112645.109375,170915.0625,67827.4140625,1231566.25,609000.0,112840.33486785095,171955.64126712328,68110.02828776042,1245404.125,610000.0,105714.60437879116,170221.3433219178,66696.95716145833,1213115.875,597000.0,107666.85930730069,171175.20719178082,66979.57138671874,1214653.375,597000.0,7950947,421616,15050209,102327,449434.0
2023-06-12,112059.421875,170134.640625,66885.3671875,1222341.125,612000.0,113035.54924324913,172129.08340500764,68204.23358274648,1236178.875,614000.0,111278.5199804007,169180.77668673548,66696.95770246479,1219266.0,603000.0,111668.97092770036,171261.93437022172,67921.61935519366,1234641.375,614000.0,2637721,429448,12064287,39463,231274.0
2023-06-13,116647.234375,171695.484375,67827.4140625,1208503.25,607000.0,117232.91086558579,171868.91415719697,68015.82354600694,1236178.875,613000.0,114206.91566422595,170134.61633522727,67450.5950954861,1208503.25,604000.0,114206.91566422595,170568.1907907197,67544.79983723958,1230028.75,612000.0,6232477,474628,13227285,41141,194004.0
2023-06-14,115963.9375,174296.9375,67733.1953125,1205428.125,589000.0,116842.4521780303,174730.51197139305,68015.80947931155,1213115.875,614000.0,115280.64830597643,172129.06514303482,66979.55753433588,1203890.625,588000.0,115963.9375,172389.20982587067,67921.60475704103,1211578.375,610000.0,3240260,662184,12541046,30814,300834.0
2023-06-15,116159.171875,173169.640625,67356.3984375,1196203.0,585000.0,118209.03961397058,175164.08315598397,68110.03646197553,1213115.875,600000.0,115183.0443802521,172909.49594704557,67167.98893138111,1194665.375,581000.0,117330.52486869748,174730.50869272658,67921.62695585664,1206965.75,594000.0,3778592,354685,13614994,32514,340106.0
2023-06-16,116061.5546875,172909.53125,67639.0,1191590.375,588000.0,116940.06939917998,174730.54436747744,67733.20473537604,1203890.625,592000.0,113523.62329820226,171695.52250501505,66791.1573816156,1186977.75,582000.0,114499.75075562447,174296.9698156971,67639.0,1199278.0,591000.0,4303391,548562,15373696,62963,271773.0
2023-06-19,112059.421875,172822.796875,67073.765625,1190052.875,561000.0,115671.09313752178,172909.51177558955,67544.78926000702,1197740.5,580000.0,110790.45629627614,170828.35416144005,66791.15144399578,1186977.75,558000.0,115183.02945339722,171695.50316733567,67167.9703520014,1191590.375,579000.0,4208396,375749,11100887,25569,900555.0
2023-06-20,113328.390625,171608.78125,67262.1875,1182365.125,561000.0,114206.90528100776,172562.64511748357,67262.1875,1188515.25,568000.0,110497.62117786391,170828.34717660432,66320.1400560224,1180827.625,555000.0,111278.52309431524,171955.64083817584,66602.75428921568,1186977.75,561000.0,3319570,331277,11557883,35627,337706.0
2023-06-21,112352.265625,176898.390625,66414.3359375,1163914.75,558000.0,114694.97142430495,177765.53959865196,67073.7690602837,1180827.625,565000.0,111864.20191681148,170221.3435278799,66320.13120567377,1162377.125,556000.0,113426.00578301477,171608.78188572303,66602.74540115248,1179290.125,563000.0,2728146,1028131,10626603,45607,267829.0
2023-06-22,111278.53125,175164.09375,67167.96875,1162377.125,569000.0,113133.1734375,176464.81721844058,67356.37819950911,1171602.375,575000.0,110692.85476973683,173863.3702815594,66037.5120529453,1157764.625,556000.0,111473.75674342105,175597.66823948018,66131.71677769985,1162377.125,556000.0,2612402,392056,11411007,32118,319585.0
2023-06-23,110888.0703125,173343.09375,67450.578125,1148539.375,563000.0,112449.87411971831,175164.10674087043,68015.80643331005,1171602.375,574000.0,109814.33019503742,172562.6596110555,67450.578125,1147001.875,561000.0,111278.52126430458,174296.9576975988,67827.3969972067,1168527.375,570000.0,2987472,349362,12329484,49327,176724.0
2023-06-26,110790.4765625,173863.359375,68204.234375,1168527.375,564000.0,111180.92758122247,175597.65722412718,68298.43911861187,1170064.875,567000.0,108545.38320484581,173343.07002026186,67356.3916824931,1137776.625,559000.0,110400.02554377753,173343.07002026186,67544.80116971685,1148539.375,562000.0,3350758,307090,10541901,28623,136695.0
2023-06-27,110302.3984375,178632.703125,68392.640625,1150076.875,561000.0,111278.52585730088,178632.703125,68392.640625,1166989.75,562000.0,108154.91811393805,174296.95790351942,67827.41219008264,1148539.375,556000.0,111278.52585730088,174296.95790351942,68298.43588584711,1160839.625,561000.0,3602087,806971,9442997,29279,214674.0
2023-06-28,111571.375,178632.703125,68486.8515625,1140851.625,547000.0,112449.88976377953,179066.27764714806,68486.8515625,1157764.625,566000.0,110107.18372703412,176031.25599211166,67827.41832874829,1140851.625,545000.0,111473.76224846893,178632.703125,68392.64681482119,1156227.0,561000.0,3178571,630872,8783093,26645,300378.0
2023-06-29,113724.4921875,178632.6875,68544.6015625,1150076.875,550000.0,114898.92756293029,179942.95171149145,69491.35020286603,1160839.625,561000.0,112060.70873897374,178195.9327628362,68544.6015625,1139314.125,547000.0,112745.79604130809,179506.19697432764,69207.32561075622,1139314.125,548000.0,4398301,320058,12229967,27919,230986.0
2023-06-30,112745.8046875,180379.71875,68355.2421875,1143926.75,553000.0,113039.41355387369,182563.49258474578,68828.61644087604,1157764.625,556000.0,110788.41224500867,178632.69968220338,67881.86793412396,1139314.125,548000.0,112158.5869547526,178632.69968220338,68639.26673952563,1150076.875,551000.0,2674318,563079,11694765,29322,173743.0
2023-07-03,115094.671875,182126.734375,69112.640625,1142389.25,573000.0,116366.97692123725,182126.734375,69301.99032534246,1150076.875,576000.0,112843.6706393495,179506.20582284173,68733.94122431506,1139314.125,556000.0,112843.6706393495,181253.2248576139,68828.6160744863,1145464.25,557000.0,3022009,545516,10722181,40869,290579.0
2023-07-04,115388.2734375,181689.96875,69112.640625,1147001.875,569000.0,115877.62150127227,183436.98768028847,69680.6897260274,1159302.125,574000.0,114703.18614821883,180379.70455228366,69017.96577482876,1145464.25,564000.0,115681.88227576336,182126.72348257212,69491.34002568493,1153152.0,573000.0,1988592,424908,10214350,44598,252640.0
2023-07-05,114213.8515625,179506.203125,68165.890625,1160839.625,567000.0,115681.89592705655,183000.24114203162,69396.6636501736,1180827.625,571000.0,113626.63381667738,178632.6936207421,68071.21577690972,1159302.125,564000.0,115584.02630275278,181689.97688564478,69112.63910590278,1160839.625,569000.0,2483034,586067,12310610,52333,159456.0
2023-07-06,111375.625,180379.71875,67787.1953125,1151614.375,565000.0,113626.6262082601,182126.73781779662,68544.59414280725,1162377.125,572000.0,110690.53767574692,178195.94491525425,67692.52045871159,1142389.25,562000.0,113528.75659050966,178195.94491525425,68071.21987386522,1160839.625,569000.0,3465047,643771,14777667,32068,200896.0
2023-07-07,109418.2421875,178195.953125,66177.71875,1105488.375,562000.0,110592.67770292934,179942.97227328434,67597.84146995709,1151614.375,574000.0,108831.02442978534,176885.68876378678,66083.04390200286,1099338.25,556000.0,110299.068824072,179506.21748621325,67313.81692596566,1145464.25,570000.0,2781723,476427,17308877,81378,287258.0
2023-07-10,107950.1953125,179506.203125,65799.03125,1088575.5,550000.0,110494.80553745467,181689.97688564478,66651.10503597122,1110101.0,564000.0,107362.97756827969,176448.91986009732,65515.006654676254,1080887.75,550000.0,109418.23967305076,179069.44837287103,66272.40557553957,1105488.375,564000.0,3163245,511222,11713926,53839,302475.0
2023-07-11,110984.15625,180816.484375,67692.53125,1111638.5,550000.0,110984.15625,181689.99396135265,67692.53125,1128551.375,557000.0,108831.02447089947,179069.46520229467,66367.08308566433,1096263.125,547000.0,109124.63334986773,180379.72958182366,66461.75795454545,1097800.625,553000.0,2209391,538193,12177392,41796,257343.0
2023-07-12,112941.5546875,177759.1875,68071.21875,1122401.25,534000.0,112941.5546875,180379.71606265355,68165.89360222532,1123938.75,539000.0,110396.94426993068,176885.67797911545,67313.8199321975,1094725.625,530000.0,110788.42279571058,179942.9613022113,67408.49478442282,1110101.0,538000.0,2228477,503118,10375581,47984,1969703.0
2023-07-13,111669.234375,177759.1875,68071.21875,1150076.875,542000.0,114507.45330302366,179069.45178132676,68733.94271557718,1153152.0,544000.0,111179.88628396143,177322.43273955773,68071.21875,1131626.5,534000.0,112941.53941170026,179069.45178132676,68544.59301112656,1134701.5,535000.0,3421492,540814,14417279,58267,503736.0
2023-07-14,115486.1640625,182126.734375,69491.34375,1143926.75,542000.0,117639.2959348517,182563.48913369305,69491.34375,1154689.5,546000.0,112843.6840373411,178632.69630545564,68544.59519754768,1136239.0,538000.0,113039.42329846398,178632.69630545564,68639.27005279291,1154689.5,544000.0,5817889,655619,15882519,41942,324259.0
2023-07-17,114703.1875,177759.1875,69396.6640625,1131626.5,538000.0,116171.23170861775,182126.73510442258,69586.01375980559,1143926.75,542000.0,113528.7521331058,177759.1875,68923.28981923602,1128551.375,533000.0,114409.57865827646,180816.47082309582,69301.9892138472,1143926.75,541000.0,2427281,517107,10060049,28844,248574.0
2023-07-18,115290.421875,176012.15625,68165.890625,1125476.25,549000.0,116464.85741192699,179069.4393610422,69586.01334635417,1136239.0,553000.0,114213.85596615025,175575.40151985112,68165.890625,1116251.125,534000.0,114996.81299076825,178195.92990074444,69301.98880208333,1128551.375,539000.0,2299880,501091,11697900,26707,557507.0
2023-07-19,114996.8125,176448.921875,67881.8671875,1139314.125,560000.0,116562.7265425532,177759.186146349,68923.2905334728,1145464.25,564000.0,114213.8554787234,174701.90284653465,67503.16778896443,1125476.25,546000.0,116171.24803191489,176012.16711788368,68828.61568383891,1125476.25,550000.0,2580301,491509,10896412,30930,494088.0
2023-07-20,114409.5859375,175138.671875,67219.140625,1133164.0,556000.0,114996.80365830839,178195.95542394015,67692.51485475352,1142389.25,563000.0,112745.80239520958,174701.91708229427,67029.79093309859,1122401.25,551000.0,114018.10745696108,176448.9362531172,67313.8154709507,1136239.0,560000.0,1949776,531811,9732730,26188,319843.0
2023-07-21,112647.9375,174701.890625,66556.4296875,1150076.875,569000.0,112647.9375,175575.40007812498,66651.10455192035,1168527.375,574000.0,110788.41463944396,173129.573609375,65704.35590771693,1123938.75,543000.0,112256.45900304083,174439.8377890625,66651.10455192035,1123938.75,549000.0,2745384,508793,16528926,66322,508472.0
2023-07-24,111571.375,174003.109375,66651.1015625,1140851.625,597000.0,112452.20164473684,175138.6718357806,67124.47586337003,1151614.375,602000.0,110494.80910087719,172605.4940386546,66177.72726162997,1133164.0,568000.0,111669.24462719298,173915.7584164784,66367.07698197798,1150076.875,573000.0,2761991,614300,13418597,37652,1074661.0
2023-07-25,110984.15625,175138.671875,66272.390625,1130088.875,594000.0,111767.11326058202,176885.69104582292,66745.76484375,1148539.375,610000.0,109809.72073412698,174003.10941396508,66083.0409375,1128551.375,585000.0,111571.37400793651,174614.56612375312,66272.390625,1134701.5,607000.0,2678385,492019,14314945,32126,756355.0
2023-07-26,110592.671875,173566.3125,66083.046875,1117788.625,580000.0,113626.63012997787,176448.89343231003,66840.44569305157,1134701.5,620000.0,108928.88831581858,170334.32781831909,64473.5743866404,1099338.25,560000.0,113528.76050884956,175575.38405888274,66083.046875,1125476.25,595000.0,4995935,1347123,30016221,66195,1706916.0
2023-07-27,121358.3359375,172780.203125,67881.8671875,1216190.875,540000.0,121358.3359375,177322.45315659756,67881.8671875,1219266.0,577000.0,111669.2429876512,169460.86656344793,65609.6707962866,1136239.0,535000.0,112550.06961945564,176885.69834586704,66177.71989408995,1143926.75,577000.0,9638980,1244827,24261179,200866,1180424.0
2023-07-28,125273.109375,171906.671875,66840.4453125,1205428.125,542000.0,126251.80554199219,176012.16657933182,68544.59264341359,1216190.875,552000.0,119400.93237304688,171644.619021532,66367.07105391289,1190052.875,540000.0,123511.45627441407,171644.619021532,67976.54353310906,1216190.875,540000.0,8718746,782058,19420683,61430,561173.0
2023-07-31,120771.1171875,171207.859375,66083.046875,1177752.5,560000.0,125762.46805991694,173129.58024553573,67219.14510207737,1208503.25,562000.0,119890.29056295582,170421.7008370536,66083.046875,1170064.875,545000.0,125273.11993517017,172954.8783482143,67124.47024982092,1206965.75,545000.0,4623350,678535,13035420,62094,378890.0
2023-08-01,122434.8984375,174177.8125,67313.8203125,1233103.875,557000.0,123707.20353717027,174352.51441825475,67408.49516526019,1237716.375,568000.0,118128.63502323141,169984.96646188566,66272.39693213784,1188515.25,550000.0,121358.33258393285,170509.07221664995,66367.07178489803,1191590.375,562000.0,4656047,698965,12299254,111315,406755.0
2023-08-02,116954.203125,168150.578125,66177.71875,1213115.875,544000.0,122141.29330543934,173653.68795454546,67219.14207796853,1236178.875,559000.0,116171.2461166318,168063.22717532466,66083.04390200286,1206965.75,543000.0,120673.24891474895,172780.1784577922,66935.11753397711,1233103.875,551000.0,3765478,917045,13835020,49759,273058.0
2023-08-03,117443.5390625,167451.765625,65136.30078125,1240791.5,543000.0,118715.84406901042,169722.89025006522,66461.74876226381,1245404.125,551000.0,114703.18981770833,166665.60710093897,64852.2762138899,1213115.875,539000.0,116464.84290364584,168150.57320194313,66177.72419490371,1222341.125,541000.0,3498537,531818,20087090,84728,299858.0
2023-08-04,117541.4140625,167888.515625,64662.9296875,1223878.625,540000.0,118324.37102544754,168936.7269608481,65420.32857110176,1248479.125,548000.0,115584.02165513115,166403.5495658819,64568.25482704978,1217728.5,540000.0,115779.76089586804,167364.40995707596,65136.3039897511,1242329.0,545000.0,2375384,378998,12360193,37767,164545.0
2023-08-07,119303.0625,164219.765625,64852.26171875,1219266.0,514000.0,122239.15099466775,166927.64473902926,65514.98556113138,1239254.0,542000.0,117932.88786915505,163608.30905086437,64000.188207116786,1214653.375,513000.0,118030.75748564398,166840.293799867,64094.8630417427,1220803.5,540000.0,3724826,842043,10968505,35458,549808.0
2023-08-08,116073.3671875,164569.1875,64000.203125,1214653.375,525000.0,119792.41267917369,166403.55742436307,65420.325975406806,1230028.75,535000.0,115779.75833289418,163957.73085854563,63810.85341161242,1206965.75,517000.0,119303.064588164,164219.78370488322,65325.651118713016,1223878.625,517000.0,2729243,557129,14664709,26670,328379.0
2023-08-09,115975.4921875,165442.671875,65230.98046875,1226953.625,553000.0,116660.57948312236,165792.07561708023,65893.70450834543,1237716.375,553000.0,114703.1872099156,163783.0041001188,64284.23184075653,1210040.75,528000.0,115975.4921875,164569.16251979937,64378.90670355588,1211578.375,530000.0,2551668,366474,17259673,32203,485515.0
2023-08-10,115975.4921875,164569.1875,64378.9140625,1233103.875,556000.0,115975.4921875,166228.85552680466,64852.28843060662,1233103.875,560000.0,112647.92532304852,164307.13465366242,64189.564315257354,1214653.375,543000.0,114898.92643723628,165093.29319267516,64662.93868336397,1216190.875,549000.0,2622604,489856,10227311,26329,344272.0
2023-08-11,112843.671875,166403.546875,63905.52734375,1231566.25,547000.0,116856.32629553339,168762.0223425197,65136.30046296296,1237716.375,559000.0,112745.802254987,164569.17706692914,63905.52734375,1223878.625,543000.0,115486.15161535125,165005.93178313648,64757.60104166666,1234641.375,559000.0,2412381,529916,9781038,28183,228274.0
2023-08-14,112452.203125,164918.609375,63716.1875,1220803.5,542000.0,114801.07420855091,166403.57566704185,64284.23671991085,1231566.25,551000.0,111571.3764686684,164481.85458322297,63337.48802005944,1216190.875,536000.0,112158.59423955613,165966.82087526482,63905.53723997028,1222341.125,545000.0,2038360,297138,9352343,22666,238615.0
2023-08-16,113333.03125,162298.0625,63432.15234375,1200815.625,526000.0,115975.51125323834,164307.13431781487,63526.827197994404,1214653.375,540000.0,112550.07421200346,161861.30775699677,62769.42836403918,1193127.875,524000.0,114703.20606649395,163258.9229346071,63148.12778101679,1213115.875,533000.0,3870479,563291,13174578,29428,289809.0
2023-08-17,112354.328125,161424.546875,63148.1328125,1186977.75,540000.0,113039.41549161584,162036.00349195077,63242.807674287855,1200815.625,543000.0,110103.3267775479,159502.82607886905,62485.408779985,1180827.625,522000.0,111864.98000598868,161511.89782027868,62769.433365348574,1194665.375,522000.0,3064253,458036,10778652,24787,306424.0
2023-08-18,114703.1875,162560.125,62769.4296875,1185440.25,529000.0,116171.23170861775,163783.038353036,63148.129112462295,1199278.0,538000.0,109418.2283489761,159502.84161740998,62296.055406297135,1174677.5,525000.0,110201.18526023891,159502.84161740998,62485.40511877828,1174677.5,534000.0,3329697,420787,11745006,23919,205838.0
2023-08-21,113920.2421875,162560.125,63053.46875,1196203.0,526000.0,115975.50428882088,163520.98549167113,63526.843140015015,1213115.875,534000.0,113137.28519652062,161861.31736969372,62769.44411599099,1183902.625,522000.0,114801.0688023518,163346.28358409458,63053.46875,1185440.25,530000.0,2621973,279766,9720067,20312,251626.0
2023-08-22,114018.1171875,164132.421875,63053.46875,1188515.25,539000.0,118324.38084093347,164132.421875,64094.89240803303,1202353.125,542000.0,112452.203131706,162647.45584419905,62769.44411599099,1183902.625,531000.0,117443.55418454936,162647.45584419905,63621.51801801802,1199278.0,531000.0,3349473,297596,10500242,20104,195045.0
2023-08-23,113528.75,163783.03125,63526.828125,1173139.875,525000.0,114311.70689655172,164831.24265,63526.828125,1194665.375,538000.0,111669.22737068965,162472.76700000002,62864.10413561848,1170064.875,525000.0,113724.48922413793,162909.52175,63148.12870249627,1177752.5,535000.0,2573292,252159,9549352,21139,191350.0
2023-08-24,118324.3671875,162822.15625,64568.25,1173139.875,535000.0,120966.84685173698,165355.33357363197,65041.62426686217,1186977.75,537000.0,117737.14948433623,162472.75248122317,64284.2254398827,1173139.875,523000.0,119694.54182821547,164481.8241516899,64662.92485337244,1173139.875,532000.0,6368401,320108,15044463,17594,191114.0
2023-08-25,114018.1171875,162647.5,63526.828125,1163914.75,546000.0,115779.77050026823,163346.30773361976,63810.85269187779,1174677.5,549000.0,112843.6816456545,160900.4806659506,63337.47841374813,1159302.125,525000.0,114898.94384388412,160900.4806659506,63526.828125,1160839.625,527000.0,3533647,368503,7032462,15241,249493.0
2023-08-28,113430.90625,161948.65625,63242.8046875,1153152.0,553000.0,114996.82040012942,163258.9204591424,63432.15440213324,1174677.5,553000.0,113039.42771246764,161337.19961906687,62958.78011555015,1147001.875,542000.0,114507.47222821397,162647.46382820926,63242.8046875,1173139.875,550000.0,1746882,300125,5824628,33794,246291.0
2023-08-29,116073.3671875,163084.21875,63242.8046875,1157764.625,552000.0,117737.15069693296,164394.48296063204,63621.50411676647,1162377.125,555000.0,114605.3229144709,161948.65643411892,63053.45497286677,1151614.375,546000.0,115779.75833289418,162036.0073814944,63337.47954481662,1157764.625,554000.0,2682352,321448,9114352,15193,225090.0
2023-08-30,116856.328125,164045.078125,63526.828125,1160839.625,553000.0,120183.89525753769,165355.34232727636,64094.87725875559,1173139.875,558000.0,116856.328125,164045.078125,63526.828125,1157764.625,550000.0,119792.41677135677,164743.8856995474,63716.17783625186,1173139.875,557000.0,2629711,331121,9181223,15266,224096.0
2023-08-31,119205.2109375,165180.640625,63337.4921875,1133164.0,544000.0,120183.90725061577,165180.640625,63621.51681614349,1165452.25,554000.0,117443.55757389162,162647.46316433104,62864.1178064275,1131626.5,543000.0,118422.25388700739,164045.07831504496,63526.84193992899,1162377.125,554000.0,4403695,590270,15964630,54164,1211809.0
2023-09-01,117443.5390625,163695.6875,67219.140625,1127013.875,522000.0,119988.14907552084,165005.95180763074,67219.140625,1151614.375,544000.0,117052.06059895834,163084.23082310567,63148.12224911972,1127013.875,520000.0,118813.71368489583,164219.7932230523,63242.79709507042,1134701.5,544000.0,2886011,281460,29738235,28674,496771.0
2023-09-04,116660.578125,163608.328125,67408.4921875,1131626.5,530000.0,117149.92618760487,163695.67907434597,69017.96461332514,1131626.5,531000.0,113724.48974937081,162123.3619861185,66935.11794461025,1116251.125,520000.0,115779.75161231124,162822.1695808863,69017.96461332514,1123938.75,522000.0,3491280,307475,26286495,20903,218035.0
2023-09-05,116856.328125,162996.875,66935.125,1131626.5,536000.0,118422.24206972361,163258.92785369774,67692.52386845827,1134701.5,537000.0,115192.54455873116,162123.36548767416,66461.75070721358,1123938.75,528000.0,115584.02304491206,162909.5240487674,67124.47471711457,1127013.875,528000.0,1749591,290618,12330239,18676,156600.0
2023-09-06,115681.8984375,163084.21875,66272.390625,1119326.125,527000.0,117443.55171319797,164481.8339080075,67029.78937500001,1131626.5,540000.0,115290.41993178935,162472.76211837173,65988.36609375001,1116251.125,526000.0,116073.37694321066,162472.76211837173,66935.11453125,1130088.875,537000.0,1615519,259552,11414620,33453,189937.0
2023-09-07,115975.4921875,163520.984375,66651.1015625,1113176.0,517000.0,118324.3629153481,163520.984375,66840.45128284801,1125476.25,529000.0,114605.31759625528,161948.6672175481,65893.70268110796,1107025.875,514000.0,115681.88334651898,162036.01817073984,66272.40212180397,1116251.125,523000.0,2995088,299030,13741241,30905,308430.0
2023-09-08,111277.7734375,162210.734375,66556.4296875,1113176.0,509000.0,114605.34098092568,163783.05167104202,66556.4296875,1117788.625,521000.0,110396.9467348285,161773.9795705439,65893.70563655761,1102413.25,505000.0,114507.47134729552,163783.05167104202,66461.75482307967,1114713.5,520000.0,4943255,192047,10688118,31346,287513.0
2023-09-11,113430.90625,162036.0,67029.8125,1128551.375,508000.0,113528.77588438308,162734.8075471698,67029.8125,1130088.875,512000.0,110494.81721850733,161075.1396226415,66272.41348870056,1105488.375,505000.0,111277.77429357205,162210.70188679243,66651.11299435027,1119326.125,512000.0,2542590,195283,11785462,22147,159612.0
2023-09-12,114213.8515625,162647.5,66745.7734375,1111638.5,499500.0,114996.80855693016,164569.22126745436,67219.14771719858,1134701.5,516000.0,111473.50208199443,162123.3941997852,66651.09858156028,1108563.375,499500.0,112941.54644655099,162909.55290010743,67029.79800531914,1134701.5,513000.0,2749688,273908,11688599,22965,300881.0
2023-09-13,115975.4921875,165792.109375,67124.4765625,1111638.5,494500.0,118128.62368802742,166578.26795475502,67787.20059062059,1120863.75,502000.0,114409.5783689346,163520.9845890411,66556.42739553949,1102413.25,490000.0,115388.27450553798,163608.33554234722,67313.82628482017,1107025.875,491000.0,3860589,579550,15955797,20461,271068.0
2023-09-14,119596.6796875,166578.265625,67881.8671875,1123938.75,508000.0,119596.6796875,167015.02038542213,67976.54203713388,1123938.75,511000.0,116073.37324826104,164743.89563122706,67029.79354079498,1105488.375,495000.0,116073.37324826104,167015.02038542213,67408.49293933054,1116251.125,496500.0,3948784,627998,21041407,34078,294550.0
2023-09-15,119792.421875,167888.515625,68165.890625,1123938.75,514000.0,121749.81438929739,168325.27034827005,68449.91516927083,1128551.375,521000.0,119009.46486928104,165180.63634072582,67597.84153645833,1117788.625,504000.0,120281.77000357435,166578.25145518992,67881.86608072916,1125476.25,506000.0,3579662,526604,17823512,41074,515495.0
2023-09-18,116464.8515625,166840.296875,66461.7578125,1125476.25,507000.0,120281.76686580882,167888.508164267,67881.88084268162,1137776.625,514000.0,116269.11231617647,166141.48934882198,66461.7578125,1123938.75,505000.0,117737.15666360295,167014.9987565445,67503.18136796652,1127013.875,513000.0,2356621,289943,16040727,27337,164941.0
2023-09-19,116660.578125,165966.796875,66083.046875,1120863.75,496500.0,118715.83998794045,168762.0271381579,67029.79539756448,1131626.5,511000.0,116073.36044987416,165966.796875,65893.69717048711,1119326.125,496000.0,116856.31735004195,167277.06106085528,66651.09598853868,1130088.875,508000.0,1921912,289352,11820188,17601,209840.0
2023-09-20,115486.1640625,170246.984375,65893.6953125,1105488.375,499500.0,117149.94778204449,171207.84472806568,66556.41925960848,1120863.75,502000.0,114213.85886520127,165966.78825679835,65799.02046291307,1103950.75,494000.0,116366.99073755297,166490.89390392508,66272.3947108477,1120863.75,495000.0,2228681,636780,10873015,30066,153389.0
2023-09-21,114018.1171875,167626.46875,65230.98046875,1091650.5,487000.0,114409.59570144849,169897.5933917405,66083.05423394412,1103950.75,497500.0,111669.24610380901,167364.41590672225,65136.305605950656,1090113.0,486000.0,113528.76904506437,169810.24244398123,65515.00505714804,1102413.25,497000.0,3151900,327599,10796336,39312,292854.0
2023-09-22,114801.0625,167277.078125,65136.30078125,1080887.75,491000.0,114801.0625,168063.23671671018,65230.9756370367,1091650.5,495000.0,111767.10432651322,165268.0061684073,64662.9265023165,1077812.75,478500.0,111864.97394501278,165617.40998694516,64662.9265023165,1083962.875,479000.0,2938386,326229,9897840,28544,249462.0
2023-09-25,114507.4609375,168499.984375,65704.359375,1067050.0,476000.0,115192.54831063034,169024.0900806765,65988.38398324928,1085500.375,491500.0,113235.15581597222,165617.40299377916,64852.285550252156,1067050.0,461500.0,113430.89506543803,167451.77296364697,64852.285550252156,1082425.25,491500.0,2181722,346374,13582516,34915,410299.0
2023-09-26,112839.390625,167883.734375,65286.5625,1045524.4375,475500.0,114998.05722826088,169820.51578886996,66618.9413265306,1067050.0,479000.0,111171.33006793479,167179.45022450184,65096.22266763848,1040911.8125,468500.0,114801.8148097826,168676.05404431044,66618.9413265306,1065512.375,471500.0,3237819,302642,13143470,51399,252369.0
2023-09-27,112545.0390625,168235.890625,65096.22265625,1047062.0,476500.0,113035.64516129032,169380.3524659864,65762.41206939876,1054749.625,476500.0,110190.12978830645,166387.14457417582,64905.882823921784,1034761.6875,466500.0,110876.97832661291,166563.21562663527,65286.56248857822,1034761.6875,469500.0,3060751,367983,14886491,37103,256074.0
2023-10-04,113231.890625,167971.765625,64239.6953125,1062437.375,456000.0,114409.34529354419,170084.61802279874,64430.035150462965,1077812.75,471500.0,110876.9812879116,164714.45151172695,63478.335960648146,1027074.0,455500.0,110876.9812879116,165506.77116090147,64144.52539351852,1027074.0,467000.0,4447702,641075,23361149,86265,423482.0
2023-10-05,117941.703125,167707.640625,63478.33203125,1111638.5,467500.0,120590.97599053661,169204.24424212598,64144.52142288231,1130088.875,477000.0,115881.15756291596,166827.28555610238,63478.33203125,1062437.375,463000.0,120590.97599053661,168059.78265255905,64049.35150979198,1071662.5,468500.0,6112858,396264,16108313,97112,370971.0
2023-10-06,118137.9453125,169204.25,62812.1484375,1123938.75,464000.0,119315.39991694351,169556.39203954214,64049.357421875,1130088.875,476500.0,116764.24827398255,166915.32674297606,62812.1484375,1103950.75,462500.0,117941.70287842608,168147.82388137357,63859.017578125,1120863.75,468000.0,4158083,345787,14386527,36475,205780.0
2023-10-10,117254.8515625,165858.921875,63192.8125,1116251.125,458500.0,121964.66986793933,169732.48480626327,64334.851280120485,1136239.0,473000.0,117254.8515625,165242.6732268445,63002.47270331325,1111638.5,458000.0,120492.85164748953,169644.4492850982,63002.47270331325,1123938.75,467500.0,5580659,575373,19889202,35406,344073.0
2023-10-11,116960.484375,166739.25,64905.8828125,1114713.5,492000.0,121572.18132602768,168499.9601372756,66047.92180626832,1130088.875,496500.0,116960.484375,166387.10797254488,64620.373064057916,1111638.5,464500.0,120689.09042051174,166387.10797254488,65286.56247708944,1122401.25,464500.0,4293299,490998,25209349,24301,670584.0
2023-10-12,121866.5546875,165506.75,65572.078125,1119326.125,493500.0,121866.5546875,167091.38909574467,66333.43752267779,1127013.875,501000.0,118236.06956395935,165242.64348404255,64905.888652031936,1108563.375,490000.0,118824.79688129027,166915.31808510638,65286.56835087083,1127013.875,494000.0,4016352,451893,19311380,24362,477829.0
2023-10-13,122357.15625,164714.4375,64715.55078125,1108563.375,484000.0,123927.09570469125,165858.89911811866,65191.400419347425,1117788.625,490000.0,120198.48949979951,164714.4375,64430.040998391545,1103950.75,480000.0,120787.21679530873,165066.57953634422,64715.55078125,1107025.875,490000.0,3205273,254250,9724086,20534,300483.0
2023-10-16,121768.4375,164450.34375,64049.3515625,1100875.75,474000.0,122847.77095084608,165770.87648889187,65191.390520523775,1117788.625,481500.0,120100.37671232877,164186.23720222162,63573.50199665676,1097800.625,471500.0,122357.16483682513,164538.37926592614,64620.371041511884,1111638.5,479500.0,3008476,291429,12599299,22223,255899.0
2023-10-17,127557.5859375,165946.953125,66047.9296875,1108563.375,475000.0,128342.55569711539,166651.23727619363,66523.77932501801,1119326.125,482500.0,121179.706640625,164714.45586041114,64144.531137427955,1108563.375,474000.0,122651.52493990384,165770.8820872016,64430.04091993876,1111638.5,479500.0,6411880,423633,17299253,19927,189464.0
2023-10-18,127557.5859375,168852.09375,67094.7734375,1082425.25,465000.0,128244.43447716346,169908.51977971845,67094.7734375,1113176.0,472500.0,124810.19177884616,166827.27719303963,65476.88528368794,1082425.25,462000.0,126183.88885817307,167619.59671532846,65572.05517508865,1103950.75,471500.0,4760148,532948,16493184,26135,317384.0
2023-10-19,123338.3671875,166299.09375,66143.0859375,1093188.0,452500.0,126478.24606578163,167971.76859449444,66618.9354766187,1096263.125,457000.0,122749.6398978222,166211.05823186872,66047.91602967626,1067050.0,450000.0,125202.67027147971,167179.44893131286,66333.42575314749,1067050.0,455500.0,5089745,408555,13985012,46856,358437.0
2023-10-20,123828.9921875,161545.1875,65476.8984375,1085500.375,436500.0,124810.2044869255,166034.9992506812,65857.57807957848,1093188.0,446000.0,120492.87036945325,161545.1875,64810.70906386265,1076275.125,435500.0,121964.68881859152,165330.7150544959,65572.06834801962,1085500.375,445500.0,3868266,602367,15204495,34168,363181.0
2023-10-23,121670.3125,163217.828125,65096.22265625,1076275.125,436500.0,124810.19153225806,163834.07666700377,65762.41206939876,1091650.5,442500.0,121179.70640120968,161809.26002899138,64905.882823921784,1074737.625,430500.0,124417.7066532258,162161.40205299354,65381.73240474233,1085500.375,438000.0,2432303,286602,11625959,42843,296136.0
2023-10-24,124417.703125,160928.90625,65191.37890625,1134701.5,448500.0,124613.9455589511,164626.39753145515,65476.88859489051,1134701.5,449000.0,121572.187832709,159696.40915618162,64430.019736541966,1087037.875,423000.0,123044.00608734228,164538.36202475385,65381.718698677,1088575.5,439500.0,2802010,418638,12791710,80919,393138.0
2023-10-25,125104.5546875,160224.640625,64715.55078125,1111638.5,409500.0,126576.37297794117,161721.2444110577,65476.91020220588,1136239.0,449500.0,123730.85761642156,160224.640625,64620.380853630515,1105488.375,409000.0,125104.5546875,160840.88924278846,65476.91020220588,1134701.5,449000.0,3053002,374888,10610703,52011,1005968.0
2023-10-26,117745.4609375,158023.75,63478.33203125,1120863.75,399500.0,122455.279375,160664.81545961002,64620.37098833396,1142389.25,407000.0,117254.85485026041,157143.39484679664,63478.33203125,1091650.5,395000.0,119806.00650390625,158728.03412256268,63763.841770520994,1103950.75,398000.0,5961584,651245,15517624,92870,534523.0
2023-10-27,116862.3671875,154590.34375,64049.3515625,1111638.5,400000.0,118628.54905935138,161016.93548903757,64049.3515625,1123938.75,411000.0,115292.42774585432,153709.98871725512,63478.332083488116,1096263.125,396500.0,117549.21569321999,159520.3319333713,63859.011736162705,1108563.375,399500.0,5486088,787539,11334726,35993,500087.0
2023-10-30,116862.3671875,151861.265625,64049.3515625,1108563.375,405000.0,119413.51878017421,155206.6152445652,64525.20112834324,1117788.625,413000.0,116469.88232708858,150892.87494565218,63478.332083488116,1103950.75,397000.0,116862.3671875,154062.1535326087,63573.50199665676,1107025.875,397000.0,2798497,726773,10139270,26372,342974.0
2023-10-31,114114.9765625,149396.28125,63668.66796875,1090113.0,385500.0,118628.55259162726,154854.48362919857,65001.046670637144,1105488.375,404500.0,114114.9765625,149044.13916101944,63668.66796875,1083962.875,382500.0,117549.2191933577,153445.91527327636,64334.85731969357,1105488.375,404500.0,3166739,697296,14488892,45988,719190.0
2023-11-01,118039.828125,149924.5,65286.5625,1080887.75,377500.0,118039.828125,150980.9263065179,65572.07224854227,1099338.25,391500.0,114801.82785224439,149132.18027011157,64049.35358965015,1079350.25,375500.0,115684.91883572319,150364.6776277158,64239.69342201166,1090113.0,389500.0,2707225,450423,13775256,24642,348415.0
2023-11-02,122945.890625,151421.078125,66333.421875,1094725.625,391500.0,123044.01184656823,154150.17895167152,66618.93158177905,1102413.25,394000.0,120787.2237504988,150980.90057231105,66047.91216822095,1087037.875,380000.0,121572.19352304468,151421.078125,66618.93158177905,1097800.625,383500.0,3736208,661435,16350031,29896,485126.0
2023-11-03,123436.4921875,152653.59375,66238.25,1083962.875,402000.0,124810.18923887121,154414.30417387543,66809.26939655172,1100875.75,404500.0,122651.5224438593,152037.3451016436,66143.0801005747,1077812.75,396500.0,124123.34071318561,154062.16208910034,66333.41989942528,1099338.25,402500.0,2796773,431491,10322234,23627,442376.0
2023-11-06,130501.21875,156615.171875,67475.4609375,1125476.25,493500.0,130501.21875,156615.171875,67475.4609375,1125476.25,500000.0,123436.49111842105,153974.10658199832,65952.74249603314,1091650.5,435000.0,123436.49111842105,154414.28413083192,66428.59200899155,1096263.125,451500.0,6923192,661383,22228489,52070,1894906.0
2023-11-07,127950.0703125,155030.546875,67475.4609375,1125476.25,443000.0,130991.82811900882,156263.04412443214,67475.4609375,1128551.375,488500.0,126870.73689728719,153357.87203648494,66618.9318141749,1113176.0,440500.0,129520.0098255368,156263.04412443214,67189.95122972496,1122401.25,488500.0,4940510,532443,17228731,28486,825182.0
2023-11-08,125202.6796875,153886.078125,66523.7578125,1128551.375,437500.0,130206.86202610697,157583.56970466248,67951.30626341201,1145464.25,459500.0,124221.46746424373,153621.97158359556,66333.41801904506,1119326.125,437500.0,129127.52858052508,156615.17905284613,67856.13636668454,1137776.625,446000.0,3328279,395162,12901310,26073,367858.0
2023-11-09,125595.1484375,153798.046875,66904.453125,1111638.5,429000.0,127361.33021240235,154678.4020374213,67380.30272048364,1131626.5,447000.0,124319.57271118164,153357.86929378935,66238.2636913229,1111638.5,426500.0,125300.7848083496,153798.046875,66523.77344861308,1128551.375,439000.0,2228081,384071,12301373,22915,348224.0
2023-11-10,128048.203125,152917.703125,67094.7734375,1116251.125,411000.0,128342.56681034483,154326.2714899971,67094.7734375,1117788.625,422000.0,124613.96012931035,152741.63207937535,66143.0745234929,1100875.75,411000.0,125497.05118534483,153005.7386478123,66618.92398049645,1103950.75,418500.0,2656526,255065,9684347,15860,290145.0
2023-11-13,129323.765625,152565.546875,66999.6171875,1107025.875,415500.0,131580.55364425265,154062.15062391805,67856.14638449928,1122401.25,425000.0,128538.79587917299,152125.3693017888,66904.4472767223,1105488.375,408000.0,130501.22024374052,154062.15062391805,67856.14638449928,1122401.25,413000.0,2644761,348523,9246919,16300,258047.0
2023-11-14,127557.5859375,154238.21875,67380.296875,1107025.875,437000.0,130991.8286358173,154854.4673408961,67665.80660752118,1119326.125,444000.0,127557.5859375,153093.75708119292,67189.9570533192,1103950.75,420500.0,130991.8286358173,153974.11221104453,67570.63669668078,1119326.125,424500.0,2589591,329429,9567984,27027,318068.0
2023-11-15,131580.5625,160664.8125,68712.6796875,1125476.25,451500.0,131678.68372483223,160752.84801369865,68712.6796875,1125476.25,460000.0,129618.1380033557,157231.42746575343,68046.49027224723,1110101.0,446000.0,131384.32005033558,157319.46297945207,68141.6601887119,1119326.125,460000.0,3616292,806741,20148677,41360,354065.0
2023-11-16,129814.3671875,162689.625,69283.7109375,1125476.25,442500.0,131874.9126984127,164098.19318181818,69474.05080271291,1133164.0,449500.0,128735.03382464097,160048.5596590909,68807.86127446772,1119326.125,439000.0,130501.21569113756,160664.80823863635,68998.20113968063,1125476.25,447500.0,2456351,432174,15860451,17693,186484.0
2023-11-17,127459.4609375,162337.484375,68998.1796875,1111638.5,432000.0,129520.00649538107,163658.01705700922,69474.0292025862,1130088.875,437000.0,126674.49120116436,161545.16476579447,68807.83988146551,1111638.5,428000.0,129029.40041017129,163658.01705700922,68807.83988146551,1130088.875,436000.0,2438499,259919,11494644,17883,223340.0
2023-11-20,128931.28125,161633.21875,69188.515625,1107025.875,444000.0,129520.00856164384,162777.68053853486,69474.02531808804,1116251.125,445500.0,126870.73565924658,160312.68591707514,68617.49623882394,1099338.25,431500.0,126870.73565924658,162337.5029275599,68617.49623882394,1100875.75,432000.0,2004403,277906,10610157,22344,250872.0
2023-11-21,129520.015625,162161.4375,69283.7109375,1110101.0,447000.0,130795.59153645833,162689.65065146578,69854.73053313873,1116251.125,452000.0,129127.53072916667,161545.1888232899,69188.54100489354,1105488.375,444000.0,129520.015625,162601.6151262215,69569.22073531937,1113176.0,450000.0,2439306,252833,9712881,21337,158805.0
2023-11-22,128833.1484375,161105.015625,69283.7109375,1108563.375,442000.0,129127.51206683168,161457.15773565572,69474.05080271291,1111638.5,446000.0,127066.9666615099,159520.37612704918,68427.1815440419,1097800.625,437000.0,127165.08787128713,160488.76693135244,68712.69134186127,1102413.25,443000.0,2128566,219027,11105143,19410,136059.0
2023-11-23,127655.703125,162689.625,68903.015625,1108563.375,448500.0,128931.27894408147,162865.69602272726,69664.37491367404,1113176.0,450500.0,127066.97582388547,160576.77272727274,68712.6758028315,1102413.25,440500.0,128146.30920926211,161633.19886363635,69474.03509150553,1105488.375,440500.0,1839516,240354,6775614,15447,142291.0
2023-11-24,125595.1484375,161985.328125,68236.8359375,1090113.0,442500.0,128538.7847290039,163393.89619565217,69093.36525889122,1113176.0,452500.0,125595.1484375,161897.29262058422,68236.8359375,1088575.5,442500.0,128146.29989013672,162513.54115149457,68903.02540969317,1108563.375,449500.0,1925668,161656,6676685,30291,134085.0
2023-11-27,128244.4375,162777.6875,67856.140625,1080887.75,434500.0,128244.4375,163481.97170767983,68617.49984659888,1094725.625,447500.0,125987.64938791124,161985.3677663602,67665.80081960028,1076275.125,432500.0,126772.61916602906,161985.3677663602,68046.48043039972,1090113.0,446000.0,2264243,188306,9113857,34442,154442.0
2023-11-28,128931.28125,163481.96875,69188.515625,1117788.625,435000.0,129618.12978025114,163658.03979873453,69188.515625,1120863.75,440500.0,127459.46297089041,161633.22273828756,67856.13705725585,1083962.875,434000.0,129618.12978025114,163658.03979873453,67951.30695495186,1094725.625,436500.0,2562226,269820,13283081,50528,140561.0
2023-11-29,127950.0703125,162689.625,69188.515625,1120863.75,447000.0,128538.7976298888,164186.22869318182,69283.68552269602,1125476.25,447500.0,126478.25201902799,162601.58948863635,68712.66613651995,1111638.5,434000.0,127753.82787337039,163481.94460227274,68903.00593191198,1117788.625,440000.0,2227853,298485,9283933,43095,203907.0
2023-11-30,131384.296875,162249.484375,69283.7109375,1114713.5,454500.0,131384.296875,162777.69756341563,69283.7109375,1119326.125,454500.0,127459.44857402913,160312.7026841427,68712.69134186127,1103950.75,440500.0,127459.44857402913,162161.4488435974,69188.54100489354,1114713.5,444000.0,3625365,574490,15783714,43779,289478.0
2023-12-01,130108.7265625,160928.90625,68522.328125,1093188.0,428500.0,130501.21140884238,161809.26131701315,68998.17762586806,1117788.625,448000.0,128342.54475395929,159960.51567628558,68236.81842447916,1093188.0,428500.0,129716.24171615762,161369.08378350656,68903.00772569445,1114713.5,444000.0,3641222,304309,9871284,31599,498100.0
2023-12-04,128636.9140625,159872.515625,69093.3515625,1094725.625,430000.0,132071.15661946987,162073.4037806305,69378.86127970042,1105488.375,436000.0,128636.9140625,159872.515625,68903.01175103306,1094725.625,428000.0,130893.70202850876,161897.33272818007,69283.69137396694,1100875.75,429500.0,2680820,378913,10229267,21930,238728.0
2023-12-05,123534.6171875,159696.40625,67760.9765625,1099338.25,430000.0,127557.58724682288,160224.61928059536,68903.01549332865,1107025.875,434500.0,123044.01108270453,159080.15771430542,67760.9765625,1087037.875,423000.0,127263.2235839456,159872.47726019847,68807.84558242626,1088575.5,425000.0,4375531,275980,12129682,30923,156615.0
2023-12-06,123240.25,161016.96875,68236.8359375,1083962.875,424500.0,125104.55314490445,161457.14635729906,68617.5156358961,1105488.375,435000.0,123044.00756369426,159432.32936372334,68141.66601290098,1083962.875,424500.0,124417.70461783439,159432.32936372334,68332.00586209903,1102413.25,430500.0,2667583,280528,8123087,35498,178434.0
2023-12-07,123240.25,160752.84375,68046.484375,1090113.0,426500.0,125398.91679936305,161369.09232954547,68427.16400786713,1093188.0,429500.0,122160.91660031847,159696.41761363635,67665.80474213287,1076275.125,420000.0,123240.25,159696.41761363635,68331.99409965034,1083962.875,428000.0,2478565,296154,8862017,30518,166343.0
2023-12-08,125104.5546875,162953.734375,69093.3515625,1090113.0,430500.0,126674.49419730391,163481.9474523906,69283.69137396694,1100875.75,436000.0,125104.5546875,161457.13065572662,68427.1622223657,1083962.875,427500.0,125693.28200367646,161633.2016815235,68617.50203383264,1096263.125,431500.0,2762531,327749,10859463,34944,156894.0
2023-12-11,126478.2421875,163217.828125,69474.0390625,1080887.75,428500.0,126674.4846113751,163217.828125,69474.0390625,1091650.5,434000.0,124908.30279649924,161985.33104099246,68712.67973030821,1079350.25,427000.0,126281.9997636249,163217.828125,69283.69922945205,1090113.0,434000.0,3696790,218073,9861960,31493,139380.0
2023-12-12,128538.796875,163393.921875,69949.875,1082425.25,424500.0,129421.88784589694,164098.20602101294,69949.875,1090113.0,430500.0,128048.19078005725,162865.7087654903,69569.19540816326,1077812.75,424000.0,128146.3119990458,163305.8863567484,69759.53520408164,1088575.5,427000.0,3126577,332590,13758646,31083,174436.0
2023-12-13,128735.0234375,162865.6875,69283.7109375,1077812.75,410000.0,129912.47792016006,163922.11358108107,69949.90046574519,1083962.875,424500.0,127557.56895483994,162337.47445945945,69283.7109375,1076275.125,409500.0,127557.56895483994,163129.79402027026,69759.56060053228,1082425.25,423000.0,2852873,287425,13116766,26718,260657.0
2023-12-14,134131.703125,162689.625,69569.2109375,1073200.125,422500.0,135701.64259098392,164714.44176136365,70711.24996793777,1090113.0,422500.0,131089.94540965618,162161.41193181818,68998.19142228113,1073200.125,415000.0,131188.06662628017,164626.40625,70520.91012953146,1087037.875,419500.0,8217135,760383,27567593,67128,330547.0
2023-12-15,137369.703125,169732.46875,69759.5234375,1080887.75,422000.0,137369.703125,169732.46875,70425.71261084583,1083962.875,431000.0,134426.0666294643,163041.7697743776,69664.35355559345,1076275.125,422000.0,134426.0666294643,163569.98285140042,70235.37284703273,1079350.25,426500.0,5011719,1228522,15419815,38860,341008.0
2023-12-18,137369.703125,169028.203125,69378.8671875,1077812.75,422000.0,138154.67285714287,169908.55834960938,69854.71675668724,1085500.375,430000.0,136290.36974330357,167267.49267578125,69283.69727366255,1076275.125,422000.0,136388.49095982144,169732.4873046875,69759.5468428498,1083962.875,429500.0,2540812,482331,9690551,34422,207795.0
2023-12-19,135603.53125,169204.25,69854.7109375,1082425.25,426000.0,138154.68306801736,169820.49856919874,69854.7109375,1083962.875,428000.0,135505.41002623012,167971.7528616025,69283.6915020436,1077812.75,419000.0,137369.7132778582,168940.1434703434,69474.03131386239,1077812.75,422000.0,2309721,272670,8907632,25481,195288.0
2023-12-20,137860.328125,175278.71875,71187.0859375,1105488.375,432500.0,138154.69181494662,175806.9318652687,71282.25583848596,1108563.375,434000.0,136682.8733652135,169556.41000125566,70235.38692764037,1082425.25,428000.0,137271.60074510676,169644.4455204671,70616.06653158422,1085500.375,429000.0,3108011,961888,16870156,68188,243818.0
2023-12-21,137860.328125,174926.546875,71377.4296875,1094725.625,423000.0,137958.4493549822,177831.7185140916,71377.4296875,1107025.875,430000.0,135505.41860542705,173517.97880756165,70711.24034375,1087037.875,421000.0,136584.7521352313,173870.12082442123,70996.7500625,1099338.25,428500.0,2737124,545031,13478766,27224,198534.0
2023-12-22,137958.421875,175190.640625,72233.953125,1107025.875,419500.0,141000.17939855976,176511.1730920226,72614.63271986166,1107025.875,425500.0,137958.421875,174750.46313599247,71758.10363142293,1094725.625,419000.0,140018.96729418563,176070.99560301506,72138.78322628459,1100875.75,425500.0,3183709,347866,14515608,29763,181449.0
2023-12-26,138252.78125,175014.609375,72900.1640625,1110101.0,415500.0,139332.1145315827,176511.2131775025,72995.33398947454,1114713.5,423500.0,136780.9631387509,174046.21867926308,72043.63471972912,1103950.75,415000.0,139332.1145315827,176511.2131775025,72424.3144276273,1114713.5,423500.0,2239789,409928,13164909,34541,150973.0
2023-12-27,138056.140625,174750.5,74584.0390625,1120863.75,421000.0,139236.10763888888,175454.78413098239,74584.0390625,1120863.75,422000.0,136876.1736111111,173606.03828715367,73149.73061899039,1107025.875,417000.0,138449.46296296295,174926.5710327456,73340.97174479166,1110101.0,417000.0,2336777,331186,20651042,38293,130675.0
2023-12-28,139137.765625,179152.28125,75062.1328125,1168527.375,427500.0,139236.09620141343,179152.28125,75062.1328125,1168527.375,427500.0,137171.15409673145,174662.46977886977,74105.92729896496,1117788.625,421000.0,138547.78216651944,175014.61185503684,74297.16840167197,1120863.75,421500.0,2459473,766503,17797536,85876,190673.0
2024-01-02,140022.765625,176511.234375,76113.953125,1213115.875,429500.0,140416.08800035113,178271.94494233167,76305.19421325377,1230028.75,429500.0,137367.83959137992,175894.98567643392,74775.26550722362,1162377.125,422000.0,137367.83959137992,177831.76730049876,74775.26550722362,1168527.375,425000.0,2147458,373050,17142847,129582,152929.0
2024-01-03,134516.234375,170612.828125,73627.828125,1210040.75,416000.0,138449.4576023392,175630.85248161765,75348.99813311688,1219266.0,426000.0,134516.234375,170612.828125,73627.828125,1193127.875,416000.0,137662.81295687135,175278.71042150413,75062.1364650974,1202353.125,425500.0,3257820,548675,21753644,56811,196510.0
2024-01-04,134122.890625,167267.484375,73245.3515625,1183902.625,419000.0,136482.82418438417,169732.47888157895,73914.69550628265,1205428.125,419000.0,133532.90723515395,166475.16471217104,72767.2487455124,1166989.75,410000.0,134516.21288489737,169028.1947368421,72767.2487455124,1202353.125,414000.0,2661970,505979,15324439,50590,131106.0
2024-01-05,135204.5625,164890.515625,73245.3515625,1162377.125,416000.0,135204.5625,167707.652037173,73723.45437948761,1182365.125,420500.0,133532.94245454547,164802.48011211958,73054.11043570496,1157764.625,414500.0,133532.94245454547,167355.50998565136,73340.97212589752,1176215.0,416500.0,1846781,440219,11304316,39636,138131.0
2024-01-08,133729.625,163481.96875,73149.734375,1151614.375,415000.0,135597.90652573528,166299.1055297523,74105.94005310457,1173139.875,419500.0,133139.6413602941,163305.8977012655,73054.11380718954,1147001.875,414500.0,135204.5840992647,165154.64371297794,73627.83721405228,1173139.875,419500.0,2498302,323498,11088724,39309,112716.0
2024-01-09,135106.21875,163393.921875,71428.5390625,1156227.0,417500.0,137171.16095796943,165330.70327653558,74297.15508910643,1165452.25,419500.0,134319.574099345,163305.8863567484,71046.05692561915,1154689.5,415000.0,136679.50805131005,165330.70327653558,74010.29348644578,1163914.75,419500.0,3473806,349068,26019249,21008,141094.0
2024-01-10,131271.328125,164362.296875,70376.7265625,1147001.875,410500.0,135794.53493679775,164890.50993405195,71906.65540081522,1165452.25,417500.0,129894.69996488764,163041.76422737012,69994.24435292119,1145464.25,405500.0,135401.2126053371,163393.90626673808,71715.41429602582,1165452.25,417500.0,3769252,330767,20259529,16430,195832.0
2024-01-11,133729.625,164626.4375,69994.234375,1154689.5,415500.0,134811.26167279412,166387.1480614973,70376.71653005465,1176215.0,420000.0,130189.7231617647,164626.4375,69516.1316811817,1147001.875,409500.0,130189.7231617647,164802.50855614973,69707.37275870901,1153152.0,409500.0,3594909,538799,57691266,33225,234974.0
2024-01-12,131861.328125,163746.046875,69898.6328125,1143926.75,413000.0,135007.90717048844,164978.54400201613,70854.83845972983,1165452.25,415500.0,131173.0139587994,163569.97585685484,69611.77111833105,1137776.625,409000.0,134122.9318139448,164274.25992943547,69803.01224777702,1156227.0,415000.0,1878915,240690,13038939,23630,151154.0
2024-01-15,131861.328125,165066.59375,70663.578125,1174677.5,399500.0,132844.63407671513,164802.4872,70759.19866373477,1163914.75,409500.0,131271.3445539709,163569.98996666668,69994.23435385656,1136239.0,403000.0,132549.64229120058,163746.06100000002,69994.23435385656,1140851.625,409000.0,353911,35456,2957915,3956,38535.0
2024-01-16,129894.6875,163922.15625,69420.5234375,1177752.5,400500.0,131467.97667486753,165594.8313137755,70472.34955018939,1194665.375,404000.0,128911.3817657078,163481.97860163802,69324.90288180097,1160839.625,394500.0,130386.34036714611,164274.29836868957,70281.10843879133,1176215.0,396500.0,3670169,225780,14760415,46323,246497.0
2024-01-17,128813.0625,160048.578125,67890.5859375,1162377.125,390000.0,132254.63287213742,164098.2121149615,70089.8584397007,1183902.625,400500.0,126846.45085877863,159344.29395283278,67890.5859375,1160839.625,387000.0,131566.31879770992,164010.1765934406,69898.61735255281,1183902.625,400000.0,3822702,481127,22683660,43450,263868.0
2024-01-18,133926.265625,158640.0,68559.953125,1153152.0,390500.0,134516.24917400882,160664.81687014428,68846.81485355648,1168527.375,399000.0,128419.75250091778,158375.89345172033,67603.74736314506,1150076.875,387000.0,129304.72782443099,158463.92896781355,68464.3325488145,1162377.125,390000.0,3050556,433597,17853397,29431,190739.0
2024-01-19,138941.109375,159960.53125,71428.5390625,1183902.625,383500.0,138941.109375,161104.99294854156,71428.5390625,1185440.25,397000.0,135106.21675955414,158551.96300564116,69802.98998075636,1148539.375,378500.0,136384.51429803608,161104.99294854156,70281.09265185743,1154689.5,390500.0,4946040,288166,23363427,60165,263399.0
2024-01-22,140219.4375,158551.953125,71811.03125,1219266.0,372000.0,142972.69433730716,160576.76985008328,72671.61617842875,1219266.0,387000.0,139924.4456960028,158287.8465956413,71715.41070239681,1185440.25,371500.0,142776.03313464235,160488.73434029706,72575.99563082556,1191590.375,383500.0,3784276,391914,19673375,88867,214410.0
2024-01-23,138449.453125,162689.625,71906.6640625,1228491.25,373500.0,140416.06467507101,162689.625,72480.3874459774,1228491.25,379000.0,135991.18868741122,159256.24005681818,71046.07898728391,1213115.875,370500.0,139924.41178755325,159520.3465909091,72384.76688206449,1219266.0,370500.0,2912611,376671,14786224,50435,170955.0
2024-01-24,139137.765625,162865.6875,70759.1953125,1211578.375,380500.0,139334.42677782685,163217.82952702703,71906.64172297297,1242329.0,385000.0,135302.87314487633,160312.65780405406,70281.09264146959,1203890.625,370500.0,137662.8069787986,163129.79402027026,71906.64172297297,1225416.125,372500.0,2580665,345726,12860661,56230,218985.0
2024-01-25,135106.21875,166123.015625,70854.828125,1206965.75,368000.0,141301.0453739083,167707.65488374405,71524.17198043186,1230028.75,375500.0,134614.56584334062,161545.16887751722,70472.34592189609,1197740.5,363000.0,140317.7395605895,162337.48850688923,70950.44867577597,1222341.125,375000.0,4708651,778658,11737747,62879,317036.0
2024-01-26,133729.625,164890.515625,70185.4765625,1188515.25,381000.0,136286.22077205882,166915.33242124933,71237.30250553474,1200815.625,392000.0,133729.625,164186.23152195674,70089.8560222241,1179290.125,362000.0,133926.2862132353,166651.22588260812,70472.33818332765,1196203.0,364000.0,3247410,468376,11160062,38295,331129.0
2024-01-29,132746.28125,172197.453125,71141.6953125,1230028.75,377500.0,134712.89282407408,173694.05675645452,71906.6597782258,1253091.75,387000.0,132746.28125,164274.25742906443,70281.11028855847,1219266.0,377500.0,133237.93414351853,164890.50598319274,70567.97196320564,1230028.75,385000.0,2311854,1199045,13976521,126695,216167.0
2024-01-30,134614.578125,167267.484375,71046.078125,1265392.125,375000.0,135499.55343772826,173077.82856907893,72002.28375252355,1274617.25,387500.0,132156.31336742148,166651.23574835525,70472.35474848587,1230028.75,373000.0,133041.28868014974,172549.61546052631,71715.42206426649,1230028.75,382500.0,2297631,955999,12244418,95683,222999.0
2024-01-31,132451.296875,171317.109375,69516.1328125,1291530.25,381000.0,134319.57797420194,172021.39348342753,70759.1998366575,1299217.875,387500.0,131369.66044914623,165946.94304823998,69324.89173186038,1263854.5,377000.0,132549.62745916852,166651.2271566675,70185.47659473865,1265392.125,379000.0,2815362,1053355,15703560,97420,212973.0
2024-02-01,130484.6875,183113.875,70376.7265625,1274617.25,381500.0,133336.27449133384,183994.23016826922,70950.44987686821,1283842.5,383000.0,129501.38164091937,170348.72506009616,69707.38269573709,1254629.375,373000.0,130878.00984363226,170700.86712740385,69803.00324813179,1274617.25,378000.0,3778274,2855056,19881033,55947,232165.0
2024-02-02,132647.953125,199840.625,71906.6640625,1320743.375,387500.0,133041.27544709045,200720.98017621145,71906.6640625,1325356.0,392500.0,129993.02745088955,188396.0077092511,70472.35560380651,1263854.5,381500.0,130091.35803141216,194998.67153083702,70759.21729554521,1265392.125,384500.0,3708253,5844398,14955881,87179,261741.0
2024-02-05,130091.359375,209524.515625,71046.078125,1302293.0,389000.0,133532.92972883597,210845.0482865021,71524.18093876178,1333043.625,393000.0,129501.37588577098,198960.2543329832,70281.11362298117,1291530.25,385500.0,132647.95449499245,205562.9176404937,70950.45756224764,1308443.125,389000.0,3300954,5742710,19026021,51380,210367.0
2024-02-06,135696.21875,207323.640625,71141.6953125,1300755.375,377000.0,136089.54112318842,211285.2388535032,71428.55698714718,1349956.5,387500.0,129796.38315217392,202921.86481555202,70089.86917212702,1293067.75,376000.0,131468.00323822466,206003.1078821656,71046.07475428427,1317668.25,385000.0,4672324,3293825,14559254,51325,196337.0
2024-02-07,135696.21875,215687.015625,71715.4140625,1270004.75,386000.0,136187.8717164855,217007.5483737245,72193.51682291666,1309980.625,394000.0,133237.95391757248,209524.52946428573,71046.07019791666,1268467.125,382000.0,134319.5904438406,210404.88463010205,71332.93185416667,1305368.0,382000.0,3348045,2711612,16566445,63435,244380.0
2024-02-08,140416.09375,220088.796875,70854.828125,1253091.75,394000.0,140612.7549457283,220528.97446875,71906.65418353576,1280767.5,397500.0,135597.89445465687,212605.77778124998,70376.7253711201,1233103.875,386500.0,136679.53103116248,213926.3105625,71715.4130819838,1277692.375,397500.0,5780714,3017429,20810708,64972,314399.0
2024-02-13,147495.859375,219208.453125,71906.6640625,1288455.125,393500.0,147495.859375,229772.7159262048,71906.6640625,1294605.25,395500.0,142579.33072916666,217887.9202748494,71141.69955119681,1256166.875,390000.0,144349.28104166666,220969.16359186746,71524.1818068484,1256166.875,395000.0,6902585,2690468,21966745,56940,178139.0
2024-02-14,146217.59375,216127.1875,70759.1953125,1273079.75,388000.0,146709.2467215871,220969.14078411405,71046.05691511824,1280767.5,390000.0,142481.03116593813,215246.8323574338,70472.33370988176,1253091.75,380000.0,143857.65948638198,215687.0099287169,70472.33370988176,1279229.875,390000.0,4396924,1702299,12434945,34702,184384.0
2024-02-15,146414.21875,209964.71875,69994.234375,1257704.375,393000.0,150150.7804105104,220528.98132861636,71141.68084016393,1283842.5,397500.0,145529.2436198791,208644.18592767295,69802.99329747268,1257704.375,389000.0,148774.15243032237,220088.80372117402,70950.43976263661,1283842.5,393500.0,3560211,2103428,14120600,31683,192353.0
2024-02-16,144349.296875,222289.65625,69611.7734375,1273079.75,410000.0,148085.85905568802,222729.8337871287,70185.49684495192,1274617.25,412000.0,143267.66045427453,207323.61998762377,69324.91173377403,1253091.75,401000.0,148085.85905568802,212605.75043316832,70089.87627704327,1274617.25,401500.0,3265836,2261790,13444781,39733,354959.0
2024-02-19,148774.171875,222289.65625,70567.96875,1262317.0,397500.0,150642.4529494382,226251.25408415843,70663.58930386178,1271542.25,412500.0,143562.65098314607,218768.2359529703,69611.76321138212,1257704.375,395500.0,143759.3121488764,223170.01132425744,69611.76321138212,1260779.5,412000.0,3997323,1801441,12726404,36884,289496.0
2024-02-20,147102.546875,213045.9375,70089.8515625,1257704.375,404000.0,148577.50556692848,222729.84375,70472.3336992667,1266929.625,404500.0,145037.60470630013,209964.69460227274,69611.7488915416,1253091.75,392000.0,147790.8609312333,220088.7784090909,70472.3336992667,1259241.875,397500.0,3507601,1944653,14681477,32957,157923.0
2024-02-21,146512.5625,210845.0625,69803.0078125,1265392.125,407000.0,149659.14102348994,216567.371085595,70472.35172303082,1266929.625,408000.0,144644.28150167785,209084.35216597078,69707.38725385275,1256166.875,398000.0,144644.28150167785,213045.95041753654,70185.49004708904,1263854.5,402500.0,4278500,1149137,11503495,58980,153418.0
2024-02-22,153887.34375,214366.484375,69898.6328125,1260779.5,408500.0,153887.34375,216127.1947189425,70663.59733028385,1279229.875,415500.0,150052.45147763577,209084.3533431725,69516.15055360807,1257704.375,405000.0,151920.73232827475,210404.88610112938,70567.97676556087,1268467.125,410000.0,5966352,1475580,15208934,25840,177713.0
2024-02-23,158705.5625,214806.640625,69707.390625,1251554.25,402000.0,164113.74461741015,219648.59358990777,70950.45794753087,1273079.75,411500.0,157132.27315675342,213045.9304559426,69707.390625,1239254.0,402000.0,164113.74461741015,214806.640625,70376.73456790124,1259241.875,411500.0,7012032,1660625,16225166,46772,146754.0
2024-02-26,159098.890625,210404.875,69611.7734375,1245404.125,409500.0,162048.80825092708,212165.58525104602,69994.25570913461,1263854.5,414000.0,155755.65064894932,203802.2115585774,69038.05003004808,1243866.625,402000.0,155755.65064894932,209084.34231171547,69133.67059795673,1256166.875,402500.0,4329477,1751340,14669352,42023,142484.0
2024-02-27,151232.421875,209964.71875,69707.390625,1240791.5,403500.0,157328.91742522756,215246.8500393082,70185.49344135803,1254629.375,417000.0,150740.76900804616,209084.36353511532,69516.1494984568,1234641.375,400500.0,156345.6116913199,210404.89635744234,69898.63175154322,1254629.375,413500.0,6107954,1265434,13201981,37323,138018.0
2024-02-28,155362.3125,226298.34375,69994.234375,1231566.25,400500.0,156542.27943037974,228123.33039314518,70663.57814634562,1248479.125,408500.0,151232.42824367087,211242.20394405242,69611.75221994535,1223878.625,399500.0,151920.7422863924,213523.43724798388,69707.37275870901,1240791.5,403500.0,3666960,1911431,11795859,37229,133998.0
2024-02-29,153592.375,228579.5625,70185.4765625,1190052.875,401500.0,155755.64788732395,231317.04229041917,70185.4765625,1231566.25,407000.0,151920.75504161333,222192.10965568863,68846.7889986376,1186977.75,394000.0,152314.07738476314,224929.5894461078,69420.51224029291,1223878.625,399000.0,3386307,2056620,21176403,89494,355999.0
2024-03-04,163720.40625,233142.015625,71619.796875,1190052.875,398500.0,165293.6954391892,237248.23507827788,71715.41743157544,1205428.125,406000.0,158017.23293918918,230860.7825954012,70759.2118658211,1186977.75,398500.0,158312.22466216216,233142.015625,71046.0735355474,1194665.375,401000.0,5230909,1854280,23210474,53693,170895.0
2024-03-05,163032.09375,227210.8125,70472.34375,1199278.0,387500.0,166178.67215772014,232229.52522590364,71524.16977611941,1220803.5,398500.0,161360.4739708987,225842.07266566265,70472.34375,1180827.625,387000.0,162343.77972331122,229492.04555722894,71332.92868046134,1183902.625,396000.0,3612530,1436614,19505125,34801,240864.0
2024-03-06,160180.515625,229035.8125,69707.390625,1206965.75,387000.0,162737.11071784835,231773.2923306773,70281.11400462964,1219266.0,391000.0,159983.85446401165,224473.34611553786,69516.1494984568,1194665.375,386000.0,161360.48259093,225385.8393924303,69994.25231481482,1196203.0,386500.0,2672526,1103072,21547905,24174,118343.0
2024-03-07,162147.125,228123.3125,69038.03125,1223878.625,399500.0,163130.43079138873,235423.2585,70089.85721087258,1248479.125,402000.0,158312.232413584,225842.079375,69038.03125,1208503.25,387500.0,161753.80268344452,230404.545625,69898.61612707756,1220803.5,391000.0,3052700,988457,14516963,56098,199901.0
2024-03-08,169030.28125,230860.8125,70089.8515625,1288455.125,402500.0,171980.19889834206,232685.79916007904,70185.47209669168,1299217.875,406500.0,166473.68595477022,227667.08584486166,69420.50782315824,1248479.125,399500.0,166965.33889616057,229492.0725049407,69611.7488915416,1250016.75,403500.0,5089650,1210240,19271349,121005,162446.0
2024-03-11,163818.75,222192.125,69229.28125,1276154.875,400500.0,166080.35339135653,230404.56493839837,69898.62512948895,1296142.75,407000.0,161950.46893757503,220823.38501026694,69133.6606957873,1268467.125,399000.0,162245.4606842737,229035.8249486653,69707.38402106354,1294605.25,402500.0,3450905,1178615,9740504,41481,104044.0
2024-03-12,162933.796875,220367.140625,70089.8515625,1291530.25,419500.0,164408.75580869042,225385.8539725673,70281.09263088336,1293067.75,420000.0,161262.1767501509,218998.40062111802,68942.40515219986,1270004.75,404500.0,163327.11925731745,222648.37396480332,69420.50782315824,1285380.0,404500.0,3102706,1096802,13011654,30293,381220.0
2024-03-13,160868.84375,226754.59375,70854.828125,1273079.75,418500.0,166867.00968444376,228123.3337525151,70854.828125,1303830.5,422000.0,159295.55432457212,219910.89373742454,70281.10482034413,1259241.875,415000.0,165785.37320446208,222192.1270749497,70472.34592189609,1294605.25,419500.0,5072935,1413782,15243134,39013,212299.0
2024-03-14,159197.234375,229492.09375,71046.078125,1291530.25,416000.0,161458.83807520074,232685.82070079522,71237.31925050472,1291530.25,417000.0,158410.58960971277,224473.3799701789,70376.73418573351,1268467.125,405000.0,160868.85450123533,226298.36679920476,71141.69868775236,1276154.875,416500.0,3655060,1574794,22545539,48975,306911.0
2024-03-15,158508.90625,222192.125,69133.6640625,1270004.75,398500.0,160180.52622906328,232229.55159137578,70472.35188667012,1314593.25,410000.0,155952.3109879032,222192.125,69133.6640625,1270004.75,398500.0,156935.61685794045,228123.3316221766,70185.49021006224,1286917.625,407000.0,4099531,1175933,22580555,58595,247909.0
2024-03-18,161557.140625,221279.640625,69611.7734375,1320743.375,407500.0,161753.80178218198,225842.1074420103,69803.0145733173,1353031.625,408500.0,158312.23153149727,219910.9005798969,69324.91173377403,1270004.75,401000.0,158508.89268867925,222648.3806701031,69420.53230168269,1282305.0,402000.0,2696598,723835,11520348,113008,134399.0
2024-03-19,157525.609375,216717.171875,69611.7734375,1303830.5,403000.0,159098.89885689763,222648.37868421053,69803.0145733173,1323818.5,412000.0,154969.01396691636,215348.43184210526,68559.9471905048,1299217.875,402000.0,159000.56826427905,219910.89861842105,69133.67059795673,1322280.875,412000.0,4159293,944727,15376066,38199,118968.0
2024-03-20,153887.34375,219910.875,73532.1875,1306905.5,407500.0,158705.54173322683,224473.34128630706,73819.04908972692,1329968.625,410000.0,151527.4100439297,216717.14859958508,70185.46895318596,1300755.375,404000.0,157525.57488019168,218998.3817427386,70472.33054291288,1313055.75,405000.0,5692523,1230314,50106297,43954,114805.0
2024-03-21,167161.984375,229948.3125,75827.1015625,1317668.25,413500.0,168538.61248161766,231773.29910714284,75827.1015625,1319205.875,414000.0,159885.5215257353,224473.35267857142,74297.17265329444,1276154.875,409000.0,162442.11658088237,225385.84598214284,75731.48100567465,1311518.125,409500.0,9205769,1578378,44569799,49997,154423.0
2024-03-22,166965.3125,222192.125,75444.6171875,1291530.25,413500.0,170996.86598203768,231773.30492813143,76400.82272853295,1316130.75,415500.0,164605.37875441698,219910.89168377823,74392.79109236375,1291530.25,409000.0,166178.667918139,230404.56493839837,76113.96106622307,1308443.125,410500.0,5400916,1091572,26724761,33906,136480.0
2024-03-25,166572.015625,218542.15625,74775.2734375,1291530.25,414500.0,171881.86736275087,224017.11632306888,76305.20230578644,1309980.625,417000.0,165687.04033537486,218542.15625,74392.7912204284,1283842.5,412000.0,167653.6520900974,222648.37630480167,76113.96119725064,1302293.0,416500.0,3434516,784822,18703996,30823,162037.0
2024-03-26,173651.8125,219454.609375,76400.8359375,1273079.75,406000.0,176503.399454983,222648.3354989605,76592.07707877034,1305368.0,417500.0,169030.27502123444,217629.62301845115,75731.49194305383,1270004.75,405500.0,169128.60560588902,218085.86960758836,76209.59479622966,1300755.375,417000.0,6549669,802094,30551494,45326,198659.0
2024-03-27,178175.03125,222648.375,76305.1953125,1285380.0,409000.0,179944.9818915563,225842.1016905738,76496.43640350878,1286917.625,412500.0,172668.518142936,219454.64830942624,75731.47203947368,1271542.25,404500.0,173750.15464610927,219910.89497950822,75731.47203947368,1273079.75,406000.0,5774536,818180,17424595,22714,138182.0
2024-03-28,175515.6875,218048.1875,77612.5,1280767.5,401500.0,179356.93992003368,226328.49841772154,77804.61014851485,1285380.0,411000.0,175318.70019640852,217128.1529535865,76075.61881188118,1270004.75,401000.0,175318.70019640852,226328.49841772154,76267.72896039604,1279229.875,410000.0,3424716,1050347,25084812,23179,183993.0
2024-03-29,180243.359375,214368.0625,79149.3828125,1277692.375,395000.0,181129.8021260246,219888.27011802574,79245.43788872876,1303830.5,402500.0,174924.70286885244,213448.0278969957,77708.55666906857,1273079.75,393000.0,176500.60109289616,218968.23551502146,77996.72189775486,1280767.5,401500.0,3035080,852346,27126366,31638,200531.0
2024-04-01,182705.71875,209307.875,78765.171875,1254629.375,395500.0,187630.40119609164,216208.13461538462,80013.88801448171,1288455.125,398500.0,182213.25050539084,208847.8576923077,78765.171875,1254629.375,392500.0,183592.1615902965,215748.1173076923,79917.83292682926,1288455.125,395000.0,2723474,898781,20116513,36650,105333.0
2024-04-02,183493.671875,202407.609375,81646.828125,1254629.375,393000.0,187137.93696323136,208387.83419744318,81646.828125,1263854.5,400000.0,181622.2925053677,199187.48831676136,79629.67119485294,1245404.125,392500.0,185168.06394256576,207007.7823153409,79629.67119485294,1250016.75,395500.0,4207759,1802613,37077944,27957,163860.0
2024-04-03,176500.625,198727.46875,80782.328125,1248479.125,376000.0,180932.83935546875,205627.72808159722,81646.82390755054,1266929.625,391500.0,175515.6884765625,197347.41688368053,80205.99760329965,1246941.625,376000.0,179258.447265625,201487.57248263888,80974.43829890012,1246941.625,391500.0,5416518,1138600,30493347,32989,365852.0
2024-04-04,185168.078125,207927.796875,81934.9921875,1256166.875,379500.0,185660.54641788563,210227.88312361724,82127.1023684789,1265392.125,384000.0,181228.3317819149,199187.4691302544,80974.4412826055,1248479.125,376000.0,181622.3064162234,201027.53812914822,81838.93709701055,1254629.375,379500.0,5344102,1357330,25248934,22536,175633.0
2024-04-05,180046.375,207467.796875,81166.546875,1250016.75,376000.0,184774.06974835886,211607.9524667406,81646.82230029585,1254629.375,380000.0,179061.43859409192,205167.71043514414,80494.1612795858,1236178.875,373000.0,182016.2478118162,205627.7277231153,81166.546875,1248479.125,375500.0,4043133,1121453,18883752,25481,152154.0
2024-04-08,178470.5,213908.03125,81166.546875,1253091.75,373000.0,181129.8286423841,218968.22123655915,82607.37315088758,1262317.0,375500.0,177288.57615894038,207927.80672043012,81166.546875,1226953.625,358000.0,181129.8286423841,208847.84126344087,81838.9324704142,1242329.0,374000.0,3278855,1245057,18953232,24973,307183.0
2024-04-09,180144.890625,209767.875,80302.046875,1237716.375,374000.0,182508.7382876572,217588.16858552632,81550.76291492225,1262317.0,382500.0,178962.96679367142,209767.875,79821.7714750299,1237716.375,372500.0,179553.9287093357,215748.09950657893,81166.54259494618,1259241.875,376500.0,2302751,663665,23725956,25752,180102.0
2024-04-11,185562.03125,221728.328125,80782.328125,1222341.125,380000.0,185562.03125,221728.328125,81358.65864670035,1234641.375,380000.0,179652.41242038217,202407.6024377593,79245.44673379905,1206965.75,365000.0,180144.88065618364,204247.67155082987,79917.83234244946,1223878.625,368500.0,4098231,1853791,25538009,39825,341170.0
2024-04-12,184577.109375,218968.234375,80398.109375,1214653.375,371500.0,188516.85557297224,222188.35546875,81550.77044130824,1231566.25,381500.0,184183.13475520277,218048.1997767857,79917.8339307049,1210040.75,371500.0,185857.52688934098,221728.33816964284,81358.66026359021,1222341.125,380000.0,3097301,997710,17061770,26895,172629.0
2024-04-15,185365.046875,222188.34375,78957.28125,1219266.0,373000.0,185562.03417242295,223568.39557453417,79917.83211678831,1220803.5,377000.0,180243.37714200318,214828.06735248448,77996.73038321167,1194665.375,365500.0,182607.22471107866,217128.1537267081,79629.66685675182,1205428.125,367000.0,2672047,1018783,26663772,20550,106708.0
2024-04-16,176402.140625,222648.375,76844.078125,1206965.75,366000.0,182705.7347065187,224948.46151859505,78092.79439453124,1220803.5,372500.0,175614.19136481016,217588.1846590909,76267.7475390625,1200815.625,366000.0,181622.3044737577,219888.27117768597,77996.739296875,1210040.75,368000.0,4956035,1201766,31949845,28469,119203.0
2024-04-17,176008.171875,214828.078125,75787.453125,1193127.875,364500.0,179750.93098594013,223568.4067853319,77612.49952471483,1210040.75,372000.0,175023.23526685787,214828.078125,75787.453125,1193127.875,364000.0,176894.61482232792,222648.3721895075,77516.44445104562,1206965.75,366000.0,4340591,1029202,22611631,19399,99287.0
2024-04-18,179553.9375,212527.984375,76459.84375,1214653.375,377000.0,180538.87407432802,219888.26089015152,76940.1191504397,1225416.125,378500.0,172757.87513713658,210227.89796401514,75211.12770885679,1194665.375,364000.0,173348.83708173342,218048.19176136365,75691.40310929649,1199278.0,364000.0,4170243,1168222,21370190,21592,156443.0
2024-04-19,170689.484375,216208.125,74538.7578125,1200815.625,367000.0,175811.1538426861,218048.19414893616,75595.36391551225,1213115.875,372000.0,166946.72591784477,210687.91755319148,73290.04150894008,1183902.625,364500.0,174530.73647576457,212527.98670212767,75211.14351441688,1205428.125,372000.0,7545976,1174278,31317563,36212,143664.0
2024-04-22,169015.125,225408.46875,73097.921875,1233103.875,378500.0,169803.0743006993,226328.50331632653,74442.69310528909,1237716.375,378500.0,164484.41652097902,220348.27863520407,72137.37099622207,1211578.375,369000.0,168128.6820367133,220808.29591836734,74346.6380174113,1214653.375,373000.0,5882906,1314974,30469477,38972,144221.0
2024-04-23,168424.15625,229548.625,72521.578125,1216190.875,370000.0,171083.48503289474,231388.69413827654,73770.2940397351,1230028.75,379000.0,167143.7386878655,226328.50400801603,72521.578125,1213115.875,370000.0,170000.0547880117,230008.64228456913,73386.07375827814,1222341.125,377000.0,3975371,1153091,18717699,28690,121904.0
2024-04-24,177091.59375,232308.703125,75499.2890625,1214653.375,385000.0,177485.5683745829,233228.7375928218,75691.39921278626,1236178.875,389500.0,173644.3157848999,227708.5307858911,74154.51801049619,1211578.375,378000.0,176205.15084468856,229088.58248762376,74442.68323592558,1228491.25,380500.0,4254632,1242059,22166150,31652,241390.0
2024-04-25,168030.1875,230008.625,73290.0390625,1199278.0,372500.0,174038.3008865768,233688.763,74442.70022730996,1213115.875,381000.0,168030.1875,226328.487,73290.0390625,1191590.375,372000.0,171181.98468640095,230928.6595,74250.59003317496,1203890.625,380000.0,5332149,1297404,15549134,44702,176196.0
2024-04-26,175121.71875,229548.625,73674.25,1183902.625,372000.0,175614.18702544994,233228.7632765531,74826.91101694915,1199278.0,375000.0,172265.40275239034,223568.4003006012,73482.13983050847,1182365.125,367500.0,173545.82026856017,230008.64228456913,74730.85593220338,1197740.5,373000.0,5471765,980459,12755629,53525,143701.0
2024-04-29,173250.328125,231388.703125,73674.25,1191590.375,378500.0,177682.54231807846,234148.80693961235,74538.74576271186,1196203.0,378500.0,172954.84717879476,225868.49549577537,73193.97457627118,1180827.625,372000.0,176402.12488452246,229088.61661282307,74346.63559322033,1191590.375,375000.0,2892809,852780,14664474,58995,150391.0
2024-04-30,171575.953125,230928.6875,74442.6796875,1200815.625,389000.0,176303.64873349597,232768.75672310757,75403.23039314516,1210040.75,390000.0,171181.97849095866,228168.58366533864,73578.18405241935,1191590.375,382500.0,173250.34531967566,230008.6528884462,73962.40433467743,1193127.875,382500.0,3655060,545747,19007007,39500,276918.0
2024-05-02,170984.984375,229088.609375,74922.96875,1191590.375,389000.0,172068.41457553284,231388.69581450804,75499.29927884616,1203890.625,392000.0,166454.27626368086,226788.522935492,74250.58313301283,1190052.875,381000.0,166454.27626368086,229088.609375,74538.7483974359,1194665.375,385000.0,3168250,602350,18900640,31941,121266.0
2024-05-03,170591.015625,221728.328125,74538.7578125,1185440.25,391000.0,174826.24291823036,230468.65641208505,75883.52921633377,1200815.625,394000.0,170591.015625,221728.328125,74442.70271222616,1185440.25,387000.0,174333.77462831986,230008.63913381743,75883.52921633377,1197740.5,391000.0,2336256,727057,13151889,36463,121565.0
2024-05-07,176894.609375,222648.375,78092.78125,1206965.75,391500.0,178175.02692615535,226328.51342975209,78092.78125,1214653.375,397000.0,176599.12840165646,220808.305785124,76267.73470172202,1194665.375,390500.0,176697.62205943765,223108.392303719,76459.84486469865,1194665.375,394500.0,4349589,799659,26238868,57119,117367.0
2024-05-08,175318.71875,222648.375,78092.78125,1216190.875,393000.0,176697.6300210674,224488.44421487604,78188.83633148832,1234641.375,395000.0,173348.84550561797,220808.305785124,77324.34059809348,1214653.375,387500.0,174924.7441011236,221268.323088843,77612.50584255843,1222341.125,391000.0,2304744,444082,13089576,53601,144291.0
2024-05-09,172757.875,218048.1875,76555.9140625,1200815.625,388500.0,176697.6212941847,223108.37750527426,78284.90584810227,1223878.625,393000.0,172757.875,216208.118407173,76555.9140625,1197740.5,383000.0,176303.64666476625,222648.36023206753,77900.68545130176,1223878.625,390000.0,2861600,704379,18759935,53975,239286.0
2024-05-10,177190.09375,222188.34375,76075.6328125,1210040.75,383500.0,177387.08106934407,223568.39557453417,77900.67955926452,1220803.5,390500.0,173742.8156614786,218048.1882763975,75787.46753669507,1203890.625,383500.0,173841.30932115065,219888.2573757764,77228.2939157197,1213115.875,390500.0,2813668,455541,16976124,42915,115093.0
2024-05-13,181031.3125,225408.46875,75307.1875,1200815.625,381500.0,181228.29978237214,227708.55516581633,76748.01379145408,1220803.5,384500.0,176303.61772306854,222648.3650510204,74538.7468112245,1199278.0,379000.0,177288.55413492926,223108.38233418367,76267.7383609694,1216190.875,384000.0,3230023,550255,18652344,22919,125868.0
2024-05-14,182508.734375,226788.515625,75211.1328125,1200815.625,385500.0,183001.20262749595,227248.53289807303,75691.40824553001,1213115.875,388000.0,179061.45660752832,223568.39471348884,74826.91246607598,1197740.5,382500.0,181425.3042195089,225868.48107885395,75499.29807231801,1203890.625,382500.0,2763069,670650,11763992,18617,119763.0
2024-05-16,190092.75,227248.546875,75115.078125,1205428.125,381500.0,191077.6865284974,228628.59877909918,77132.23495444373,1216190.875,390000.0,188221.3705958549,225868.4949709008,75019.02303788363,1200815.625,381500.0,188221.3705958549,228168.58147773278,77036.17986732737,1208503.25,389000.0,5083178,559548,20989778,42781,140797.0
2024-05-17,187039.453125,224488.4375,74346.6328125,1211578.375,376500.0,190585.22474822274,229548.6276895492,75691.4039486434,1216190.875,384000.0,187039.453125,224488.4375,74154.5226501938,1202353.125,376000.0,189107.81990521325,227248.54123975412,75499.2937863372,1203890.625,381500.0,2841394,408947,15918201,29718,175717.0
2024-05-20,187236.421875,230468.640625,75787.453125,1214653.375,372000.0,190289.72491451868,234608.79584580837,75979.5632723384,1219266.0,379500.0,185759.01717845871,224948.43366392216,74826.90238830798,1206965.75,370000.0,189403.2820965939,225868.46815743513,75019.01253564638,1217728.5,379000.0,3592128,860566,19456783,26275,159484.0
2024-05-21,189107.8125,232768.734375,75307.1875,1197740.5,364500.0,190585.21728515625,233688.76889822134,75883.51801658164,1210040.75,370000.0,188319.86328125,228168.56175889328,75115.07732780612,1197740.5,364000.0,190486.7236328125,229088.59628211462,75403.24258609694,1206965.75,367500.0,2468109,576613,13690583,37928,224181.0
2024-05-22,194721.96875,254849.578125,74634.8046875,1194665.375,364000.0,194721.96875,255309.5954140343,75595.35558437902,1210040.75,369500.0,188024.39976922105,230928.6790952166,74250.58432874839,1193127.875,364000.0,189009.3363840415,232768.74825135377,75019.02504625161,1200815.625,366500.0,3949439,3336634,19521506,26764,130152.0
2024-05-23,196987.28125,249789.390625,75211.1328125,1183902.625,362000.0,200927.026875,253009.51168278084,75979.57350534802,1197740.5,366000.0,195214.39571875,246109.25227325046,74058.47177322797,1183902.625,360000.0,200434.558671875,251629.45980087479,74634.80229286398,1188515.25,364000.0,4681849,1886248,18728087,47883,157841.0
2024-05-24,195608.390625,246109.234375,72905.8125,1154689.5,356000.0,199449.6430088746,252549.47602219626,73962.41847826086,1177752.5,359000.0,194524.96046544562,244729.18259345795,72713.70232213438,1154689.5,355500.0,196790.31443542297,247029.26889602805,73770.30830039525,1173139.875,358500.0,3793872,1059149,27891278,52692,213011.0
2024-05-27,198464.71875,244269.171875,74154.53125,1160839.625,364500.0,205851.7430210918,249789.3791490113,75115.08217292746,1166989.75,366000.0,196100.8709832506,241049.05096516007,71080.76829663213,1147001.875,355500.0,200434.5918889578,246109.2409663371,72329.48449643783,1159302.125,357000.0,4774882,1011436,43825202,28846,157232.0
2024-05-28,199449.65625,243809.15625,74538.7578125,1145464.25,360000.0,202404.4659722222,248409.32900943398,74922.97821359536,1160839.625,363500.0,197479.78310185185,242429.10442216982,73193.98640866624,1145464.25,359000.0,199449.65625,243809.15625,73482.15170948776,1159302.125,363500.0,2084945,598743,18539072,34090,136480.0
2024-05-29,199449.65625,240129.015625,72233.421875,1117788.625,342000.0,206836.68055555556,243809.1537954981,75115.07434341755,1148539.375,361000.0,197479.78310185185,236448.87745450193,72233.421875,1116251.125,342000.0,206836.68055555556,241509.0674389368,74634.79893201463,1136239.0,356500.0,3073139,965532,30244875,58042,386788.0
2024-05-30,192752.078125,236448.859375,70600.4921875,1125476.25,328000.0,199449.64650134134,242889.10068093386,72233.42874149661,1143926.75,343500.0,192752.078125,235068.8076665856,70600.4921875,1108563.375,326000.0,199449.64650134134,239668.98002796693,71849.20837585034,1116251.125,342000.0,2402236,640526,28551273,24937,401661.0
2024-05-31,186350.0,232768.734375,70600.4921875,1122401.25,331000.0,192259.61945031714,239208.9760375494,71753.15328443878,1137776.625,335500.0,185365.06342494715,232768.734375,70600.4921875,1119326.125,328000.0,191471.67019027483,238748.95877593872,71561.04310161565,1136239.0,331500.0,5958829,1014549,26198776,33422,264516.0
2024-06-03,191274.65625,243809.15625,72713.7109375,1156227.0,332000.0,191668.6308251802,248409.32900943398,73386.09663969617,1162377.125,341000.0,185365.0376222966,236448.87983490567,71272.88443279392,1131626.5,329500.0,186645.45499163234,236908.89711084907,71464.9946334214,1131626.5,330500.0,2982443,1186533,15706268,32407,194056.0
2024-06-04,190388.234375,238288.953125,72329.4921875,1157764.625,336500.0,193540.03132274962,244269.17781732624,73097.93300755312,1163914.75,340000.0,189994.2597565313,237368.9185569498,71945.27177747345,1147001.875,329000.0,193441.53766813243,241509.07411317568,71945.27177747345,1147001.875,329500.0,1996780,660409,14098053,21514,146087.0
2024-06-05,190782.234375,242889.125,74346.6328125,1168527.375,351500.0,192259.63939081054,246109.24597537878,74922.96329941861,1190052.875,359500.0,185956.04465668558,235988.86576704544,73770.30232558139,1154689.5,338000.0,186547.00666300982,240129.02130681818,74922.96329941861,1163914.75,339000.0,2709631,882084,23177968,41968,395864.0
2024-06-07,204374.3125,243809.15625,74250.5859375,1153152.0,359000.0,204374.3125,245189.2080778302,75499.30213049806,1182365.125,360000.0,194327.96075301204,240589.03531839623,74058.47575396184,1148539.375,352500.0,196494.82093373494,241509.06987028304,75307.1919469599,1171602.375,355000.0,4805326,519878,21189349,37497,208870.0
2024-06-10,204866.796875,246109.234375,72713.7109375,1131626.5,353000.0,206344.20166015625,249789.37245911214,73578.20684032365,1140851.625,358500.0,201911.9873046875,240129.00998831776,72617.65583718626,1127013.875,350000.0,202896.923828125,240589.0272488318,73097.93133875495,1140851.625,355500.0,2448961,945927,14598755,44272,180618.0
2024-06-11,209299.03125,249329.359375,72233.421875,1137776.625,356500.0,211761.37279411766,251629.44571609778,73001.86253324468,1160839.625,365000.0,202896.94323529414,246109.23849746308,72137.36679271942,1136239.0,353000.0,206836.68970588237,248869.34210678044,72905.80745096409,1137776.625,354000.0,3070163,967240,16971175,31434,219013.0
2024-06-12,211761.34375,248409.328125,73482.1328125,1140851.625,351500.0,212746.2802325581,251169.43177083333,74058.46326593136,1153152.0,361000.0,207821.59781976743,246569.2590277778,72233.41683006535,1131626.5,350500.0,208806.53430232557,251169.43177083333,72329.47190563726,1139314.125,356500.0,2151331,567334,19246725,38871,163853.0
2024-06-13,218655.890625,247489.328125,75499.2890625,1131626.5,363000.0,223088.1046241554,258529.7442495353,75883.50936307252,1160839.625,363000.0,215701.08129222973,247489.328125,74730.84846135497,1131626.5,349000.0,222595.636402027,251169.46683317842,75307.17891221374,1142389.25,356000.0,5777279,1862106,33763804,62177,412793.0
2024-06-14,217670.96875,246569.265625,76459.84375,1133164.0,349000.0,221610.71479072399,252089.47306436568,77324.33947079146,1136239.0,363000.0,212746.28619909502,245649.2310517724,75883.51326947237,1127013.875,349000.0,221610.71479072399,247029.28291161382,76555.89883008794,1131626.5,363000.0,3311223,778015,22926612,33333,302758.0
2024-06-17,219640.828125,256229.625,75019.0234375,1131626.5,336500.0,226042.9150434417,262209.84964093356,76363.79466429257,1133164.0,346000.0,215701.08232903588,253469.52131956912,74922.96834987195,1122401.25,336500.0,215701.08232903588,253929.53859964095,76075.62940140844,1130088.875,345000.0,2198340,1945849,16123051,24356,273382.0
2024-06-18,230967.625,260369.796875,76651.9453125,1137776.625,331000.0,230967.625,266810.03920053004,77036.16558975565,1143926.75,343500.0,223580.60074626867,256229.64109430212,75499.28448073308,1127013.875,331000.0,223580.60074626867,258069.71033016784,75595.33955004699,1136239.0,340000.0,3136231,1667920,18207598,30122,213956.0
2024-06-19,229982.671875,263589.875,77996.734375,1160839.625,343000.0,239339.5685894004,269110.0818062827,79245.45056573277,1162377.125,344500.0,228012.79888249465,261289.78883071552,77324.34873383622,1140851.625,332000.0,231460.07661937902,263589.875,77900.67928340517,1147001.875,332500.0,3758652,1228960,24168863,36187,220974.0
2024-06-20,233922.421875,262669.875,78380.9453125,1148539.375,340000.0,234907.3583881579,264969.9614711033,78957.27579273898,1162377.125,346000.0,227520.3345394737,259909.771234676,77996.72499234069,1148539.375,340000.0,229982.67582236842,262669.875,78284.89023246017,1157764.625,343000.0,2927358,629996,20288913,21583,105297.0
2024-06-21,230475.171875,257609.671875,76844.078125,1153152.0,333000.0,230967.64019097222,262209.8445870536,77612.51890625,1154689.5,343000.0,226535.42534722222,256689.63733258928,76844.078125,1134701.5,333000.0,227027.89366319444,260829.79277343748,77516.46380859375,1148539.375,338000.0,3848394,876560,17907523,40295,165513.0
2024-06-24,219640.828125,258529.6875,77420.40625,1128551.375,331000.0,226535.38326793723,260369.75645017793,77708.57153380894,1150076.875,336000.0,216686.01877802692,253469.4978870107,76363.80020936724,1128551.375,330500.0,224565.51036995515,254849.54959964412,76555.91039857319,1148539.375,334000.0,5080726,598019,15454227,29876,102798.0
2024-06-25,221610.71875,265430.03125,77612.5,1134701.5,331000.0,221610.71875,269110.17033145577,78573.05074257425,1137776.625,336000.0,211761.35347222222,257609.7357019064,76940.11448019803,1125476.25,331000.0,212253.8217361111,258529.77047227035,77420.38985148515,1137776.625,334000.0,5730999,1023261,19088458,27538,124542.0
2024-06-26,233429.953125,266350.0,78092.78125,1120863.75,331000.0,234907.35789161394,270030.1381692573,78188.83633148832,1136239.0,338000.0,224073.0562697785,263589.896373057,76748.01010916359,1119326.125,330000.0,224565.52452531646,265889.9827288428,76940.12027214022,1134701.5,330500.0,5166862,694207,17783242,41639,113087.0
2024-06-27,233232.734375,276077.53125,78730.5390625,1125476.25,328000.0,235698.1966834038,276540.7485843121,78730.5390625,1127013.875,334000.0,224357.0700647463,265423.53256082215,77669.2205212163,1110101.0,327500.0,226329.43991146935,265886.74989513424,78441.08855124081,1114713.5,331500.0,3763005,1157313,11739720,31993,122751.0
2024-06-28,233232.734375,273298.28125,78634.0546875,1117788.625,326500.0,234218.91929836152,277467.2380826271,79019.9886982362,1128551.375,331500.0,229287.99468155392,271445.4115466102,77958.67016871166,1113176.0,322500.0,232246.54945163848,277467.2380826271,79019.9886982362,1125476.25,327000.0,2368287,761453,9455929,49430,152685.0
2024-07-01,232246.53125,264960.34375,78923.5078125,1166989.75,347000.0,233232.7160960722,274224.69143356645,79212.95833014975,1182365.125,348500.0,228794.88428874733,264497.1263658217,78441.09028308374,1114713.5,325500.0,230274.1615578556,270518.95236013987,78634.05729485024,1117788.625,328000.0,1709955,864443,11317202,95471,305328.0
2024-07-02,228794.890625,252453.46875,78923.5078125,1245404.125,343500.0,233725.8149919181,262644.25097477064,79695.37585956602,1253091.75,362000.0,227315.6133149246,251063.81662844037,78634.05729485024,1157764.625,341500.0,232246.5376818427,262181.03360091744,79598.89235368276,1162377.125,353000.0,2343947,1558999,14471904,202095,352020.0
2024-07-03,232739.625,255696.0,78923.5078125,1245404.125,358000.0,232739.625,260791.3913043478,79405.92534191626,1257704.375,369500.0,221891.59163135593,252453.47826086954,78151.63976543398,1217728.5,353000.0,227808.70074152542,254769.5652173913,79405.92534191626,1237716.375,360000.0,3315677,1072157,11440328,101729,714015.0
2024-07-04,226822.515625,257085.671875,81625.046875,1234641.375,359000.0,237177.45655570654,260328.1938626126,81721.53038194444,1245404.125,367000.0,221891.59137228262,254306.36731418918,79502.40972222222,1222341.125,355500.0,237177.45655570654,257085.671875,79984.82725694444,1245404.125,364000.0,7599882,552767,43857229,47412,226816.0
2024-07-05,232739.625,260328.15625,84037.1328125,1234641.375,357500.0,234218.90227754237,261254.5909697509,84037.1328125,1242329.0,361500.0,224357.0537605932,256622.41737099644,82203.9462184271,1226953.625,352000.0,225343.2386122881,257085.63473087188,82589.88023823191,1242329.0,359000.0,4041293,586121,45791193,41002,207422.0
2024-07-08,230274.15625,262181.0625,84326.5859375,1217728.5,358500.0,233725.80313169165,268202.8890238516,85484.38803275171,1242329.0,364000.0,229287.97142665953,260328.19280035337,83844.16839781178,1205428.125,352500.0,230767.24866167022,261254.6276501767,84809.00347718822,1239254.0,358000.0,2309023,603805,24035809,52577,229191.0
2024-07-09,235205.09375,254306.34375,84712.5234375,1223878.625,363000.0,237670.5559486373,264497.1261953552,85098.45748505126,1242329.0,370000.0,229781.0769129979,252453.47421448087,83844.17183050969,1216190.875,358000.0,232246.5391116352,263107.47404371586,84712.5234375,1223878.625,359000.0,4810781,1135540,21336201,35733,273777.0
2024-07-10,235698.1875,254306.34375,84712.5234375,1240791.5,362000.0,235698.1875,257085.64805327868,84905.49046127562,1253091.75,367000.0,230767.26307531382,252453.47421448087,84037.13885428531,1217728.5,360500.0,234218.91017259416,254769.56113387976,84519.55641372438,1223878.625,363000.0,2579373,672155,17813847,52948,172607.0
2024-07-11,237670.53125,258012.09375,84519.5546875,1253091.75,375000.0,245066.91707728215,258012.09375,85677.35680650685,1265392.125,375000.0,237670.53125,254306.35452199282,83651.20309824486,1237716.375,357500.0,239149.8084154564,256622.44153949732,85387.90627675514,1251554.25,364500.0,5336097,653458,24677608,53639,516468.0
2024-07-12,229781.078125,251527.0625,81432.0859375,1265392.125,373000.0,232739.63277896994,258012.10646869245,83072.30567794728,1268467.125,375000.0,226822.52347103003,248284.54051565376,81142.63539506814,1250016.75,368500.0,228794.89324034334,257085.6716160221,82879.33864965936,1253091.75,371000.0,4972976,666813,26344386,56279,182104.0
2024-07-15,226822.515625,248747.765625,83651.2109375,1259241.875,358500.0,232246.53230298913,253379.9400314246,84230.11205125433,1279229.875,373500.0,223370.86864809782,247821.3307437151,81142.6394445646,1254629.375,357500.0,231753.4398777174,252916.72259078213,81721.54055831891,1276154.875,373000.0,3301380,541442,25193080,40670,245160.0
2024-07-16,229781.078125,254306.34375,84616.0390625,1266929.625,346500.0,231753.44789431329,255695.99590163934,84905.48959521095,1271542.25,360000.0,220905.4141630901,250137.38729508195,83651.20395346351,1254629.375,343000.0,223370.87637473174,250600.60467896174,83844.17097527081,1268467.125,359000.0,3982189,552065,16166688,33208,345755.0
2024-07-17,217453.765625,248747.765625,83651.2109375,1308443.125,336500.0,226822.52196712018,255232.8097939944,84905.4966839677,1320743.375,348000.0,217453.765625,248284.54818435755,83361.76038062284,1257704.375,335500.0,226329.4295280612,255232.8097939944,84037.14501333622,1257704.375,346000.0,6051510,512968,18186490,113824,262255.0
2024-07-18,209564.296875,241336.25,83844.171875,1306905.5,335000.0,212029.75919117648,247821.2931861804,83844.171875,1316130.75,342500.0,206112.64963235293,237630.51103646832,80853.18300489068,1294605.25,331500.0,209564.296875,247358.07581573896,80853.18300489068,1306905.5,333000.0,8847665,1083373,24721790,61783,197622.0
2024-07-19,206605.734375,239483.40625,81432.0859375,1283842.5,345500.0,211043.56637828163,240409.84109042553,83072.30567794728,1297680.375,347500.0,204140.27215095467,235314.4494680851,81142.63539506814,1262317.0,335000.0,205619.54948538187,239483.40625,82589.8881072275,1294605.25,335000.0,4519170,737904,18569122,45038,237970.0
2024-07-22,202167.90625,236240.875,80081.3203125,1303830.5,328500.0,206605.73833841464,242262.7012254902,81914.50716302711,1317668.25,343000.0,197730.07416158536,232535.13578431372,79695.38623870481,1270004.75,328000.0,206112.64588414633,239946.61421568628,81432.08957078314,1280767.5,343000.0,6662441,769457,18987560,80029,268882.0
2024-07-23,202167.90625,244115.5625,80949.6640625,1303830.5,326000.0,206605.73833841464,245041.99727229602,81721.53213460965,1329968.625,333500.0,197730.07416158536,238556.95386622392,80467.24651743147,1299217.875,324000.0,205619.55342987805,239020.17125237192,81239.11458954112,1309980.625,330500.0,5976519,803042,15766389,47711,152694.0
2024-07-24,205619.546875,239483.40625,79116.4765625,1357644.25,321500.0,209564.28638339328,244115.58045212767,80370.76216653963,1368407.0,330000.0,197236.97541966426,238556.97140957447,79019.99305449695,1285380.0,320000.0,199209.34517386093,240409.84109042553,79984.82813452744,1299217.875,324000.0,4838734,608412,16939083,176660,158027.0
2024-07-25,187375.140625,232998.34375,77572.7421875,1339193.75,332500.0,196053.56819078946,236240.86543240558,78151.64324860074,1368407.0,342500.0,186388.95567434208,229292.60468439365,77283.29165694963,1319205.875,313000.0,193489.48731907894,234387.9958996024,77572.7421875,1353031.625,315000.0,12503762,832753,20323811,124070,464700.0
2024-07-26,189150.265625,225586.875,78055.15625,1406845.375,325000.0,191812.96488040927,232071.91863449692,78441.09027348578,1428370.875,334000.0,183529.01164135817,214932.8747433265,77572.73872064277,1340731.375,322500.0,188164.08071558914,230219.04902464067,77862.18923825711,1342268.875,332000.0,8769107,2662741,14508334,161958,165067.0
2024-07-29,192897.765625,236704.09375,78344.609375,1445283.75,329500.0,192996.38411458334,240873.05039138944,79116.4774476601,1460659.125,333000.0,189544.73697916666,225123.65863502934,78248.1258659175,1406845.375,321500.0,192306.0546875,226050.093444227,78730.54341133006,1412995.5,323500.0,4017366,1302271,12797136,94533,95268.0
2024-07-30,186290.3125,231608.703125,78151.640625,1440671.125,333000.0,189544.72240603494,239020.181625,78151.640625,1476034.5,342000.0,183923.46893197458,231145.48571875002,77186.80555555555,1426833.375,326000.0,188657.15606802542,234388.00756250002,77572.73958333333,1445283.75,326000.0,5165131,594899,13169636,94175,164442.0
2024-07-31,191911.578125,230682.265625,80949.6640625,1442208.75,324000.0,192306.05207798048,234851.22223268074,80949.6640625,1468346.875,335000.0,182641.4402299589,229292.61342243978,78055.1587920888,1422220.75,323000.0,185402.7579008222,231608.70042670684,78344.60931912992,1452971.5,334000.0,6439929,594919,20744323,70507,181873.0
2024-08-01,190629.546875,234851.21875,80177.7890625,1422220.75,333500.0,198716.26329701243,239483.3926898422,83072.29408280685,1426833.375,337000.0,190629.546875,232535.1317800789,80177.7890625,1385319.875,322000.0,198716.26329701243,232535.1317800789,82975.81058212997,1426833.375,325000.0,6457167,734315,20900338,94267,219837.0
2024-08-02,170807.21875,226050.09375,76800.8671875,1400695.25,336000.0,181458.01530023094,229755.83299180327,78537.570214353,1425295.875,337500.0,170018.2708573903,224197.22412909835,76704.38368600816,1388395.0,324000.0,181063.5413539261,224660.44153432376,78151.63620838568,1402232.75,326000.0,13050139,889521,25800275,65761,200803.0
2024-08-05,153943.453125,207521.40625,68889.2265625,1368407.0,322000.0,168834.84417040358,221881.14641462054,74195.81964504551,1420683.25,340000.0,149505.62135650223,200573.14488002233,67731.42443539917,1311518.125,311000.0,165679.05269058296,218638.6244419643,74002.85262386205,1380707.25,332500.0,12358821,1465965,54608790,163577,408563.0
2024-08-06,161438.46875,217712.171875,69950.5390625,1426833.375,337000.0,164101.167990226,223733.9979055851,72652.07712284483,1443746.25,342000.0,159268.8619616677,211227.12845744682,69757.57205818966,1385319.875,328000.0,162819.12761530236,216322.51971409575,72266.14311422413,1419145.625,331500.0,10717321,1250180,47295226,124515,370935.0
2024-08-07,166961.109375,218638.625,72073.1796875,1476034.5,324500.0,168637.62376329003,223270.79925847458,73327.46527777778,1505247.625,338500.0,155225.50865696988,214469.66816737287,70239.99305555555,1422220.75,322500.0,158677.15592697874,215859.32044491524,70432.96006944444,1425295.875,332500.0,9732037,756779,32710428,182689,290231.0
2024-08-08,161142.609375,219101.84375,70818.8984375,1497560.0,321000.0,165876.2967985006,222344.36575052852,71301.31600178815,1502172.625,325500.0,158973.0026392289,211690.36489164905,69950.54682178133,1452971.5,311000.0,160353.66147108324,214469.66946353065,70625.93141178474,1476034.5,324500.0,5370361,698685,28414729,87709,425356.0
2024-08-09,169130.703125,225123.671875,72073.1796875,1476034.5,322000.0,170412.74344023326,229755.84619341564,73134.49826388889,1516010.5,329000.0,166468.00400874636,222344.36728395062,71590.76215277778,1468346.875,317000.0,170412.74344023326,222807.58471579218,73038.01475694444,1508322.75,323000.0,5141277,606967,16388222,66227,260609.0
2024-08-12,174554.75,225586.875,72845.0390625,1460659.125,328500.0,177316.06807909603,230682.26642710474,73230.97304428808,1497560.0,330000.0,170215.5358757062,224197.22279260782,72169.65459437086,1451433.875,321000.0,172089.28742937854,227902.96201232035,72555.58857615893,1479109.625,321000.0,4413736,469844,9839259,53423,144514.0
2024-08-13,179387.03125,225123.671875,73423.953125,1443746.25,329500.0,179880.12369433756,227439.75903420782,73906.37068823916,1459121.625,331500.0,176329.85809510722,222344.36728395062,72845.05204911302,1422220.75,322000.0,177414.6614726498,224197.23701131687,73809.88717559133,1451433.875,325500.0,4234287,358474,10716261,56617,127711.0
2024-08-14,184120.71875,223270.78125,74485.2734375,1432983.5,337000.0,185501.3775944028,229755.82468879668,75064.17452639248,1446821.375,342000.0,182148.34897228173,220954.69430757262,74292.30640786917,1402232.75,332000.0,185402.75910551686,227439.7377463693,74678.24046713083,1446821.375,334000.0,4420516,500276,13246168,76528,196856.0
2024-08-16,196941.109375,236240.875,77379.78125,1431446.0,336500.0,197236.96482223333,237630.52720588236,77379.78125,1449896.375,344500.0,192010.18525444416,228366.17916666667,75932.5284834788,1422220.75,335500.0,193292.22552578867,229755.83137254903,76607.91310785536,1445283.75,343500.0,6959688,1113073,22061478,62831,151534.0
2024-08-19,191221.234375,236240.875,75546.5859375,1429908.375,329500.0,197138.34322621196,240409.83161764705,77283.2890625,1466809.25,336500.0,189741.957162197,231608.70098039217,75257.13541666667,1417608.125,328000.0,197138.34322621196,237167.30980392155,77283.2890625,1434521.0,336500.0,3977026,739313,14146565,69385,126345.0
2024-08-20,196941.109375,237167.3125,76125.4765625,1394545.125,330000.0,199702.42688251127,241799.48657226562,76993.82800617871,1436058.625,334000.0,195363.21365642213,236240.87768554688,75932.50957501585,1386857.375,327000.0,195954.92455088883,239020.18212890625,76704.37752495248,1431446.0,333000.0,4258190,660818,10683836,79734,104179.0
2024-08-21,189939.203125,233924.796875,75546.5859375,1457584.125,350000.0,192700.520719756,238556.97107054456,75836.03645833333,1457584.125,353000.0,188459.92584209502,232535.14461633662,75064.16840277778,1403770.375,332000.0,190333.67706710802,238556.97107054456,75160.65190972222,1403770.375,333000.0,4508983,359513,7805598,97856,489967.0
2024-08-22,188459.9375,229755.84375,75546.5859375,1468346.875,363000.0,191714.34772370488,235314.45287298388,76125.48697916667,1483722.125,364000.0,186388.94917582418,227439.7566154234,75064.16840277778,1439133.625,348500.0,189347.5039246468,234851.23544606855,75932.51996527778,1454509.0,351500.0,3166217,497250,8149101,79239,474976.0
2024-08-23,182937.296875,233924.796875,74967.6875,1471421.875,359000.0,186684.79945249326,235314.44913366338,75643.07207207207,1482184.625,366000.0,182838.6783861186,226976.53558168316,74774.72047940799,1457584.125,357000.0,183430.38931940703,227439.75300123764,74967.6875,1468346.875,359500.0,4371332,449189,9420306,33651,232206.0
2024-08-26,177118.796875,231145.5,73423.953125,1479109.625,378000.0,185895.84193172326,239020.19639278558,75450.10689060447,1482184.625,378000.0,177118.796875,229292.63026052105,73327.46961235217,1457584.125,361500.0,185205.5125452394,236704.10921843688,75353.62337795664,1482184.625,365500.0,4913204,469538,15655938,28391,512014.0
2024-08-27,172582.34375,229292.625,73134.5,1496022.5,376500.0,177710.50482142856,232535.14696969697,73809.8845646438,1545223.625,383000.0,171004.44803571427,226513.32045454546,72941.53298153034,1486797.25,371500.0,174357.47642857142,230219.05984848485,73038.01649076516,1486797.25,378500.0,5796566,555018,11130145,155073,341089.0
2024-08-28,176822.9375,239946.625,73713.3984375,1523698.125,368500.0,178302.2147239264,241799.4946911197,73713.3984375,1543686.125,379000.0,171596.1579754601,227902.972007722,72748.56337941754,1497560.0,366500.0,172582.34279141104,231145.49396718148,73134.49740265052,1505247.625,375000.0,5590086,1170970,9794514,111333,259901.0
2024-08-29,167355.578125,239483.40625,71397.796875,1469884.375,391000.0,169327.94793201238,247358.102393617,72073.18144003378,1529848.25,394000.0,164890.11586623453,237167.31914893616,70915.3793285473,1466809.25,370000.0,165284.589827637,242262.7107712766,71011.86283783783,1523698.125,371000.0,8284585,1646679,16884479,69216,725018.0
2024-08-30,171300.328125,236704.09375,71687.2578125,1506785.25,388000.0,173075.46105893783,245968.4418419765,72362.64247560565,1519085.5,391500.0,167059.7327828152,236704.09375,71494.29076589839,1469884.375,381500.0,168637.62872409326,241799.48520058708,71783.7413358008,1469884.375,391000.0,4498221,1206940,16358520,56975,316463.0
2024-09-02,171596.15625,227902.96875,71783.7265625,1483722.125,412000.0,172483.72257543105,237167.31707317074,72073.17707283267,1523698.125,416500.0,166073.5213362069,226976.53391768291,70915.37503150202,1468346.875,392000.0,171201.6823275862,237167.31707317074,71880.21006594422,1522160.625,392000.0,3507670,1006660,12641376,35490,792620.0
2024-09-03,165974.921875,220028.28125,69950.5390625,1477572.0,411000.0,171398.93892973856,226513.32532894737,71687.2421012931,1505247.625,419000.0,165974.921875,218638.62894736842,69950.5390625,1474497.0,407000.0,170511.37250259952,226050.10789473684,71494.27509698276,1485259.75,416500.0,3286574,1024521,16314599,31275,340713.0
2024-09-04,152661.421875,215396.09375,67538.453125,1454509.0,399500.0,156803.3984375,219101.8329973118,68599.77167410715,1463734.25,410000.0,150787.67057291666,212616.78931451612,67345.48611607144,1436058.625,396500.0,150787.67057291666,214006.44153225806,67345.48611607144,1445283.75,399000.0,10020391,942257,27366563,53037,373803.0
2024-09-05,157197.859375,212153.59375,66573.6171875,1437596.125,410000.0,160748.12470592847,220028.29046124453,68696.25425724637,1466809.25,418000.0,154436.54189538895,210300.7239355895,66573.6171875,1417608.125,401000.0,154831.01582104768,218638.63810043668,67634.9357223732,1457584.125,410500.0,5349484,884047,25686769,60468,463032.0
2024-09-06,154239.3125,210763.921875,66477.140625,1483722.125,395000.0,156014.44525255755,213543.22633928573,67249.00873095065,1496022.5,412500.0,152760.03520620204,206594.96517857144,65608.78900580552,1428370.875,392500.0,154929.6419037724,211227.1392857143,66670.10765148766,1437596.125,412000.0,3459914,710077,19022299,80340,419682.0
2024-09-09,154831.015625,212616.78125,65126.3671875,1483722.125,399500.0,155521.34499402865,214469.65080337692,65801.75173611111,1496022.5,404000.0,148420.81434116242,208447.82475490196,64258.015625,1460659.125,386000.0,149702.85459792992,208911.0421432462,64547.46614583333,1463734.25,388500.0,4484162,638085,23263298,35530,302125.0
2024-09-10,153351.765625,214006.4375,63872.0859375,1531385.75,379500.0,159466.11255024115,214006.4375,64933.40458600831,1552911.25,400000.0,152168.34363946944,210300.6983225108,63679.118910498495,1489872.375,378000.0,155225.51710209003,212616.78530844155,64643.95404550605,1496022.5,398500.0,4718523,364974,30651376,113162,421418.0
2024-09-11,155028.265625,207058.1875,62617.796875,1508322.75,399000.0,156507.54296875,213543.23140380313,63196.697924691834,1559061.5,402500.0,152168.32942708334,205205.3178131991,61942.412317026196,1491409.875,380500.0,154633.79166666666,212616.7965604027,62810.76389156394,1540611.0,380500.0,3203928,781938,35809707,73358,365687.0
2024-09-12,166468.0,214932.890625,63968.5703125,1492947.375,414000.0,168933.46208530807,214932.890625,64258.02085690045,1517548.0,414000.0,161537.0758293839,208911.0639480065,62907.25164969834,1486797.25,395000.0,162917.7345971564,209374.2813846983,63679.11976809955,1517548.0,403500.0,8628996,660069,35884106,61413,361481.0
2024-09-13,160550.875,219565.0625,62135.37890625,1522160.625,399500.0,164396.9954699017,222807.58452004218,63196.69749005241,1531385.75,414000.0,158874.3609490172,217248.975342827,62038.8953986316,1491409.875,399500.0,164199.75852272726,220028.2799314346,62714.2799519604,1506785.25,413500.0,5246578,524969,25045135,46309,302530.0
2024-09-19,150689.046875,227902.96875,60881.09765625,1612875.25,391500.0,153548.98297406742,228366.18616615853,62135.383344889065,1614412.75,409500.0,142700.9494948462,223734.01200457316,60012.74602565372,1546761.125,391000.0,152562.79811232002,226050.09908536583,61749.44928684628,1557523.875,405000.0,15001257,848380,49402713,144862,303860.0
2024-09-20,154929.625,232071.890625,60784.61328125,1629788.125,393500.0,158578.5085932527,232535.1079715569,62424.8330047123,1634400.75,407000.0,153746.20329408022,229292.58654565868,60784.61328125,1594424.75,392500.0,158282.65316677277,231608.6732784431,61556.481386408734,1609800.125,398500.0,7155655,809348,32746056,99097,468352.0
2024-09-23,159761.953125,230682.265625,60398.6796875,1671301.625,397000.0,160649.51953125,232998.3526292671,61267.031312400155,1685139.375,402500.0,153548.98828125,228366.17862073294,60012.745631988815,1615950.25,390500.0,153647.60677083334,232998.3526292671,60109.22914586661,1626713.0,397000.0,4497592,484728,28542376,102798,233849.0
2024-09-24,161241.25,234388.015625,60977.57421875,1663613.875,413000.0,161438.4870030581,234388.015625,61170.54122577136,1677451.75,413000.0,157000.65443425076,229755.84140316205,60205.706190664554,1631325.625,401000.0,161438.4870030581,230682.27624752963,60591.64020470728,1668226.5,401000.0,3442530,429463,26957500,68308,447420.0
2024-09-25,163016.359375,232998.34375,60012.7421875,1609800.125,413500.0,166961.09886380823,238093.73496520877,61942.41235430064,1705127.375,420000.0,162720.50391333937,232071.90898359843,60012.7421875,1592887.25,409000.0,164397.01819608288,236704.08281560638,61556.478320940514,1688214.5,415000.0,4665075,575575,28652438,93663,349449.0
2024-09-26,178400.84375,239946.625,62424.828125,1617487.75,413500.0,178400.84375,239946.625,62617.79513620556,1622100.375,415500.0,173765.77484107242,229292.62427606178,61459.99306897218,1583662.0,402500.0,175935.38156440022,231608.7113899614,61652.96008017774,1609800.125,410500.0,9519633,766978,37566015,58903,304509.0
2024-09-27,181561.875,237612.515625,62289.96484375,1516010.5,414500.0,186994.9017274211,241813.91570481338,63454.26325204439,1611337.625,418000.0,181561.875,236678.87116281927,62289.96484375,1516010.5,406500.0,185216.8202529924,240413.44901154225,62775.089180539326,1609800.125,413000.0,6886272,493853,28433030,140230,250953.0
2024-09-30,172473.90625,227809.234375,59670.29296875,1502172.625,414500.0,181561.87840063,239012.96721311475,62386.9892339939,1542148.5,430000.0,172473.90625,227809.234375,59670.29296875,1496022.5,414500.0,181463.0960946449,238546.14501152665,62289.964367378045,1512935.375,419500.0,4859468,1032595,32694163,83623,445787.0
2024-10-02,167040.890625,221273.75,59476.2421875,1502172.625,408500.0,173362.9586320964,225008.32805907173,60058.391376937194,1514472.875,421500.0,167040.890625,220806.92774261604,58117.89407881322,1472959.375,408500.0,170597.05387899172,221740.572257384,58700.04326825041,1496022.5,409500.0,4720638,1035510,28473536,61396,245424.0
2024-10-04,171980.0,223607.84375,58797.06640625,1535998.375,403500.0,173461.7346352671,225475.13263308976,59864.3398888717,1562136.5,406000.0,168621.4014933946,216605.51043841336,58700.04154419348,1505247.625,396000.0,169609.22458357265,219873.26598382046,59185.16585447607,1519085.5,403500.0,3633358,856583,24247578,90196,255155.0
2024-10-07,182648.484375,230610.171875,59185.171875,1539073.5,420000.0,182648.484375,230610.171875,60058.39572233606,1548298.75,426000.0,173856.85911303406,225008.30535172066,57729.79879610656,1522160.625,409000.0,176227.63446457544,227809.23861336033,58408.97289959016,1546761.125,413500.0,3904925,731171,35066533,44603,433698.0
2024-10-08,175832.515625,229676.53125,58506.0,1543686.125,436500.0,182747.27747542135,230610.1756859756,59185.17412935323,1551373.75,444000.0,175832.515625,227809.24237804877,58117.90049751244,1525235.625,412000.0,179981.3727352528,228276.0645960366,58214.92537313433,1528310.75,416500.0,3988028,413552,27411786,34647,803706.0
2024-10-10,184426.5625,229676.53125,57147.65234375,1529848.25,427000.0,185809.51476298875,238546.15339176828,58408.97574013158,1588274.625,433000.0,181166.7464515265,229676.53125,57147.65234375,1529848.25,421000.0,182253.35180101768,236212.04230182926,58311.95086348685,1551373.75,432000.0,6325045,641891,45262214,57865,635669.0
2024-10-11,183735.078125,232010.65625,57535.75,1574436.75,411000.0,188871.75772849462,232944.3007419517,58311.94898819562,1588274.625,428500.0,182846.03742439515,230143.36726609658,57244.67537942664,1525235.625,408500.0,187686.37012768816,231543.83400402416,57341.700252951094,1554448.875,426500.0,3475666,282919,29623969,63130,441897.0
2024-10-14,183735.078125,232010.65625,57535.75,1574436.75,411000.0,189958.36302923388,237145.7009557344,59379.22259696459,1594424.75,413500.0,184624.11882560485,231543.83400402416,57632.77487352445,1563674.0,402500.0,184624.11882560485,233877.94523390342,57729.799747048906,1574436.75,407500.0,3309274,307668,20886249,46599,245480.0
2024-10-15,190551.0625,229676.53125,59185.171875,1663613.875,403500.0,190847.4094090202,232944.28677591463,59573.271362704916,1685139.375,409000.0,187390.02880378434,229676.53125,58311.94802766393,1583662.0,389500.0,189563.23946993263,232944.28677591463,59282.19674692623,1591349.75,407500.0,4060365,382087,22715239,86795,631127.0
2024-10-16,186402.203125,230610.171875,57729.79296875,1625175.5,404500.0,190155.9305859168,230610.171875,58214.91727941176,1663613.875,415000.0,181364.30574324325,225941.94977226722,57438.71838235294,1623638.0,404500.0,182450.91106087706,229676.52745445343,57632.768106617645,1646701.0,415000.0,4787317,799813,23303268,47763,495248.0
2024-10-17,193613.328125,219873.265625,57923.84765625,1577511.875,397000.0,193613.328125,229676.53224522292,58311.947138033924,1634400.75,411000.0,186402.2194754464,219873.265625,57341.69843357412,1565211.625,397000.0,188871.77723214286,228742.8878052017,57632.773044912065,1626713.0,403000.0,3996946,923060,23372873,55694,250437.0
2024-10-18,185019.265625,218939.625,57438.72265625,1629788.125,388500.0,195786.5373565136,223141.0250533049,58311.94648041596,1648238.5,399000.0,183932.6602209023,217539.15831556503,57341.69778689822,1575974.375,385000.0,195786.5373565136,221273.73614072497,58117.896741712415,1588274.625,396500.0,5509895,696368,14420260,53030,250780.0
2024-10-21,188575.421875,221273.75,57244.671875,1677451.75,389500.0,189958.3741569539,224074.6835443038,57826.821080508475,1697439.625,393500.0,185710.73500523836,218939.63871308017,56759.54753707627,1637475.75,387500.0,187093.68728719224,219406.46097046413,57244.671875,1645163.5,389000.0,2428544,443742,18514905,88364,135508.0
2024-10-22,185513.1875,218939.625,55983.3515625,1628250.5,381500.0,192921.86112220446,223141.0250533049,57147.65003520364,1711277.5,388000.0,185216.84055511182,217072.33608742006,55983.3515625,1622100.375,376500.0,192921.86112220446,220340.09168443497,57050.62516247833,1668226.5,386500.0,3466963,517834,27582527,93104,213207.0
2024-10-23,193613.328125,225008.296875,57341.6953125,1628250.5,403000.0,194304.804296875,226875.58564574688,58214.91909898477,1683601.875,405500.0,185710.74330357142,218472.7861773859,55401.1980092005,1620562.875,381500.0,186204.6548549107,220806.8971408195,55789.2974698604,1645163.5,381500.0,4366079,671384,27300780,65790,332684.0
2024-10-24,195786.53125,213337.75,54916.07421875,1600574.875,406500.0,199540.2588925328,225008.30525164114,56759.54667485645,1639013.375,419000.0,187686.38212663974,212870.92778993436,54916.07421875,1569824.25,403000.0,191143.76285002523,225008.30525164114,56468.47207652385,1634400.75,411000.0,6344515,1209781,31499922,68694,405512.0
2024-10-25,198552.453125,210536.828125,54236.8984375,1631325.625,407000.0,203491.5688743781,215671.87271341463,55207.147067866725,1663613.875,419000.0,196971.936085199,205868.6057718958,54139.87357446332,1569824.25,406500.0,200528.09942475124,211470.47259562084,54333.92330053667,1595962.25,419000.0,5530362,1116832,25829315,55357,242245.0
2024-10-28,193613.328125,211470.484375,56371.4453125,1626713.0,416500.0,202503.73604910713,213804.59568156733,56759.54476387694,1657463.75,417500.0,191835.24654017857,209136.37306843267,54042.84860423838,1609800.125,403000.0,201022.0013950893,211003.66211368653,54042.84860423838,1640550.875,403000.0,4114186,639039,27775009,39405,360352.0
2024-10-29,187982.734375,209136.359375,57826.8203125,1609800.125,409000.0,194601.14909025223,211470.47052873884,57826.8203125,1659001.25,412500.0,186797.34666480558,206335.42599051338,55595.24838768876,1600574.875,400500.0,193613.32599842353,211003.64829799108,56274.42245176175,1625175.5,410000.0,4067991,746178,28369314,34657,281126.0
2024-10-30,192625.5,205868.609375,57341.6953125,1585199.5,411500.0,193020.62923076923,210070.0095663265,58020.86936865482,1608262.625,417500.0,187093.69076923077,205868.609375,56856.57098667513,1566749.125,405000.0,187883.94923076924,208202.7205924036,57341.6953125,1592887.25,406500.0,3580400,554300,19838511,42209,174514.0
2024-10-31,184031.4375,200733.5625,57438.72265625,1540611.0,407500.0,190551.0697463768,206802.2515988372,59379.22004328547,1583662.0,417000.0,183833.87288647343,200733.5625,56565.498832084035,1537536.0,404500.0,187587.60054347824,205868.60712209303,56759.548570787585,1583662.0,408000.0,4573282,1075398,35809196,58865,266013.0
2024-11-01,179981.359375,199333.078125,56565.5,1534460.875,412500.0,182648.48160503566,202134.01130708432,57826.823327615784,1554448.875,419000.0,178302.06019312568,197465.7893369438,56371.450257289885,1529848.25,404500.0,180277.7062894484,198399.4337309719,57244.67409948542,1529848.25,405000.0,3478519,765177,19083180,27798,254445.0
2024-11-04,191637.671875,202134.03125,56953.59765625,1563674.0,426000.0,191637.671875,205868.60919457275,57632.771733922484,1563674.0,427000.0,181463.09445070877,199799.92003464204,56662.523051533215,1517548.0,408000.0,182944.82902706187,200733.5645207852,56856.57278801107,1537536.0,417000.0,3569575,748180,15586947,52955,418485.0
2024-11-05,190847.421875,200733.5625,55886.3203125,1549836.25,420000.0,196379.23120471014,201200.3847383721,56371.44462076823,1588274.625,425500.0,189760.8164709498,197465.80683139534,55498.220865885414,1545223.625,416500.0,191242.55111283643,199799.91802325583,56080.37003580729,1560599.0,422000.0,3560310,615978,17484474,41005,177179.0
2024-11-06,193415.75,192797.578125,55595.25,1577511.875,390500.0,196774.34831460673,200266.73369400727,56274.424083769634,1599037.375,429000.0,190353.49859550563,191863.9336788741,54625.00130890052,1534460.875,386000.0,195292.61376404495,199799.91147094432,55886.32460732984,1557523.875,426500.0,3460361,1880618,22092218,67551,689223.0
2024-11-07,193415.75,192797.578125,55595.25,1577511.875,386000.0,195885.30758426967,196532.15590950364,56371.44895287958,1583662.0,391000.0,190748.62780898876,187662.53367130752,55110.12565445026,1489872.375,375000.0,194996.26685393258,189996.6447866223,55207.15052356021,1562136.5,389000.0,2976546,1108161,17043102,82481,456391.0
2024-11-08,198058.515625,189996.65625,55304.171875,1543686.125,398500.0,200528.0731764339,196532.16776719902,56565.49509320175,1559061.5,408500.0,196379.21649002493,189063.011747543,55304.171875,1534460.875,394000.0,198058.515625,195598.52326474202,56274.42050438596,1542148.5,394500.0,3031573,716859,13877396,42484,379413.0
2024-11-11,190254.734375,196998.96875,53363.67578125,1548298.75,416000.0,196873.14932989355,198399.43535248813,55110.12335227273,1565211.625,435500.0,190057.1697494808,189996.63573755923,53363.67578125,1516010.5,415000.0,196873.14932989355,189996.63573755923,55013.09848721591,1535998.375,435000.0,2636191,856539,29811326,55373,969362.0
2024-11-12,183537.515625,193264.40625,51423.1796875,1517548.0,427000.0,190155.92980523413,199333.09533514493,52975.57756485849,1554448.875,433500.0,182648.4749142223,192797.58401268115,51423.1796875,1508322.75,416000.0,190155.92980523413,198866.27309782608,52975.57756485849,1539073.5,418000.0,3920254,911213,37962881,53466,642992.0
2024-11-13,180672.828125,186635.515625,49094.5859375,1460659.125,412000.0,187192.45997642155,192330.7464669835,51423.18289896245,1517548.0,425000.0,180376.48122266267,186635.515625,48997.56106410573,1456046.5,411500.0,183438.7325468152,192330.7464669835,50452.93416501976,1503710.125,421500.0,3172827,778547,52527995,58905,349926.0
2024-11-14,170893.375,188129.34375,48415.41015625,1471421.875,422000.0,182648.4684248555,189996.63252171216,50258.8826872495,1494484.875,423000.0,169609.20513005782,184208.03732940447,48415.41015625,1449896.375,405000.0,180672.82247109828,187195.69936414392,48706.48476640781,1462196.625,421500.0,6309368,817142,48510715,50238,461180.0
2024-11-15,176030.078125,192330.75,51908.3046875,1440671.125,371000.0,176820.33661265433,194664.8610436893,52587.47876752337,1482184.625,403500.0,171486.09182098764,186635.51905339805,48803.50889310748,1428370.875,371000.0,171881.2210648148,186728.88349514562,48803.50889310748,1469884.375,403000.0,4330750,709396,46774485,183126,1016392.0
2024-11-18,169609.21875,202600.84375,55013.1015625,1408382.875,383500.0,175634.93939283633,203534.48819124425,55789.3005263448,1432983.5,385500.0,168226.26647131625,192330.75489631336,54236.9025986552,1394545.125,375000.0,171683.64716802564,192330.75489631336,55304.1761739418,1406845.375,375000.0,3885644,1115993,48095234,57688,365846.0
2024-11-19,168522.609375,201200.390625,54625.0,1412995.5,393500.0,170794.6023501612,204468.14638921115,55789.29840142096,1440671.125,395500.0,166053.05179330305,198866.27936484918,54236.90053285968,1409920.5,380500.0,168325.04476846426,202600.8573810905,54819.049733570166,1409920.5,384500.0,4075013,540792,31539632,48668,292704.0
2024-11-20,168522.609375,204001.3125,53654.75390625,1442208.75,400500.0,172967.81302205453,205868.60140160183,54819.05236352848,1465271.75,402500.0,168127.48016192848,198399.4457951945,53169.62954905063,1406845.375,390000.0,172869.03071878664,198866.26802059496,54430.952877768985,1448358.875,393500.0,3689296,572617,20864667,61265,216309.0
2024-11-21,166744.53125,201200.390625,54722.03125,1432983.5,400500.0,170893.38807020144,204934.9686412413,55207.15564051418,1480647.125,406500.0,166151.83741854265,201200.390625,53072.60832225177,1432983.5,394500.0,166151.83741854265,204001.32413718099,53266.65807845745,1451433.875,399000.0,3821502,499737,19096850,85111,209853.0
2024-11-22,174548.34375,202600.84375,54333.92578125,1436058.625,405000.0,176030.07841680816,204001.31041186635,55013.099853515625,1443746.25,409500.0,169115.31663837013,200266.7326468894,54236.90091378349,1423758.25,402000.0,169609.22819397284,201667.19930875575,54333.92578125,1443746.25,403500.0,3919973,419056,15281543,51945,142194.0
2024-11-25,174844.6875,204468.140625,56177.3984375,1472959.375,419500.0,177314.24523305084,206802.2518193493,56177.3984375,1476034.5,425000.0,171782.43591101695,202134.0294306507,55013.10002428757,1434521.0,408000.0,172375.12976694916,204468.140625,55692.27409866149,1446821.375,410000.0,4393882,726301,36237325,72582,446632.0
2024-11-26,174943.46875,208669.53125,56565.5,1428370.875,406000.0,175536.1626023433,209603.17568512305,57147.649228130365,1468346.875,422000.0,172572.69334062678,202134.0202041387,55789.30102915952,1416070.625,405000.0,173066.6048842462,203534.48685682326,56177.400514579764,1459121.625,417000.0,1996128,721544,23209405,58410,215592.0
2024-11-27,166250.640625,206335.421875,54625.0,1465271.75,400500.0,173560.5321319816,211470.46631080317,56080.3730017762,1469884.375,414000.0,165855.51135435235,204001.31076781673,54333.925399644766,1428370.875,399500.0,173461.7498143197,205401.7774321267,55983.34813499112,1431446.0,408500.0,4756820,1094533,21808387,54288,174304.0
2024-11-28,159138.296875,204468.140625,53848.80078125,1537536.0,402500.0,164274.97684861888,210070.00749143836,54722.0245777027,1537536.0,405500.0,158841.9499534451,203534.49614726027,53557.72618243243,1456046.5,399000.0,162595.67762647424,209136.36301369863,54333.92511261261,1472959.375,400000.0,5691298,593477,20001134,78816,116484.0
2024-11-29,157952.90625,204001.3125,52587.4765625,1499097.5,381500.0,160422.4638836773,205401.77917620135,53654.75007207103,1548298.75,402500.0,155680.9132270169,200266.73469679634,52199.377104474166,1496022.5,380000.0,158051.6885553471,204468.13472540045,53460.70034305812,1540611.0,400000.0,4682788,576357,24513531,54141,280997.0
2024-12-02,156866.3125,201667.1875,52005.328125,1492947.375,391500.0,160718.82269363978,205868.58723958334,52781.5270522388,1529848.25,397500.0,156668.74787468513,200733.54311342593,51520.20379547575,1483722.125,385000.0,160224.91113035264,204934.94285300927,52684.50218633396,1519085.5,387000.0,3558868,520654,22044867,33091,185989.0
2024-12-03,162892.015625,200266.734375,52005.328125,1486797.25,397000.0,163089.5802285476,203534.48994755244,52781.5270522388,1523698.125,401000.0,157162.64212211946,199333.0899256993,51520.20379547575,1482184.625,385000.0,157261.42442389327,203534.48994755244,51520.20379547575,1511397.875,393500.0,4180365,624929,23374603,55508,241946.0
2024-12-04,165954.265625,195131.6875,51520.20703125,1477572.0,389000.0,165954.265625,198866.26525119616,51811.28164724576,1492947.375,395000.0,159138.2868582589,193264.39862440192,50452.93343926554,1446821.375,384500.0,159335.85146019346,194664.86528110047,50452.93343926554,1465271.75,391000.0,5701792,919137,29004766,58814,246025.0
2024-12-05,170893.375,190930.28125,52102.34765625,1482184.625,382000.0,173461.7147398844,196532.14769254279,52781.52164804469,1508322.75,395000.0,167238.42998554913,190463.45904645478,51617.22337639664,1480647.125,382000.0,167929.90606936417,195131.6810819071,51617.22337639664,1482184.625,389000.0,4671438,604002,23588277,30628,170616.0
2024-12-06,165065.234375,189996.65625,52490.453125,1479109.625,390500.0,171486.0843058049,192330.7675061425,52781.527726432534,1512935.375,397000.0,162990.80593581687,186728.9004914005,51132.10498498152,1469884.375,383000.0,171387.30199917714,189996.65625,52296.403390711646,1491409.875,383000.0,4434259,778285,22861874,51501,265117.0
2024-12-09,166843.328125,187662.53125,51811.27734375,1465271.75,387500.0,168522.6274607756,189529.8201181592,52975.57571102528,1499097.5,397500.0,162990.81788410302,186728.88681592038,51617.22761587079,1446821.375,379500.0,165065.24647535523,187662.53125,51908.30220768961,1448358.875,385500.0,5305672,774548,26227680,77187,254353.0
2024-12-10,168325.0625,196532.140625,52393.4296875,1474497.0,385000.0,168325.0625,197465.78499851542,52878.554036458336,1485259.75,396000.0,165559.15771713614,190463.45219714963,52102.355078125,1454509.0,384500.0,165954.286971831,191863.9187574228,52878.554036458336,1479109.625,392000.0,3159112,619392,20783970,55984,249658.0
2024-12-11,169708.015625,195131.6875,52393.4296875,1459121.625,378000.0,169708.015625,196998.97637559808,52587.47942708334,1483722.125,391000.0,164966.46454816646,193731.22084330145,51811.28046875,1454509.0,376500.0,165361.59380456927,194198.04306220094,52005.33020833333,1468346.875,388000.0,2281189,335301,14565947,44759,260700.0
2024-12-12,173955.625,197465.78125,54236.8984375,1472959.375,404500.0,175239.7948608745,198866.24778368793,54819.04761572003,1506785.25,404500.0,171387.285278251,195598.49253841606,52296.40117676654,1451433.875,374000.0,174350.7541879614,196532.13689420803,52393.42603980322,1468346.875,383000.0,4550292,625351,33476698,78625,586555.0
2024-12-13,173362.9375,200733.5625,54430.94921875,1516010.5,400000.0,174251.97820512822,201667.20697674417,54624.99894858511,1529848.25,400000.0,171387.291488604,195131.69563953488,53848.80002924465,1460659.125,389500.0,172276.3321937322,197932.62906976746,54139.874623997326,1474497.0,396000.0,3677980,528172,15908823,49957,330114.0
2024-12-16,177116.671875,196998.96875,53945.828125,1535998.375,398000.0,178203.2772239264,201667.19075829381,54916.076832284176,1537536.0,402500.0,175141.02578604294,196532.1465491706,53557.72864208633,1505247.625,394500.0,175239.8080904908,201200.36855746445,54625.00222009892,1532923.375,399000.0,3278975,469448,15277277,42493,204346.0
2024-12-17,181759.453125,192797.578125,52587.4765625,1497560.0,382500.0,182253.36468240488,198399.44480175545,53557.725207564574,1535998.375,405000.0,179882.58920686142,191863.9336788741,52393.42683348709,1496022.5,378500.0,180771.63001019022,196065.3336864407,53072.60088503229,1532923.375,398500.0,3188910,715553,20215230,39348,392455.0
2024-12-18,181265.53125,202134.03125,53266.65234375,1506785.25,381500.0,181660.66047343324,202600.8534930716,53751.776682035525,1516010.5,386000.0,179388.6674386921,193731.23087471133,52393.42853483607,1485259.75,380000.0,181166.7489441417,193731.23087471133,52490.45340249317,1503710.125,384000.0,2363872,712305,13698937,26540,208785.0
2024-12-19,172869.03125,197932.609375,51520.20703125,1472959.375,372000.0,174647.11271428573,199799.8981426887,52199.38113524011,1506785.25,380000.0,170893.38517857145,196532.1427992335,51520.20703125,1468346.875,368000.0,171782.4259107143,198866.25375884434,51908.30651924435,1483722.125,373500.0,4833862,631880,22481925,46409,247458.0
2024-12-20,166448.203125,196532.140625,51423.1796875,1443746.25,357500.0,172671.4890578635,197465.78499851542,51520.204554834905,1457584.125,377000.0,165065.25069547477,192330.74094418052,50355.906146816036,1396082.625,356000.0,171980.01284310088,196532.140625,51132.105085495285,1456046.5,375000.0,4487308,704962,24674774,65338,359300.0
2024-12-23,167534.796875,200733.5625,51908.3046875,1459121.625,359000.0,171189.74232569282,202134.0292151163,52393.42903037383,1469884.375,361500.0,167534.796875,197932.62906976746,51714.25495035046,1445283.75,345000.0,167929.92611291274,198399.45130813954,51811.279818925235,1454509.0,359000.0,3287596,468339,13672650,21633,284110.0
2024-12-24,166448.203125,202134.03125,52781.52734375,1442208.75,350000.0,169806.8018824184,202600.8534930716,52878.55221019072,1472959.375,362000.0,166250.63849221068,198866.27554849884,52005.32841222427,1429908.375,350000.0,169609.23724962908,200733.5645207852,52102.35327866498,1465271.75,361500.0,1844961,351647,11634677,26403,172107.0
2024-12-26,168028.6875,203067.65625,52005.328125,1440671.125,344500.0,169905.55114638447,204934.94504310345,52975.576784048506,1463734.25,352000.0,167337.2114197531,200733.5452586207,51908.30325909515,1434521.0,343500.0,167929.90520282186,203067.65625,52878.551918143654,1442208.75,351500.0,2022727,460871,10517075,24435,174814.0
2024-12-27,172375.125,200733.5625,52457.61328125,1436058.625,348000.0,173856.8595988539,203067.67369186046,52848.359004015365,1445283.75,350500.0,167929.9212034384,199333.0957848837,51969.1811277933,1414533.125,340500.0,168028.70351002866,202600.85145348837,52262.24041986732,1434521.0,341000.0,2643523,391681,10747196,22930,200696.0
2024-12-30,171782.4375,197932.609375,51969.18359375,1459121.625,348000.0,173659.30139447958,202600.83129422172,52750.67507636278,1489872.375,358500.0,170300.70284646348,197932.609375,51871.4971584234,1432983.5,345000.0,171881.21981023575,199333.07595076654,52066.8700290766,1437596.125,345000.0,1434202,387750,12624702,33887,169683.0
2025-01-02,169115.3125,197465.78125,52164.5546875,1436058.625,346000.0,170103.1355870327,201667.18085106384,52359.92755149813,1463734.25,352500.0,167929.92479556074,196532.13689420803,51090.0039355103,1420683.25,342500.0,168423.8363390771,197932.60342789599,51480.749663506554,1460659.125,348500.0,2102175,437773,16630538,35714,139219.0
2025-01-03,179685.015625,198866.265625,53141.421875,1445283.75,356000.0,180475.2740774464,200733.55450410797,53825.226935891544,1462196.625,360500.0,170992.17264808962,196998.976745892,51578.43887867647,1432983.5,343000.0,172375.12493987082,197465.798965669,51578.43887867647,1436058.625,343000.0,4233446,456107,19318046,28664,237676.0
2025-01-06,197367.046875,197465.78125,54606.71875,1454509.0,361500.0,197367.046875,199333.0699615839,54899.77806350626,1457584.125,365500.0,182154.57179054056,193264.38164893616,53043.735744633275,1432983.5,353500.0,182154.57179054056,198866.24778368793,53141.42218246869,1445283.75,358000.0,7320382,782307,19034284,29158,205797.0
2025-01-07,192625.5,196998.96875,54118.2890625,1511397.875,365500.0,203985.46538461538,199799.9019549763,55974.33146717058,1545223.625,372000.0,192427.93538461538,196532.1465491706,54118.2890625,1460659.125,361500.0,202503.73076923078,197465.79095082937,55485.89925541516,1462196.625,363500.0,6075445,511955,17030235,98642,236305.0
2025-01-08,192329.15625,199333.078125,55974.33203125,1549836.25,373500.0,195687.75476694916,201200.3669130562,56169.70491792103,1554448.875,376000.0,188674.21080508476,195131.67835187353,53434.48450452662,1520623.0,364000.0,190748.63930084746,195598.5005488876,53532.170947862134,1523698.125,364500.0,4275792,603411,26593553,69690,356433.0
2025-01-09,202503.734375,198866.265625,54802.08984375,1546761.125,358500.0,203491.5574695122,204934.95448210093,56365.07279829545,1559061.5,373000.0,197367.05428353656,198866.265625,54802.08984375,1525235.625,348500.0,198552.4419969512,200733.55450410797,56267.38636363636,1537536.0,371500.0,6692254,866529,24490592,32388,694920.0
2025-01-10,201022.0,211003.65625,54020.6015625,1537536.0,348500.0,209912.40786240785,211937.3007466814,55192.83884776221,1568286.625,357500.0,200034.1769041769,200733.5667865044,53922.91512206148,1535998.375,348000.0,205467.20393120393,200733.5667865044,54802.093086008135,1539073.5,356000.0,6149475,1951806,16059223,27528,280639.0
2025-01-13,191934.0,205401.78125,52848.36328125,1555986.375,347500.0,200528.05970149252,211003.64801136364,53727.54122862754,1605187.5,350500.0,191538.87081832218,204001.3145596591,52848.36328125,1545223.625,345500.0,200528.05970149252,210536.82578125,53336.79547423752,1546761.125,346500.0,4767294,867629,16868600,47063,165688.0
2025-01-14,192625.5,207269.0625,52652.9921875,1574436.75,358000.0,195490.18692307692,209603.17356418917,53336.797280844155,1632863.125,360000.0,191242.54769230768,204934.9514358108,52457.61930368738,1565211.625,350000.0,191934.02384615384,206335.41807432432,52946.051513218925,1612875.25,350000.0,3019149,547856,17465926,63716,290092.0
2025-01-15,195786.53125,205868.609375,52457.61328125,1568286.625,351500.0,198552.43582870837,209136.36507936506,53434.47758816341,1608262.625,361000.0,195292.61971808778,205868.609375,52262.24041986732,1568286.625,351500.0,195588.9666372351,207269.07610544216,52848.359004015365,1592887.25,359000.0,3620460,492913,18625025,46506,149879.0
2025-01-16,207442.84375,204468.140625,53043.73828125,1602112.5,352000.0,207442.84375,209136.36301369863,53727.54337879834,1619025.375,361500.0,203985.46302083333,203534.49614726027,52848.365396236186,1579049.375,352000.0,205961.10915178573,208202.7185359589,52946.05183874309,1579049.375,358500.0,6029645,435312,18627298,56042,162319.0
2025-01-17,211888.046875,197465.78125,52457.61328125,1560599.0,350500.0,214851.51606206293,203534.46956264775,52848.359004015365,1595962.25,355500.0,206455.02003205128,196998.95907210401,51969.1811277933,1560599.0,350500.0,206948.93156322846,203067.64738475176,52555.29971194134,1592887.25,352000.0,5041329,813817,18805344,31039,151960.0
2025-01-20,209418.484375,194664.875,52164.5546875,1560599.0,370500.0,216333.245651533,197932.63069544366,52652.98684749532,1583662.0,372000.0,207936.74981574292,193731.23051558752,52066.868255500936,1557523.875,351500.0,216333.245651533,196998.98621103118,52359.92755149813,1571361.75,352000.0,3036234,571176,11822531,25263,402884.0
2025-01-21,215345.4375,192797.578125,52262.24609375,1539073.5,354500.0,217321.08371559635,198866.2670248184,53043.73762412383,1579049.375,370000.0,211394.14506880735,192797.578125,52066.87321115655,1537536.0,349500.0,213863.70283830276,196532.15590950364,52457.61897634346,1572899.25,365000.0,3323212,833996,13535702,29762,317052.0
2025-01-22,222754.09375,194664.875,53043.73828125,1559061.5,360000.0,224235.82829822617,196065.3417266187,53141.42472375691,1594424.75,363000.0,214357.5979767184,192797.58603117507,51871.50097116713,1545223.625,355500.0,218802.80162139688,193731.23051558752,52164.560298687844,1554448.875,356000.0,5901740,832710,18341991,43429,158528.0
2025-01-23,216827.15625,195131.6875,52457.61328125,1619025.375,353500.0,222754.09446184512,199333.0874700957,52848.359004015365,1657463.75,359500.0,212381.9525911162,191863.93196770333,52262.24041986732,1571361.75,353500.0,218308.89080296128,194198.04306220094,52457.61328125,1572899.25,356500.0,5994781,1032782,15588067,104456,136125.0
2025-01-24,218308.890625,191397.09375,52457.61328125,1671301.625,353500.0,224235.8288320136,194664.84900914636,52555.29971194134,1678989.25,357500.0,214851.5100042421,189529.80503048783,51969.1811277933,1634400.75,348000.0,217814.9791077489,194198.0268292683,52359.92685055866,1648238.5,355500.0,3771572,1077548,11867631,69477,126762.0
2025-01-31,196774.359375,192330.75,51187.6953125,1662076.375,352000.0,202009.82174792924,193731.21662621357,51773.813961116415,1691289.5,356500.0,192427.93778237954,186728.88349514562,50503.89022244752,1639013.375,346500.0,194601.14857868975,190930.2833737864,50992.322429627864,1683601.875,353500.0,11871995,986621,42186279,53778,147908.0
2025-02-03,188575.421875,188596.171875,49820.0859375,1683601.875,336500.0,190847.41490963855,189996.63849783415,50210.83170955882,1683601.875,345500.0,184624.129640846,186728.88304455447,49624.713051470586,1592887.25,335000.0,189168.1157101231,187662.52745977722,49917.7723805147,1640550.875,345000.0,7926444,911137,32344897,65788,225738.0
2025-02-04,188773.0,187662.53125,51480.75,1648238.5,333000.0,191934.03401360544,194664.864505597,52359.92789373814,1691289.5,343500.0,187785.1768707483,187662.53125,50308.51280834914,1642088.375,332000.0,190551.08163265305,191397.1089863184,50406.199240986716,1689752.0,340500.0,5851146,841947,27214851,65389,196605.0
2025-02-05,196379.21875,190930.28125,51676.125,1668226.5,345000.0,196971.912569165,192797.57006418094,52555.302930056714,1677451.75,347000.0,189563.23982960262,187662.52582518337,51578.438563327036,1632863.125,335000.0,189563.23982960262,188129.34802872862,52359.93005671078,1649776.125,336000.0,4245118,710413,15974885,37991,171086.0
2025-02-06,201022.0,189996.65625,52750.6796875,1674376.625,342000.0,202503.73464373464,193264.41200859952,52750.6796875,1683601.875,350500.0,198058.53071253072,189529.8339987715,51969.18813657407,1660538.875,338500.0,199540.26535626536,192330.7675061425,52164.561024305556,1683601.875,344500.0,4032622,605308,16466025,30810,129145.0
2025-02-07,200528.078125,187195.703125,52457.61328125,1783541.75,336000.0,203491.5472598522,190930.28074345386,52946.045434706706,1791229.375,345000.0,198058.52051262316,186728.88092269326,52359.92685055866,1671301.625,336000.0,202503.72421490148,189996.63633884038,52652.98614263268,1675914.125,341500.0,2206293,834221,14476866,123718,119390.0
2025-02-10,195687.75,186168.703125,54313.66015625,1737415.625,346500.0,200528.08303886926,187662.53424335507,54606.71947363984,1788154.25,349500.0,194601.1446239273,184581.50756174774,51676.12629974146,1732803.0,329000.0,195391.40307925292,186262.0675698972,51773.812738871406,1783541.75,333000.0,2779740,992303,27577591,63663,230067.0
2025-02-11,197268.265625,186168.703125,54411.34765625,1805067.25,343000.0,199046.34713789434,189063.00091681295,54997.46630245736,1825055.125,350500.0,195588.96641837756,185328.4231209253,53727.54256900808,1737415.625,342500.0,198552.4356065348,186262.0675698972,54215.97477418088,1737415.625,348000.0,2488710,842452,24596196,59391,178558.0
2025-02-12,196478.0,184954.953125,54509.03125,1778929.125,338500.0,197465.82302664657,187195.69965453053,54606.7176859319,1797379.5,347500.0,193613.313222725,184954.953125,53239.107582885306,1748178.375,338000.0,194107.22473604826,185795.23307357394,53825.2261984767,1786616.75,343500.0,2884072,567219,26428596,55916,165759.0
2025-02-13,205961.109375,194664.875,54509.03125,1812754.875,358000.0,205961.109375,196065.3417266187,55095.1498655914,1823517.625,366500.0,195687.74948291367,188596.18585131897,54313.6583781362,1769703.875,341000.0,196379.2256294964,189063.0080935252,54802.090557795695,1789691.875,341500.0,3574410,1493929,22448377,52024,672554.0
2025-02-14,207442.84375,192330.75,54704.40625,1814292.375,353000.0,209418.48988095237,196065.3276699029,55974.32996651786,1858881.0,359500.0,203985.46302083333,191863.92779126213,54704.40625,1805067.25,352000.0,206455.0206845238,194198.03883495144,54704.40625,1825055.125,355500.0,2598656,823619,23979779,61612,162202.0
2025-02-17,209418.484375,186542.15625,54704.40625,1821980.125,353500.0,213369.77653301886,189062.99619932432,55192.83844866072,1823517.625,362000.0,208430.66133549527,186262.06292229728,54411.34693080357,1791229.375,352500.0,208924.57285524762,187662.5295608108,54802.09268973215,1823517.625,354500.0,2497922,894545,11916027,30120,166506.0
2025-02-18,207442.84375,187195.703125,55583.5859375,1806604.75,350500.0,212381.95907738095,188129.34752961347,55876.64526581722,1826592.75,355000.0,204479.37455357143,185701.87207761846,54606.721509775925,1788154.25,347500.0,209418.48988095237,186728.88092269326,54899.780838093146,1809679.75,355000.0,1937894,560363,22131007,35283,132978.0
2025-02-19,215839.359375,190463.484375,57341.94140625,1777391.5,366000.0,216827.18253003433,190930.306640625,57537.31429008731,1815830.0,370500.0,211394.15517734553,185608.5328125,55974.33121938884,1768166.375,353500.0,213369.8014874142,185701.897265625,56072.017661307495,1788154.25,353500.0,3537720,854114,25395151,50609,332886.0
2025-02-20,209418.484375,189529.828125,57048.87890625,1766628.75,376500.0,215839.33413178066,190463.47259852217,57732.683961633134,1777391.5,378500.0,208430.66133549527,188129.36141471675,56755.81959680009,1731265.5,365000.0,214357.59957252358,189063.00588823893,57732.683961633134,1768166.375,367500.0,3080242,354026,21589059,51057,316958.0
2025-02-21,206948.9375,192330.75,56853.5078125,1778929.125,378500.0,208430.6721360382,196998.97208737864,57146.56713112113,1783541.75,379000.0,202997.6451372315,190463.46116504853,55778.95697755584,1743565.75,373500.0,206948.9375,195131.68325242717,57048.88069158076,1748178.375,378500.0,2601151,713842,22198428,30277,141193.0
2025-02-24,202503.734375,193264.40625,55974.33203125,1769703.875,385500.0,202503.734375,193264.40625,56365.07780459206,1777391.5,386500.0,198552.4419969512,189996.65058876813,55876.645587914485,1749715.875,375000.0,200034.1766387195,190463.47282608697,55974.33203125,1763553.75,377500.0,3087127,497135,14138471,23141,237103.0
2025-02-25,198058.515625,189062.984375,55876.64453125,1811217.375,373500.0,199540.25015586035,191397.0952932099,56462.7631801792,1848118.25,386000.0,196774.34569825436,188596.16219135802,55192.839440832606,1752791.0,372500.0,197367.0395105985,191397.0952932099,55290.525882320806,1755866.0,386000.0,3651613,651155,14625181,70784,140338.0
2025-02-26,200528.078125,191397.09375,55290.5234375,1795842.0,374000.0,203491.5472598522,193264.3824695122,55778.95562334364,1825055.125,376000.0,196181.65672721676,189529.80503048783,54802.09125165636,1765091.25,368000.0,196576.78594519704,189996.62721036587,55681.26918617491,1815830.0,369500.0,3849749,750341,18117091,37683,143098.0
2025-02-27,198046.53125,192839.796875,54997.46484375,1782004.125,370500.0,203812.94631651606,193320.69412406482,55778.956351298846,1801992.125,375000.0,196952.9008063504,191685.6434772444,54899.778405306395,1769703.875,366500.0,203315.8415694026,192839.796875,55192.83772063721,1792766.875,374000.0,3993419,890406,14975356,23490,124821.0
2025-02-28,189098.65625,185626.328125,53239.109375,1715890.125,352000.0,191882.44298764458,191204.73591321244,54411.3466456422,1775854.0,368000.0,187607.34192626184,185626.328125,53239.109375,1712815.0,351500.0,190490.5496188223,191012.37702396372,54118.28732798165,1765091.25,366000.0,5533027,1187503,28036698,65764,291801.0
2025-03-04,185022.390625,183029.484375,53239.109375,1722040.25,332000.0,186414.2839451236,187646.09774862058,53727.54157110092,1760478.625,351500.0,182934.55064481462,181971.5104768786,52555.304300458716,1706664.875,332000.0,183729.91825631383,182740.9460391487,52652.9907396789,1712815.0,351000.0,5424556,592292,18553933,29127,361892.0
2025-03-05,191981.875,187261.390625,52750.6796875,1757403.625,334000.0,193274.347488348,189473.51799242425,54118.28990162037,1766628.75,339000.0,185519.51255825997,184472.1865530303,52750.6796875,1722040.25,327500.0,187110.24792853443,184472.1865530303,53825.230570023145,1729727.875,336000.0,4162368,798748,16578817,33993,306239.0
2025-03-06,191285.90625,190050.59375,53043.73828125,1737415.625,334000.0,192876.6414371102,193320.69505946356,53239.111166263814,1763553.75,343500.0,189198.0663169179,188992.61979693826,52750.678953729286,1731265.5,331500.0,192379.53669113826,191589.46495445343,52848.365396236186,1763553.75,337500.0,2540131,659716,12258101,27899,251173.0
2025-03-07,191285.90625,189088.796875,52457.61328125,1691289.5,339000.0,191683.59004677756,189665.87356943032,52946.045434706706,1728190.375,341000.0,186811.96353625262,186684.31064820703,52164.55398917598,1691289.5,328000.0,189894.01296127858,187357.56679170905,52262.24041986732,1723577.75,331000.0,2700590,574321,14274992,32477,208637.0
2025-03-10,186811.96875,189858.234375,52457.61328125,1665151.375,349500.0,190391.12302088877,191012.38777545592,53532.16401885475,1682064.375,352000.0,186215.4430381852,187742.28647416414,52262.24041986732,1632863.125,336000.0,186414.2849421235,189088.79877469604,52262.24041986732,1671301.625,339000.0,2441476,318730,12921670,41594,273181.0
2025-03-11,186712.5625,188127.0,52359.9296875,1642088.375,341000.0,187905.61401757188,188511.71779141104,52848.36186742071,1660538.875,344500.0,180250.2001131523,185337.79601226994,51285.378891674445,1622100.375,336000.0,181045.56779153354,187069.02607361964,51285.378891674445,1629788.125,338500.0,3521800,456616,17740891,30229,150783.0
2025-03-12,197748.28125,190627.65625,53629.85546875,1659001.25,348500.0,198195.6755514706,190627.65625,54020.60122808516,1669764.0,349500.0,188601.55330882352,187549.91407038344,52359.93175091075,1629788.125,341500.0,191285.91911764708,188319.3496152876,52555.30463057833,1637475.75,344000.0,4064278,351293,17973221,36345,189492.0
2025-03-13,198543.625,193320.6875,53434.484375,1619025.375,340500.0,203315.83030796197,193320.6875,54606.72169218464,1671301.625,354500.0,194367.9453555333,188704.07406716418,52946.0521595064,1614412.75,338500.0,201327.41142964447,191685.63690920398,54509.03524908592,1659001.25,352500.0,3883033,578677,24132151,71794,336473.0
2025-03-14,203315.84375,190916.203125,53434.484375,1615950.25,326500.0,204807.15800733495,192839.7920733627,53825.230147394876,1620562.875,340000.0,197350.58672066013,189954.40865081863,53141.425045703836,1586737.125,325000.0,197350.58672066013,192166.53594143578,53239.111488802555,1619025.375,339500.0,3397462,473953,10845154,52310,448904.0
2025-03-17,204807.15625,191397.109375,56267.38671875,1643625.875,325000.0,208286.8894872573,191397.109375,56462.75958930122,1643625.875,330500.0,202321.63250910194,187838.46965295228,54118.28514268663,1614412.75,325000.0,205801.36574635922,190820.03266331658,54215.97157796224,1632863.125,328000.0,2584679,369290,35559021,35032,255211.0
2025-03-18,201824.53125,192839.796875,56267.38671875,1666689.0,325000.0,207789.78833128078,194282.4886221945,57634.99681260851,1672839.125,332000.0,199836.1122229064,191685.6434772444,55974.32741292318,1640550.875,325000.0,207292.6835745074,191878.0023768703,57439.6239420573,1655926.25,326500.0,2696191,505699,28138594,29028,184156.0
2025-03-19,204310.046875,196206.078125,57146.56640625,1659001.25,330500.0,208286.88477037713,196206.078125,57830.37147435897,1694364.625,333000.0,199836.10424270073,191397.10562193627,56072.0155849359,1652851.125,325000.0,200830.31371654503,193320.69462316175,56072.0155849359,1677451.75,326000.0,3102000,520541,29421759,25472,251845.0
2025-03-20,208784.0,194763.375,58807.23828125,1648238.5,334500.0,209778.20952380952,197167.8611111111,58904.92472357766,1675914.125,337500.0,204310.05714285714,193801.58055555556,57146.56876167982,1635938.25,330500.0,205801.3714285714,196686.9638888889,57830.37385797342,1671301.625,334500.0,2779557,635938,34989004,28459,224094.0
2025-03-21,214252.140625,197167.859375,60272.53515625,1683601.875,329000.0,218228.97850203016,197167.859375,60272.53515625,1683601.875,335000.0,210772.40748259862,193320.68163109757,59002.61140093193,1629788.125,324000.0,212263.72168648493,193801.57884908537,59491.0436145158,1629788.125,334000.0,5731880,552626,40155612,58133,302913.0
2025-03-24,210275.3125,204862.21875,59100.29296875,1657463.75,331500.0,213257.94104609927,207747.60211267608,60174.84375,1674376.625,335000.0,208286.89346926712,195725.17143485916,59100.29296875,1651313.625,328500.0,210275.3125,196686.9658890845,59784.09801136363,1668226.5,331000.0,1611040,1212302,14088094,15373,148739.0
2025-03-25,206795.59375,211594.796875,58416.4921875,1651313.625,335500.0,214252.16564002403,220250.94765625,59686.41593070653,1665151.375,342500.0,206795.59375,210152.105078125,58123.432862144655,1631325.625,334000.0,213257.9560546875,219770.050390625,59491.04304713629,1655926.25,336500.0,2262656,2097056,17259455,28035,179131.0
2025-03-26,212760.828125,213518.375,59979.4765625,1648238.5,360000.0,214252.14234082945,218808.24465090092,59979.4765625,1660538.875,365000.0,207292.67600029206,212075.68327702704,58318.80701598127,1625175.5,337500.0,207789.78073890187,215441.96396396396,58416.49345989414,1655926.25,338500.0,2058540,1220193,16431645,22953,537163.0
2025-03-27,205801.359375,204381.328125,60370.21875,1628250.5,356500.0,210772.40670289856,208228.50606617646,60565.591626213594,1643625.875,365000.0,205304.25464221014,203900.43088235293,59393.354368932036,1625175.5,353000.0,206795.5688405797,206785.81433823527,59491.04080703884,1629788.125,354500.0,2287220,1027562,20389790,14641,228114.0
2025-03-28,198145.953125,197167.859375,59156.62890625,1612875.25,356000.0,203315.84251912945,201495.93433689023,60041.03033508098,1635938.25,363000.0,197748.26932545158,194763.37328506098,58960.09525539867,1600574.875,354000.0,201824.5282708229,200053.24268292682,59647.96303337832,1634400.75,360000.0,2673553,1003500,16282514,16504,188128.0
2025-03-31,189595.765625,189665.875,56798.21875,1559061.5,334500.0,194367.97157675668,193320.69409229208,58665.288224480966,1595962.25,348000.0,189396.9237103435,189281.15720081137,56798.21875,1559061.5,328500.0,192379.5524301914,192262.72014452334,58468.75459558823,1579049.375,346000.0,4561715,936571,17633494,36100,575113.0
2025-04-01,195859.265625,191012.390625,57780.890625,1626713.0,328000.0,197350.57983026648,192839.80020298337,58567.02519132653,1642088.375,337500.0,190888.21827411166,188607.90433817974,56896.48923788265,1569824.25,325500.0,192478.95342639592,191397.10843089124,57682.62380420918,1575974.375,337500.0,2317253,641043,13841706,41121,413352.0
2025-04-02,196754.078125,188800.25,57780.890625,1614412.75,329000.0,200333.23265380244,191493.27445236882,58370.4915497449,1625175.5,331000.0,196157.5523701996,188319.3527763627,57289.55652104592,1589812.125,324000.0,197648.86675720062,191204.73611818644,57780.890625,1614412.75,330000.0,2764223,615215,14402297,33754,300758.0
2025-04-03,193473.171875,186395.765625,56601.6875,1711277.5,315000.0,193473.171875,187069.02174438856,56798.22113715278,1732803.0,323000.0,187110.23097058068,181875.33168053406,55913.81976996528,1591349.75,310500.0,188502.1242934224,183702.74114744583,55913.81976996528,1591349.75,320000.0,4177747,954824,19508076,92055,388422.0
2025-04-04,181144.984375,184472.1875,55127.68359375,1643625.875,329000.0,188502.1352222832,188992.62170881126,57191.286722927805,1706664.875,331000.0,177366.98799396268,182356.23957247133,54734.61633104947,1629788.125,310500.0,186811.978946556,183991.29024374348,55225.95040942513,1688214.5,311000.0,9182017,810211,23527139,66027,363443.0
2025-04-07,163845.734375,172257.40625,52277.9453125,1549836.25,323000.0,171799.41080097086,178220.5325411781,53162.346642974626,1575974.375,331000.0,163845.734375,172065.04733738134,52179.678498002824,1542148.5,316000.0,167027.20494538834,177643.45580332217,52376.21212699718,1560599.0,318000.0,7879050,1244441,31998883,72897,398358.0
2025-04-08,168518.53125,172353.59375,52572.74609375,1543686.125,318000.0,172097.6858960177,176777.84894670759,54341.54876606308,1588274.625,333000.0,167226.05873893804,170718.54291643415,52376.212463492986,1539073.5,315000.0,171004.0553097345,174469.5418875558,54046.748320677565,1568286.625,331000.0,4965171,1082825,25532845,91346,394764.0
2025-04-09,164044.5625,171199.421875,52081.4140625,1525235.625,314000.0,169015.60984848483,173988.62593925564,53358.882709316036,1549836.25,325000.0,161757.88071969696,170526.165721559,51983.147243514155,1517548.0,314000.0,169015.60984848483,170718.52462254214,52376.21451945755,1534460.875,317000.0,8035679,689621,20576960,66433,330125.0
2025-04-10,182139.1875,179855.5625,55422.48828125,1566749.125,349500.0,188800.39140966156,185530.1497660428,55717.28875083112,1583662.0,349500.0,178957.71697598253,179374.66527406417,54046.752756538124,1534460.875,326500.0,188601.5495019105,184375.9964237968,55619.02192763741,1537536.0,335500.0,7836984,1426032,22948172,113646,777090.0
2025-04-11,179753.078125,170718.515625,54243.28515625,1606725.0,335500.0,180747.28762790377,176008.38512323945,54734.61926092618,1611337.625,341500.0,175080.29346135232,169083.4650528169,53850.217872509056,1542148.5,329000.0,176770.4496162887,174854.23177816902,54636.352439990944,1546761.125,337000.0,3223735,1647599,13930480,49174,260102.0
2025-04-14,179156.546875,172449.75,55225.94921875,1595962.25,343000.0,183332.22665788012,173411.54447852762,55717.283286532474,1611337.625,344500.0,176969.2860363485,170718.5199386503,54832.88196452402,1583662.0,336000.0,181840.91244970864,171584.13496932515,55324.216032306496,1611337.625,337500.0,3466194,536959,12852613,31086,192936.0
2025-04-15,179554.234375,179855.5625,55619.01953125,1589812.125,345000.0,181343.81146179402,181971.51029411764,56110.35362604903,1603650.0,348500.0,178659.445831603,176681.64080882355,55225.95225541078,1568286.625,340500.0,179156.5505779347,178316.69137700537,55324.21907437059,1591349.75,342500.0,1915455,1052017,8998640,43346,171756.0
2025-04-16,172992.4375,174758.0625,53751.953125,1572899.25,343000.0,176472.1704382184,179278.4966978536,55225.95549588666,1605187.5,353000.0,172495.3327945402,174373.34469592737,53555.41947554845,1566749.125,341500.0,175477.96102729885,178124.34328563567,55029.4218464351,1594424.75,350000.0,2933428,593391,14437025,27933,155592.0
2025-04-17,173986.65625,174758.0625,54145.015625,1628250.5,342500.0,174384.3400357143,177547.2665795267,54341.54925703267,1635938.25,346500.0,170805.18596428572,174565.70359796367,53555.414728902,1577511.875,334500.0,171103.44880357143,175623.67755916348,53751.948360934664,1580587.0,341500.0,2989493,522233,10867069,54033,136846.0
2025-04-18,173986.65625,180047.9375,54341.55078125,1612875.25,338000.0,174483.76098214288,181105.9114917201,54636.35123756781,1632863.125,345000.0,171799.39542857144,174277.1702724359,53948.48350615959,1608262.625,337500.0,172992.4467857143,175816.04153311966,54341.55078125,1631325.625,344000.0,1305152,664774,5848342,18594,70190.0
2025-04-21,175577.40625,180144.109375,54439.8203125,1648238.5,332500.0,178957.71871460928,181586.80112119592,55029.421254512636,1659001.25,340500.0,173489.56619832956,178412.87927956486,54145.01984149368,1609800.125,332000.0,173787.8290628539,180336.46827449277,54243.28666516246,1619025.375,337000.0,1877473,352360,5941847,26033,78331.0
2025-04-22,172793.609375,178509.046875,54046.75,1652851.125,332000.0,174483.76550812717,180528.81518554688,54538.08409090909,1666689.0,337000.0,172296.5046299626,178124.3291015625,53751.94954545455,1635938.25,329000.0,173986.66076308975,178989.94409179688,53948.483181818185,1645163.5,332000.0,2008388,392723,9532469,42018,98130.0
2025-04-23,179951.921875,182740.953125,54734.625,1639013.375,349000.0,180548.44758287293,183125.67092105263,55127.69232495512,1666689.0,349500.0,177068.7142869475,180240.2874506579,54538.09133752244,1608262.625,338500.0,178062.92380006905,181682.97918585525,55029.425493716335,1665151.375,339000.0,3857373,607448,11148692,55727,231174.0
2025-04-24,177267.546875,181682.96875,54734.625,1608262.625,341500.0,182338.01512549075,183895.09595023823,54832.891831238776,1652851.125,350000.0,176571.60025238362,179374.66210627317,54243.290843806106,1582124.5,339000.0,181741.4894489624,183798.9165067496,54636.35816876122,1646701.0,349500.0,3162156,642753,10580377,79113,167826.0
2025-04-25,183332.25,181586.8125,54734.625,1591349.75,343500.0,183829.35479934924,183702.76052701272,55422.49281867145,1614412.75,347500.0,181045.5679229935,181394.4535884534,54636.35816876122,1582124.5,340000.0,181443.25176247288,183702.76052701272,55422.49281867145,1609800.125,347500.0,3507810,528739,12183303,60864,104822.0
2025-04-28,180946.125,181779.171875,54832.88671875,1594424.75,346000.0,182835.12300824176,182837.1458912037,54931.15354082661,1606725.0,349500.0,178659.44320054946,179855.58275462964,54538.08625252016,1583662.0,343000.0,182437.43921703295,180913.55677083333,54832.88671875,1603650.0,349500.0,2455710,450993,9341518,37278,132948.0
2025-04-29,179753.078125,185433.984375,54832.88671875,1619025.375,350000.0,181840.91808109792,186588.1378047199,55520.75447328629,1622100.375,350000.0,178062.92197006362,182452.42134822355,54636.35307459677,1591349.75,343500.0,180946.1295284845,185337.80492252336,54734.61989667339,1600574.875,346500.0,1866386,594224,10295518,40720,154760.0
2025-04-30,176472.203125,183318.03125,54538.0859375,1617487.75,324500.0,178957.72711267605,185914.8763936254,55029.420045045044,1620562.875,348500.0,175676.83544894366,182933.31345094438,54341.55229448198,1600574.875,323000.0,178062.93847711268,185337.79969504196,54931.153223536036,1609800.125,347500.0,2354473,429791,13014189,35919,471209.0
2025-05-02,184922.96875,182163.875,53358.8828125,1668226.5,320500.0,185121.81065188174,183221.8489308342,54538.08464261049,1669764.0,327500.0,177366.97647849465,181009.72162090812,53260.61599332412,1602112.5,320500.0,178361.18598790324,182933.31058606124,54046.75054673112,1603650.0,325000.0,3886874,464020,22454204,48109,202479.0
2025-05-07,189695.171875,180432.640625,53653.6796875,1600574.875,322500.0,190391.11852234014,184087.45957156183,54046.746937957876,1645163.5,324500.0,184823.54534361896,179374.6667194163,53358.879249656595,1589812.125,319000.0,186613.12243677935,184087.45957156183,53555.41287488554,1645163.5,322000.0,3830097,666181,17136991,77963,217160.0
2025-05-08,189198.0625,179951.75,53653.6796875,1592887.25,327500.0,194865.056489753,181682.9800908605,54538.08100103022,1622100.375,329000.0,188303.27397530215,179951.75,53555.41287488554,1592887.25,319500.0,194865.056489753,180432.64724746125,54145.01375057235,1609800.125,322000.0,5125330,543972,16320532,44163,384939.0
2025-05-09,188999.234375,182644.765625,53850.21484375,1599037.375,318000.0,191683.6001446607,186011.04619207478,54046.74847456661,1603650.0,327500.0,185718.34287874802,182260.04784590573,53457.14758211679,1586737.125,317500.0,190888.2325092057,183895.09840705636,53751.9480283417,1602112.5,327500.0,2539822,514047,7814322,24424,252119.0
2025-05-12,193870.859375,188319.359375,56601.6875,1523698.125,321500.0,194069.70128205128,188319.359375,56601.6875,1602112.5,322000.0,192379.54507211538,184087.46365870786,54046.75021701389,1520623.0,318000.0,192478.966025641,184568.3608991956,54243.28385416667,1600574.875,320500.0,1624884,569602,15414702,94148,133817.0
2025-05-13,197350.59375,189184.984375,55913.8203125,1537536.0,312000.0,200333.22237090682,190435.31726614133,57191.288966388405,1557523.875,323500.0,196157.5423016373,187646.11312436452,55815.553492970124,1529848.25,310500.0,199339.01283060454,189858.24054715302,56699.95486873902,1535998.375,323500.0,3385009,462830,16842801,60010,286158.0
2025-05-14,204807.15625,189569.703125,56405.15234375,1545223.625,313500.0,205801.36574635922,190723.8565686834,56896.48642339939,1559061.5,315000.0,202818.73725728155,186876.67842307204,56012.08508003049,1520623.0,306000.0,205801.36574635922,189665.88257864027,56503.41915967988,1531385.75,313000.0,3333511,557318,12468089,44175,223695.0
2025-05-15,199339.0,185530.15625,56306.890625,1534460.875,307000.0,206795.5710723192,189377.33419193883,57584.35934773124,1546761.125,321000.0,198344.79052369078,184856.9001101607,56110.35697534904,1529848.25,306500.0,206298.4663341646,187742.28356661485,56405.15744982548,1531385.75,313500.0,3178957,469355,13139736,24790,316371.0
2025-05-16,203315.84375,186395.765625,55815.5546875,1540611.0,290500.0,205552.81513600243,187261.38063564242,56503.42243893046,1548298.75,307000.0,202321.63424511,185626.33005998452,55717.287865867074,1532923.375,290000.0,204807.15800733495,185914.86839686532,56405.15561729753,1537536.0,305000.0,2419507,311743,10385352,20424,583328.0
2025-05-19,198245.375,183702.75,54832.88671875,1580587.0,291500.0,201824.52921263792,185626.3390052356,55422.487651209674,1602112.5,297000.0,196356.37694333,182740.9554973822,54538.08625252016,1540611.0,290500.0,201824.52921263792,185626.3390052356,55422.487651209674,1540611.0,291500.0,2482673,378893,9802105,50776,158255.0
2025-05-20,200830.328125,182260.046875,54931.1484375,1579049.375,279500.0,206795.5853960396,186684.30131101582,55717.282941077814,1594424.75,293000.0,200333.22335241336,182260.046875,54734.61481160554,1569824.25,278000.0,201327.43289758664,185433.96853562005,55225.94887634168,1588274.625,292000.0,2820546,422756,9080577,36217,445299.0
2025-05-21,199339.0,180817.359375,54734.625,1691289.5,277500.0,203812.94264339152,183077.57636718752,55619.02648114901,1720502.75,285000.0,198742.47431421446,180240.28269614364,54734.625,1586737.125,277500.0,203315.83790523693,182260.05107214098,55225.959156193894,1588274.625,278500.0,1721760,558502,7794181,139250,179424.0
2025-05-22,195759.859375,175431.328125,53751.953125,1660538.875,274500.0,200333.22328117065,179855.58311060854,54538.087722806216,1829667.75,284000.0,195362.17555707213,174950.43084395558,53555.41947554845,1649776.125,268000.0,198742.48800945914,179855.58311060854,54341.554073354666,1785079.25,277000.0,1988587,982354,15254278,154990,331567.0
2025-05-23,198841.90625,173026.828125,53260.6171875,1562136.5,268000.0,200333.220546875,175527.49378995277,54243.28540129151,1666689.0,277000.0,197549.433859375,172449.75143308783,53162.35036612085,1562136.5,266000.0,198742.485296875,175431.31434130072,54046.75175853321,1660538.875,276500.0,1538701,829741,11247115,70624,213740.0
2025-05-26,201824.53125,174950.40625,53751.953125,1603650.0,278000.0,202321.6360067734,176008.3801195712,54046.75359917733,1603650.0,280000.0,195759.85321736452,172834.45851085763,52769.28487774223,1557523.875,268500.0,198841.9027093596,173219.1762816108,52965.818527193784,1583662.0,268500.0,1459997,623947,10901337,62281,205921.0
2025-05-27,201327.4375,174950.40625,52965.81640625,1577511.875,272500.0,202321.64706790124,174950.40625,53555.4173309949,1602112.5,276500.0,198841.9135802469,173411.53516698736,52867.54958545918,1572899.25,268500.0,199339.01836419755,173796.25293774053,53260.61686862245,1588274.625,275500.0,1424916,502985,13439520,41111,149335.0
2025-05-28,206795.59375,178797.59375,54931.1484375,1580587.0,289000.0,208286.9081280048,179182.31154182355,55127.68206339445,1595962.25,290000.0,204807.17457932694,175431.31307154385,53260.612617397135,1572899.25,272500.0,205304.2793719952,175431.31307154385,53358.879430344365,1580587.0,276500.0,3161188,611926,17516283,25834,395192.0
2025-05-29,211153.109375,186206.890625,55127.68359375,1577511.875,288000.0,213643.12245725238,188156.70099803666,55422.4840407754,1594424.75,291000.0,206671.08582694575,181624.83624836386,54636.34951537433,1560599.0,283000.0,213643.12245725238,184842.02336387435,55225.95040942513,1589812.125,289000.0,3827689,1093538,12936810,58473,189663.0
2025-05-30,203683.0625,180649.921875,55225.94921875,1586737.125,286000.0,209161.09107579463,182794.7131762682,56208.61735431494,1612875.25,290000.0,202189.05470660146,180649.921875,54832.88196452402,1566749.125,283500.0,209161.09107579463,182697.2226625742,55225.94921875,1571361.75,286000.0,4826628,781444,26219683,75542,224384.0
2025-06-02,206671.0625,179382.546875,55815.5546875,1585199.5,284500.0,207667.06762048192,180844.9045940897,56306.88879566461,1603650.0,291500.0,202189.03945783133,178505.1322435462,55225.95375770246,1572899.25,281500.0,204181.04969879516,179967.48996263588,55324.220579335386,1572899.25,290500.0,1775752,538182,12870515,30596,174819.0
2025-06-04,216631.125,181332.34375,56798.21875,1589812.125,288500.0,222109.15344827584,181819.79628696234,56896.48556444637,1599037.375,293000.0,215635.1198275862,179480.024109543,55815.55060553633,1575974.375,286000.0,217129.1275862069,180454.92918346773,56208.6178633218,1585199.5,288000.0,5108674,577325,19649983,51654,214348.0
2025-06-05,223603.15625,184842.015625,58075.6875,1566749.125,291000.0,229081.18457683743,188156.69312038503,58861.82201776649,1599037.375,295000.0,221113.14337416482,181332.35710047468,56896.48572335025,1560599.0,284500.0,224599.1614003341,181332.35710047468,57093.019352791875,1579049.375,287500.0,5768506,797915,23266027,59101,207656.0
2025-06-09,228085.171875,192836.234375,58763.55859375,1588274.625,285000.0,232567.19490311135,193421.1774519717,59353.15951609532,1592887.25,291500.0,227089.1667576419,187474.2561694262,58468.75813257734,1562136.5,280500.0,232069.19234443232,188059.19924639788,59353.15951609532,1572899.25,291500.0,3666084,1665140,19609659,50657,297462.0
2025-06-10,229579.1875,192056.296875,58173.95703125,1599037.375,288500.0,231571.19780368762,196443.36964625632,59058.35840503589,1600574.875,292000.0,226591.17204446855,190886.41080266496,57780.88975401183,1572899.25,285000.0,230077.1900759219,195955.91711611673,58960.09158572635,1589812.125,286500.0,3718655,998951,15305760,48482,213404.0
2025-06-11,239041.25,195955.9375,58861.82421875,1603650.0,292500.0,240037.2552083333,196443.39008084577,59058.35785554049,1611337.625,296000.0,234061.2239583333,194006.12717661692,58370.49012677379,1586737.125,289000.0,235057.22916666666,194103.61769278607,58468.756945169036,1595962.25,291000.0,4230421,649618,13610734,40848,278005.0
2025-06-12,234559.21875,196443.390625,58468.7578125,1582124.5,304000.0,245515.2756767516,199368.1061181762,58960.091911764706,1602112.5,304000.0,234061.2161624204,195468.48546060795,58272.22417279412,1575974.375,291000.0,241531.25497611467,196443.390625,58665.291452205885,1595962.25,292500.0,4994238,885521,17755115,62955,555229.0
2025-06-13,234559.21875,194006.125,57289.5546875,1566749.125,296000.0,242029.25756369426,194786.049120603,59156.62422277015,1591349.75,300000.0,232816.20969347135,191861.33366834171,56699.95378162521,1549836.25,290000.0,239539.2446257962,194396.0870603015,59156.62422277015,1583662.0,300000.0,4100610,933606,20705979,61962,325863.0
2025-06-16,247009.28125,196443.390625,56208.62109375,1560599.0,293000.0,247507.28383316533,196930.84320719604,57093.02247459572,1569824.25,293500.0,237049.22958669355,191276.39325372208,55913.820633468094,1551373.75,288000.0,237049.22958669355,193323.69409894542,56994.75565450175,1566749.125,292000.0,3760740,500547,22200872,31923,192457.0
2025-06-17,248005.28125,199855.546875,57093.0234375,1552911.25,294000.0,258961.33785140564,202780.26219512196,58763.55940727195,1574436.75,301500.0,247009.2761044177,195468.47389481709,56405.15568524096,1546761.125,292000.0,251989.3018323293,197418.28410823172,56798.22297224613,1566749.125,298000.0,5044669,950447,28637003,47002,243494.0
2025-06-18,245515.265625,200830.453125,58763.55859375,1543686.125,292000.0,250993.29386409736,201805.3582372573,58763.55859375,1549836.25,296500.0,244021.257923428,195468.47500758496,56896.48900632316,1531385.75,290500.0,244519.26049061868,197418.28523209953,56994.75582671405,1542148.5,291500.0,4081001,575644,17620705,42957,193404.0
2025-06-19,245017.265625,201805.359375,58173.95703125,1535998.375,291000.0,249001.28620426828,206192.4324048913,59549.69250158362,1546761.125,294000.0,241033.2450457317,200343.00169836957,57977.42339263091,1531385.75,289000.0,246013.27076981706,204242.62216938406,59451.42568227407,1546761.125,293500.0,2317796,538891,16876278,29592,146199.0
2025-06-20,255973.3125,204730.078125,58468.7578125,1562136.5,305000.0,255973.3125,205217.5306919643,58763.55827205883,1569824.25,306000.0,246511.26398346302,200343.00502232145,58075.69053308824,1537536.0,289500.0,248005.27164396885,202780.26785714287,58370.49099264706,1543686.125,291000.0,3597877,662635,18072251,80777,498474.0
2025-06-23,258463.34375,196443.390625,56994.75390625,1525235.625,294000.0,261949.36187379577,200830.46386476426,57486.0879916487,1542148.5,300000.0,247507.28678949905,195468.48546060795,56601.68663793103,1522160.625,291000.0,251491.30750240848,200343.01128256824,57387.82117456896,1542148.5,298500.0,3398736,935001,16551694,45934,193331.0
2025-06-24,277387.4375,200830.453125,59451.42578125,1543686.125,300500.0,281869.4607271095,202780.26334951457,59549.692600723145,1546761.125,306000.0,268423.39104578097,197905.73778822817,58272.22394757232,1534460.875,298000.0,268921.39362657093,201317.90568112864,58370.490767045456,1543686.125,299500.0,5436312,718116,23737899,46513,275626.0
2025-06-25,284857.46875,211554.40625,60237.5625,1543686.125,298000.0,290335.4969951923,215941.47919066818,60532.36296900489,1552911.25,301500.0,282865.458479021,200830.45017281105,59254.894269983684,1523698.125,295000.0,287845.48415646853,201317.90272177418,60434.09614600326,1537536.0,301500.0,5466598,1789517,23933612,37421,185031.0
2025-06-26,291829.5,204242.625,59156.62890625,1535998.375,297000.0,297307.5281569966,209604.60322195705,60237.563985932306,1552911.25,300500.0,285853.46928327647,202780.26730310262,58861.82842997301,1525235.625,294500.0,293323.5076791809,209117.15065632458,60237.563985932306,1548298.75,299000.0,5894020,814616,19402300,36088,162439.0
2025-06-27,282865.46875,199855.546875,60112.6953125,1531385.75,288000.0,293323.52305237675,205704.97751524393,60903.65182976973,1545223.625,297500.0,279877.4532350352,197905.73666158537,59321.73879523026,1526773.25,287000.0,286849.4894366197,205704.97751524393,59420.608359888975,1543686.125,297500.0,5134863,764378,17340470,24751,219699.0
2025-06-30,290833.5,198393.203125,59124.0,1525235.625,297000.0,293323.5128424657,201805.37123771498,60508.17391304348,1539073.5,297500.0,284857.4691780822,198393.203125,59124.0,1525235.625,290000.0,287347.48202054796,199368.10830006143,60508.17391304348,1539073.5,290000.0,4375298,492507,17110294,28974,209821.0
2025-07-01,284359.5,204730.078125,59519.4765625,1542148.5,297500.0,293323.5472854641,209117.15122767858,60409.30262406561,1542148.5,300000.0,284359.5,198393.1947544643,59519.4765625,1528310.75,292500.0,289837.52889667253,198880.64732142858,59717.21568729236,1528310.75,296500.0,3687981,1059697,13650991,36267,226370.0
2025-07-02,277885.4375,208142.234375,60112.6953125,1551373.75,302500.0,282367.4606854839,212529.30723067914,60211.564877158715,1575974.375,303000.0,273403.4143145161,204730.06659836066,59123.99966591283,1528310.75,291500.0,282367.4606854839,209604.5919935597,59519.4779245477,1535998.375,295500.0,4702056,1058819,15047951,48273,292735.0
2025-07-03,277387.4375,209117.15625,63078.78125,1605187.5,318500.0,282865.4658886894,211554.41914335664,63078.78125,1619025.375,325000.0,275893.42975763016,206192.44077797202,60409.30304663009,1540611.0,303000.0,279877.4504039497,209604.60882867133,60607.04217280564,1560599.0,304500.0,3642140,562758,32040639,81791,640510.0
2025-07-04,269419.40625,205217.53125,62584.43359375,1595962.25,310500.0,280375.4634357671,211066.96206947745,63968.6074804996,1623638.0,314500.0,267925.39845194086,204730.0786817102,62287.82490373223,1583662.0,307000.0,278383.4530383549,209117.1517963183,63968.6074804996,1619025.375,313000.0,3654933,415693,23748959,52500,237717.0
2025-07-07,269917.40625,203267.71875,61002.51953125,1582124.5,315000.0,270913.4114391144,205217.52900179857,62584.432517473666,1599037.375,331000.0,263443.37252075644,201805.36106115108,61002.51953125,1574436.75,306500.0,264937.38030442805,204730.07643884892,62188.95427091775,1597499.875,327500.0,2523564,398058,17164708,29429,610772.0
2025-07-08,280873.46875,205705.0,60705.9140625,1557523.875,307000.0,283861.484375,206192.45260663508,61694.60973127036,1591349.75,318500.0,267427.3984375,200343.02132701423,60310.435794991856,1548298.75,305000.0,269917.4114583333,201805.37914691944,60903.65319625407,1583662.0,314000.0,3119395,499225,20213724,45464,325080.0
2025-07-09,279877.46875,204242.625,59717.21484375,1565211.625,305000.0,282865.48443060496,204242.625,60705.91045374586,1575974.375,316000.0,276391.4504559609,200343.00447494033,59519.47572175083,1549836.25,302000.0,281371.4765903025,203267.7198687351,60705.91045374586,1563674.0,310000.0,2626484,524731,17533415,32754,246419.0
2025-07-10,295813.53125,202780.25,60310.43359375,1660538.875,318000.0,295813.53125,206192.41766826925,60508.172720286886,1671301.625,318000.0,282367.46164772724,200342.98737980772,59717.21621413935,1565211.625,307000.0,282865.46422558924,204730.06009615384,59914.955340676235,1566749.125,309500.0,4556065,719453,14768473,134478,583717.0
2025-07-11,293323.5,202780.25,61892.34765625,1625175.5,321500.0,305275.5611205433,206192.41766826925,62090.08678614217,1666689.0,326000.0,290833.48726655345,202292.79747596156,60508.173747004796,1625175.5,315000.0,298303.52546689304,203755.15504807694,60607.04331195088,1640550.875,316000.0,3732533,592335,19140650,210949,390914.0
2025-07-14,298801.53125,211554.40625,61793.4765625,1602112.5,315000.0,301291.54401041666,212529.31134792627,61892.346125,1628250.5,321000.0,291331.49296875,202780.26036866358,61101.389624999996,1594424.75,313500.0,291331.49296875,203267.71291762672,61595.7374375,1620562.875,321000.0,2936976,1241993,13563846,36288,191507.0
2025-07-15,297307.53125,205705.0,62979.9140625,1585199.5,316500.0,297307.53125,212041.88388625594,63078.78362931711,1614412.75,319000.0,288841.4876465662,204242.6421800948,61299.13142660911,1572899.25,314500.0,294817.5184254606,211554.43127962085,61595.740127060446,1599037.375,317000.0,4196196,1111748,18442202,49955,137843.0
2025-07-16,294817.53125,202292.8125,63968.609375,1588274.625,311000.0,298303.5493559966,205704.98042168675,63968.609375,1592887.25,315500.0,291331.51314400334,202292.8125,62386.69631472179,1572899.25,310500.0,297307.5441828547,205704.98042168675,62979.91371232612,1580587.0,315000.0,3123297,492782,23042660,31196,155707.0
2025-07-17,268423.375,204730.078125,65946.0078125,1645163.5,317000.0,288343.47704081633,206679.88839285716,66044.87738943029,1666689.0,318500.0,266929.3673469388,200343.00502232145,63672.00754310344,1594424.75,310500.0,282367.4464285714,203267.72042410716,65155.05119705772,1611337.625,314500.0,9328322,611349,39448683,69142,146499.0
2025-07-18,267925.375,205217.53125,66341.4765625,1615950.25,322500.0,273901.405669145,207167.34152315915,67033.56350130403,1660538.875,323000.0,265933.36477695167,203267.72097684085,65550.5200610097,1588274.625,317000.0,268921.3801115242,204730.0786817102,66242.60699981371,1660538.875,317000.0,5359504,317353,23951531,49450,281309.0
2025-07-21,271411.40625,203755.171875,67033.5625,1597499.875,331000.0,273403.41657110094,205217.52956788277,68022.2581120944,1625175.5,333000.0,265435.37528669724,202780.26674641148,66440.34513274336,1591349.75,320000.0,266431.3804472477,204242.62443929425,66638.08425516225,1620562.875,324500.0,2424891,460835,17723148,37506,329882.0
2025-07-22,267427.375,201317.90625,65253.9140625,1602112.5,333500.0,272407.4006052142,204242.62159503633,67725.65323153409,1615950.25,341500.0,265933.36731843575,199368.09601997578,64858.43579545455,1592887.25,330000.0,271909.39804469276,203755.16903753026,67330.17496448863,1597499.875,333000.0,3139858,441603,20829006,30784,298394.0
2025-07-23,267925.375,216428.953125,65649.390625,1635938.25,336500.0,269917.38522304833,217403.85831925675,65748.26018919428,1657463.75,339500.0,263443.35199814127,207654.80637668917,64166.34716208584,1608262.625,330000.0,266431.36733271374,207654.80637668917,65451.65149661144,1626713.0,337500.0,3116279,2832242,15687058,69750,177219.0
2025-07-24,268423.375,212041.859375,65253.9140625,1672839.125,368000.0,277885.42346938775,219841.1001795977,66044.8705965909,1737415.625,370000.0,267925.3724489796,209117.14407327588,65155.044495738635,1657463.75,340000.0,275893.41326530615,215454.0272270115,65748.26189630682,1660538.875,340500.0,3667144,1417925,12660193,120154,1038021.0
2025-07-25,264937.34375,211066.96875,65155.046875,1639013.375,363500.0,273901.3892152256,215454.0420034642,65550.5251564871,1674376.625,366500.0,264439.34122415417,208629.70583140876,64759.5685935129,1632863.125,356500.0,271909.37911184214,209604.61099884525,64957.30773425645,1674376.625,363500.0,2171063,665815,8080910,37711,379275.0
2025-07-28,260953.359375,213016.765625,69604.171875,1640550.875,380500.0,264439.37753458973,216916.38604834097,69604.171875,1659001.25,384000.0,257467.3412154103,210579.50286041189,66440.34588068182,1620562.875,369500.0,259957.3541865458,215941.48094250573,67429.04150390625,1657463.75,369500.0,2877357,692799,35332500,40412,716214.0
2025-07-29,261451.359375,212529.3125,69801.90625,1672839.125,392000.0,263941.37232142856,213016.7650516055,69999.6453611898,1683601.875,394500.0,253483.31794642858,208629.69208715597,68022.25424929179,1645163.5,370000.0,253483.31794642858,212041.8599483945,69999.6453611898,1645163.5,373000.0,2944177,646415,28190940,41676,623554.0
2025-07-30,262447.40625,217403.84375,71779.3046875,1688214.5,393000.0,264937.41959203035,222278.36939461884,72866.86991003787,1703589.875,397000.0,259459.39023956357,210092.05528307174,69801.91337379477,1657463.75,382500.0,261949.4035815939,210092.05528307174,70197.39163653582,1657463.75,390500.0,2482807,1239327,34761444,59564,676449.0
2025-07-31,272407.40625,207654.796875,70592.8671875,1640550.875,382500.0,272905.40882084094,227152.89986795775,73163.47579656863,1694364.625,403000.0,264439.36511654477,206679.89172535212,70197.38893995098,1629788.125,377000.0,269917.39339579525,227152.89986795775,72174.78017769607,1683601.875,400500.0,3472644,2956498,26568072,45439,694580.0
2025-08-01,256969.328125,204730.078125,68121.125,1589812.125,373000.0,265933.3744549419,210092.05636160716,71186.08127721335,1645163.5,385000.0,255973.3229772287,204730.078125,68022.25544267053,1582124.5,371500.0,264937.36930717056,205704.98325892858,69406.42924528301,1625175.5,382500.0,3227394,1083280,24038534,52794,339780.0
2025-08-04,256969.328125,205705.0,68912.0859375,1611337.625,375500.0,258961.33842054266,207167.3578199052,69406.43375627689,1619025.375,381000.0,252985.30753391475,201805.37914691944,67923.3902999462,1582124.5,369000.0,253483.3101078004,204730.09478672987,68714.34680998923,1600574.875,379000.0,2281558,651682,14780072,31782,299735.0
2025-08-05,262447.40625,205217.53125,69109.8203125,1615950.25,386500.0,263443.4115868121,209604.60436460807,70691.73322380186,1642088.375,393500.0,259459.39023956357,204242.62611342044,68912.08119858727,1612875.25,380000.0,262945.40891840606,207654.79409144894,70197.38543902003,1631325.625,380500.0,2118171,480510,14392903,26927,457186.0
2025-08-06,257467.34375,205217.53125,68022.2578125,1585199.5,384000.0,259459.3541465184,206192.43638657956,68615.47517714389,1599037.375,391000.0,256471.33855174083,203267.72097684085,67527.91000863009,1580587.0,379500.0,259459.3541465184,203755.17354513064,68417.73605559593,1597499.875,382500.0,1374559,385330,12542415,28266,308979.0
2025-08-07,260953.359375,207167.34375,69703.0390625,1582124.5,386500.0,261949.3645634542,209604.60661764708,70197.3868572695,1592887.25,390000.0,249001.29711354963,205704.98602941178,68912.0825908688,1566749.125,380500.0,256969.3386211832,208142.24889705883,69999.6477393617,1591349.75,387000.0,2724438,421547,15008213,25092,208461.0
2025-08-08,255475.328125,207167.34375,70988.3515625,1571361.75,378500.0,264937.37731481483,208629.70147058825,71581.56898502786,1583662.0,385500.0,254479.32294712475,206192.4386029412,69900.7862878656,1566749.125,374000.0,260953.35660331385,207167.34375,70197.39499912952,1583662.0,385000.0,2676174,440664,22241128,31303,268294.0
2025-08-11,265933.375,207167.34375,70197.390625,1586737.125,389000.0,266431.3775749064,208142.24889705883,71284.9558318662,1605187.5,390000.0,258961.33895131087,206192.4386029412,69999.65149647888,1575974.375,380000.0,259459.34152621723,207654.79632352942,71186.08626760563,1580587.0,382500.0,2415473,298656,11354253,23335,317685.0
2025-08-12,267925.375,207654.796875,70296.2578125,1569824.25,388500.0,274897.41078066913,210579.51232394367,71581.56210443038,1599037.375,394500.0,266431.36733271374,206192.43915052817,70296.2578125,1568286.625,382500.0,266929.36988847586,206679.89172535212,70296.2578125,1580587.0,384500.0,3008648,347183,15797656,26812,199075.0
2025-08-13,276889.4375,210579.5,71087.2109375,1599037.375,389500.0,277885.4426708633,210579.5,71284.95004998261,1599037.375,392500.0,272905.41681654676,208629.68981481483,70592.86315629346,1577511.875,383000.0,276889.4375,210092.0474537037,71087.2109375,1583662.0,392500.0,3472694,377571,12305742,23023,161247.0
2025-08-14,275395.40625,212041.859375,70790.609375,1588274.625,394000.0,276391.4113358951,213504.21702586208,71087.2180734986,1614412.75,399500.0,269419.3757346293,210579.50172413795,70395.13111033519,1585199.5,391000.0,276391.4113358951,210579.50172413795,71087.2180734986,1614412.75,391000.0,2101050,546695,11946122,27613,316057.0
2025-08-18,266431.375,211066.96875,69208.6875,1580587.0,383000.0,270913.39813084115,212529.32650115472,70395.12214285714,1614412.75,393000.0,265933.37242990657,209604.61099884525,69208.6875,1577511.875,382500.0,270913.39813084115,212041.8739174365,70296.25258928571,1597499.875,392000.0,1993220,405813,13595591,26275,187924.0
2025-08-19,261949.359375,213504.21875,69208.6875,1574436.75,384000.0,268921.39555608365,213504.21875,69900.774375,1594424.75,386500.0,260455.35162191067,209604.59831621003,68912.0788392857,1569824.25,378000.0,267427.3878029943,211066.95597888128,69604.16571428571,1589812.125,384000.0,1709646,442222,10533082,22071,108072.0
2025-08-20,254479.328125,214966.59375,69703.0390625,1566749.125,377500.0,255973.33592221135,216428.95153061225,69900.7781804078,1583662.0,383500.0,249997.30473336595,212041.87818877553,68615.47391400709,1554448.875,375000.0,253483.32292685908,213016.78337585035,69307.56082668439,1583662.0,378500.0,3571545,784564,17445516,26668,149517.0
2025-08-21,244021.265625,215941.484375,69801.90625,1563674.0,372500.0,249997.29661989794,218866.1997389955,71087.21047273371,1580587.0,382000.0,244021.265625,214966.57925366817,69801.90625,1562136.5,371000.0,245515.27337372449,215454.0318143341,70691.7322503541,1575974.375,379000.0,6301130,601284,18843833,19234,166077.0
2025-08-22,249997.3125,214479.125,70592.8671875,1583662.0,367500.0,251491.3203436255,217891.29289772728,70988.34543504902,1597499.875,376000.0,244519.28374003983,213991.67244318183,69999.64981617646,1566749.125,365000.0,244519.28374003983,216428.93522727274,70889.47587316176,1574436.75,373000.0,3064062,401067,9277432,29587,168692.0
2025-08-25,258463.34375,216428.953125,70691.7421875,1583662.0,380000.0,260455.35410645473,216428.953125,70988.35089597902,1600574.875,380000.0,252985.31526974952,212041.8797508446,70197.39434003497,1575974.375,371000.0,254977.32562620426,215941.5005278716,70889.48132648601,1594424.75,373000.0,3183709,419600,10345178,27323,131387.0
2025-08-26,260455.359375,213016.765625,69505.3046875,1566749.125,381000.0,261451.36457337477,216428.93349542335,70296.26121310456,1592887.25,386000.0,255973.33598231358,212041.86051916477,69505.3046875,1566749.125,377500.0,258463.34897825046,214966.57583667047,69999.65251600285,1574436.75,377500.0,2050625,806670,14712519,51364,167140.0
2025-08-27,258961.34375,214479.125,69801.90625,1568286.625,373500.0,259957.34891826924,215454.03011363637,70098.5149167847,1580587.0,382500.0,254977.3230769231,213016.76732954546,69010.94980524079,1563674.0,372000.0,257965.3385817308,213504.21988636366,69307.5584720255,1566749.125,382500.0,2801594,337163,10523405,23996,146277.0
2025-08-28,267813.65625,218916.625,68813.21875,1555986.375,364000.0,267813.65625,221874.95777027027,69604.17528735632,1575974.375,377000.0,252353.2775837989,214972.1813063063,68813.21875,1555986.375,363000.0,253350.72136871508,215465.23676801802,69307.5665858477,1568286.625,374500.0,3836024,734689,11578024,33666,166059.0
2025-08-29,268312.375,216944.40625,68912.0859375,1539073.5,352000.0,269309.8187732342,221381.90546875,69703.04244754303,1565211.625,367000.0,265320.0436802974,215465.23984375,68912.0859375,1537536.0,351500.0,267314.9312267658,219902.7390625,69307.56419252152,1557523.875,367000.0,1892127,606655,11682267,52214,285675.0
2025-09-01,255345.609375,217437.453125,66835.828125,1531385.75,349000.0,260332.82830810547,219902.7303713152,67824.52380732248,1546761.125,353500.0,254348.1655883789,215958.2867772109,66736.95855676774,1529848.25,345000.0,258836.66262817383,217437.453125,67626.78467085799,1540611.0,352000.0,1837054,504672,12002343,39242,122899.0
2025-09-02,259834.109375,216944.40625,68318.8671875,1532923.375,350000.0,260831.55317298463,217930.5171875,68714.34543460564,1548298.75,351500.0,255345.6122840691,213986.0734375,67033.56288440665,1526773.25,345000.0,255345.6122840691,217930.5171875,67033.56288440665,1543686.125,349500.0,1584710,365383,10604028,32514,144808.0
2025-09-03,261829.0,218423.5625,69010.953125,1555986.375,348500.0,264821.33142857143,220395.7842832957,69010.953125,1560599.0,359500.0,257091.1419047619,215465.22982505642,68022.25752148997,1529848.25,347000.0,258836.66857142857,215465.22982505642,68417.73576289398,1529848.25,353500.0,2437896,459718,10283009,30374,222771.0
2025-09-04,264821.34375,218423.5625,69307.5703125,1563674.0,351000.0,270307.2849576271,218423.5625,69307.5703125,1563674.0,365500.0,263823.8998940678,216451.3407167043,68516.61373261413,1546761.125,350000.0,266317.5095338983,217930.50705417607,68714.3528775856,1546761.125,365500.0,2189959,249504,12284414,33944,381451.0
2025-09-05,272800.875,216944.40625,68714.3515625,1583662.0,343000.0,274297.04067641683,219409.68359375,69604.17769784173,1585199.5,351000.0,271304.70932358317,216451.35078125,68714.3515625,1560599.0,342000.0,272302.15310786106,218916.628125,69505.30812724821,1560599.0,350500.0,3103427,245652,11526724,34131,199629.0
2025-09-08,276291.9375,215465.234375,69307.5703125,1585199.5,343500.0,278286.8251353791,215465.234375,69703.04860244294,1597499.875,345500.0,273299.6060469314,212506.90163758583,68813.22245007133,1577511.875,336500.0,277788.1032265343,214972.17891876432,69010.9615950428,1586737.125,337000.0,2018299,382254,9263135,21287,185815.0
2025-09-09,287263.84375,215958.296875,70691.7421875,1600574.875,347000.0,287762.5657009549,217437.46329195204,70691.7421875,1634400.75,349000.0,276291.96082899306,215465.24140268264,69208.6986451049,1583662.0,341500.0,277289.40473090275,216451.35234731736,69307.56821459791,1619025.375,344500.0,4158342,407652,14870245,48703,169345.0
2025-09-10,303222.9375,217437.453125,71779.3046875,1589812.125,340500.0,304220.3813733553,218916.6194727891,71977.04381887052,1603650.0,347500.0,292251.05489309214,215958.2867772109,70790.60903064738,1585199.5,339500.0,293747.220703125,216451.34222647393,70988.34816201791,1600574.875,347500.0,5265553,427432,21928565,35699,246196.0
2025-09-11,306215.25,219902.734375,72570.2578125,1592887.25,350000.0,314194.80048859934,219902.734375,72767.9969346049,1615950.25,353000.0,304719.08428338764,215958.29070908073,71284.95351881812,1585199.5,344000.0,309207.5814332247,218423.56800028027,72372.5186903951,1595962.25,347500.0,5148088,569436,20793501,67957,381294.0
2025-09-12,327660.3125,220395.796875,74547.6484375,1595962.25,355500.0,328657.7563736682,220888.8523489933,74745.38755802387,1597499.875,356500.0,318184.5957001522,217437.46403104026,73361.21371435677,1577511.875,350500.0,321176.9273211568,219409.68592701343,73756.69195540452,1594424.75,354500.0,4242516,666184,28219678,51073,292617.0
2025-09-15,330153.90625,212013.84375,75635.2109375,1599037.375,355500.0,340627.06641805137,218423.56460755813,76722.7760620915,1602112.5,359000.0,324169.2432968278,212013.84375,75041.99359681373,1579049.375,352500.0,338632.178766994,218423.56460755813,76327.29783496732,1586737.125,356000.0,4221256,1712249,19908805,41809,211120.0
2025-09-16,347110.4375,212013.84375,78502.4375,1592887.25,349500.0,353095.1002155172,213493.01010174418,78601.3070686398,1599037.375,359000.0,330652.6150323276,212013.84375,75832.95914672544,1586737.125,346500.0,330652.6150323276,212999.95465116279,76030.69828400503,1589812.125,357000.0,5841135,492855,28218265,32052,293554.0
2025-09-17,332647.5,212999.953125,77315.9921875,1568286.625,350000.0,341624.4940029985,213493.0085720486,78205.81818454283,1589812.125,356000.0,332647.5,212013.84223090278,76228.4270800032,1566749.125,348000.0,340128.3283358321,212999.953125,78205.81818454283,1582124.5,351000.0,4498866,412548,20856317,46871,184541.0
2025-09-18,354591.25,213493.015625,79392.2578125,1569824.25,350500.0,356087.41561181436,215465.23747834875,79589.99693532067,1583662.0,354500.0,335639.8189170183,212013.84923498848,77711.47526852429,1565211.625,347000.0,337634.70639943745,213493.015625,78205.82307557596,1572899.25,351500.0,4526286,652885,25619035,33344,173795.0
2025-09-22,350102.75,214972.1875,82556.0859375,1577511.875,349000.0,358082.29985754983,215958.29845183488,83050.43375748502,1585199.5,355000.0,344367.44853988604,211520.799168578,80183.21640157186,1563674.0,348000.0,348107.86253561254,212013.8546444954,80578.69465755987,1577511.875,350000.0,4377563,499195,27529656,33487,137479.0
2025-09-23,360077.21875,215958.296875,83742.5234375,1592887.25,357000.0,362072.10638850415,216944.4078196347,84928.9582441706,1609800.125,357000.0,352097.6681959834,214479.13045804793,82654.95819805196,1569824.25,347000.0,354591.2777441136,214479.13045804793,84830.08867694806,1569824.25,348500.0,3315336,473760,23610263,53941,177389.0
2025-09-24,356586.15625,214479.125,84434.609375,1608262.625,348000.0,363069.5409090909,216451.34683908045,84533.47894101287,1608262.625,361500.0,347609.1621066433,213493.01408045978,82753.82675278102,1589812.125,346500.0,358082.3219405594,214972.1804597701,83248.17458284543,1597499.875,358500.0,4165199,383310,18300997,46385,185199.0
2025-09-25,355588.71875,213986.078125,85126.6953125,1571361.75,361500.0,358082.3282784011,214479.13360455068,85225.56487732287,1608262.625,363000.0,348606.61207047687,212506.9116863479,83149.3040160424,1569824.25,345500.0,351100.221598878,213986.078125,83445.91271051104,1606725.0,349500.0,2148215,509882,19665151,50997,297003.0
2025-09-26,335639.84375,211520.796875,82358.34375,1537536.0,349000.0,348107.89143759286,212506.9078161422,84335.7349564826,1560599.0,356000.0,332148.790397474,210041.6304632867,81468.51770708284,1509860.25,349000.0,346611.72571508173,212013.8523455711,84039.1262755102,1552911.25,356000.0,3685324,448652,24071193,61745,122326.0
2025-09-29,348107.875,212013.84375,83619.59375,1542148.5,351500.0,350102.76253581664,213493.01010174418,84414.0792013064,1552911.25,353500.0,338133.4373209169,211027.7328488372,82626.48693586698,1535998.375,349000.0,338632.15920487104,212506.8992005814,82725.79761728029,1543686.125,350500.0,2275986,339105,13069094,38989,134044.0
2025-09-30,346611.71875,212013.84375,83321.6640625,1532923.375,347500.0,355588.7129046763,212999.95465116279,84314.77090472289,1543686.125,355000.0,346611.71875,211027.7328488372,82825.11064138856,1529848.25,346500.0,352097.65962230216,211027.7328488372,84016.83885205601,1537536.0,348500.0,2238614,339691,16319061,54930,138045.0
2025-10-01,359079.78125,212506.90625,85407.1875,1545223.625,347500.0,361074.6689236111,213986.07265081204,85605.80886627907,1555986.375,351000.0,350102.78671875,212013.85078306263,84116.14861918605,1535998.375,341000.0,350102.78671875,212506.90625,84314.76998546511,1535998.375,349000.0,2802437,297048,22039361,41811,141477.0
2025-10-02,394489.03125,216944.40625,89131.3359375,1559061.5,399000.0,403466.02564001264,219902.7390625,89677.54468140668,1565211.625,399000.0,383018.4273072061,213493.01796875,88088.57379004179,1545223.625,347500.0,387506.9245022124,213493.01796875,88684.43787430362,1557523.875,350000.0,7430763,1099674,49883028,54219,644612.0
2025-10-10,426905.9375,213986.078125,93749.28125,1559061.5,359500.0,438127.1800160631,217190.93874207948,93848.59192929025,1571361.75,367500.0,415435.3340391355,213493.0226454493,92060.99970206567,1551373.75,352500.0,424911.0499415888,215958.30004320276,93352.03853283898,1562136.5,367500.0,6835852,779161,35269748,48015,541859.0
2025-10-13,413939.15625,215465.234375,92656.8671875,1568286.625,360000.0,414437.878125,216451.3452874714,92756.17787044481,1572899.25,366500.0,401969.83125,211027.73526887872,90074.78943093515,1548298.75,352500.0,404463.440625,211520.79072511444,90670.65352860397,1559061.5,363500.0,4356534,544349,23883308,57348,378056.0
2025-10-14,410448.125,219902.734375,90968.5859375,1579049.375,385000.0,435384.2200789794,221874.95620795965,95338.25600436682,1594424.75,389500.0,405460.90598420415,214972.1797926009,89578.23637076965,1542148.5,361000.0,423913.61634264886,215465.2352508408,94643.08122100164,1552911.25,361000.0,4101275,885802,35545235,65696,859960.0
2025-10-15,421420.0,220395.796875,94345.1484375,1732803.0,386500.0,422916.1656804734,220888.8523489933,94643.08048519737,1738953.125,387500.0,405959.62130177516,216944.408557047,91465.13864309211,1594424.75,375000.0,409450.674556213,219902.7414010067,91663.76000822369,1599037.375,384000.0,2688019,670710,21050111,221852,320758.0
2025-10-16,451343.3125,238638.84375,97026.5390625,1742028.25,420500.0,453836.921961326,241597.17652376034,97026.5390625,1743565.75,421000.0,419425.1113950276,230749.95635330578,94345.1505725435,1714352.625,385500.0,419923.8332872928,233708.28912706612,94643.08262698312,1717427.625,385500.0,4247934,2115204,28141060,50990,874761.0
2025-10-17,464310.09375,239624.953125,97225.1640625,1717427.625,434000.0,473785.8099489796,242583.28587962964,98416.89232475741,1742028.25,443000.0,448350.99278329755,236173.56491126542,96033.4358002426,1706664.875,411500.0,450345.8804041353,237652.73128858022,96529.98924284986,1732803.0,416000.0,4541583,994190,22730809,50435,946272.0
2025-10-20,484258.96875,244555.515625,97423.78125,1745103.25,432500.0,484258.96875,248499.9594254032,97622.40261850152,1771241.375,435000.0,464310.0925914006,238145.79444934474,95338.25688073394,1718965.125,421000.0,476279.4182865603,248006.9039503528,97225.15988149848,1723577.75,433000.0,3333903,1155423,17589756,66486,382756.0
2025-10-21,477775.5625,252937.453125,96827.9140625,1758941.125,437000.0,500716.7690501044,263291.617872807,99211.37040865385,1768166.375,449500.0,476778.118736952,248006.89848318713,96629.29270032051,1734340.5,431000.0,495729.5502348643,248499.95394736843,97821.02087339744,1748178.375,432500.0,4126858,2002410,22803830,55942,462927.0
2025-10-22,480269.1875,257374.953125,97920.328125,1803529.625,454500.0,480767.90939771547,261319.39685105367,97920.328125,1823517.625,458500.0,467801.1400571132,250965.23207016283,94841.6971190416,1749715.875,441000.0,473785.80282969883,261319.39685105367,96430.66796082657,1757403.625,444000.0,3870276,1060973,15937611,59398,608320.0
2025-10-23,477276.875,248499.953125,95834.8125,1786616.75,447500.0,487251.3133490073,254909.67413814485,97821.02623056994,1809679.75,457000.0,466803.7147335423,247513.8421999008,95636.191126943,1769703.875,443000.0,468798.6024033438,252937.45228794645,96132.7445595855,1786616.75,451000.0,3583993,909720,18488581,45206,300756.0
2025-10-24,508696.34375,248993.015625,98118.953125,1811217.375,492000.0,511688.6751838235,250472.18205445545,98317.57448760122,1835817.875,496000.0,490243.63324142154,244555.51633663368,97026.53563069331,1800454.625,448500.0,491739.7989583333,249979.1265779703,97225.15699329453,1811217.375,452000.0,4254202,775983,18801925,39426,976594.0
2025-10-27,533632.4375,250965.234375,101296.8984375,1857343.375,495000.0,535627.3251168224,255895.78907784872,101296.8984375,1861956.0,499500.0,521663.11179906543,249486.0679641454,99906.54885110294,1821980.125,480000.0,531637.5498831775,249979.12343443025,100601.72364430147,1823517.625,495000.0,3381231,763121,22169970,70927,599572.0
2025-10-28,519668.21875,247020.78125,98814.1328125,1894244.25,510000.0,525652.8815379079,249979.11395958083,100303.79310615578,1944983.0,510000.0,507698.89317418425,245541.61489520955,98416.89006752512,1858881.0,485500.0,519668.21875,249979.11395958083,100204.48241991206,1911157.125,494500.0,5659008,677447,20002282,106110,560608.0
2025-10-29,556573.625,254416.625,99807.234375,1877331.375,514000.0,557571.0687724014,255895.7914244186,100303.78777985075,1931145.125,527000.0,521663.0929659498,247513.84835271316,98416.88484141791,1860418.5,505000.0,536624.7495519713,250965.23667635658,99509.30233208956,1917307.375,510000.0,4803031,937830,20899788,183193,439194.0
2025-10-30,566548.0625,261319.390625,103382.421875,1877331.375,486500.0,577519.9439920775,285479.10787146224,105070.70350024015,1877331.375,522000.0,550588.9621478873,259347.16880896225,101296.89751440923,1877331.375,483000.0,556573.6247799296,283506.8860554245,101694.14024975985,1877331.375,511000.0,4888461,2958411,34570017,0,728528.0
2025-10-31,557571.125,285972.15625,106758.984375,1877331.375,473000.0,564553.2321109123,289916.59978448274,107851.40188953489,1877331.375,491500.0,550589.0178890877,266742.99401939654,102587.93568313954,1877331.375,469500.0,555576.2372540251,269701.3266702586,104276.21729651163,1877331.375,476500.0,3351809,3631736,54824564,0,499652.0
2025-11-03,618415.1875,287451.34375,110334.1640625,1877331.375,475500.0,622404.9629032258,293861.0649656947,110731.40677739649,1877331.375,480500.0,553581.3371975806,283999.9554030875,105765.87284119037,1877331.375,465500.0,555576.2248991935,293368.0094875643,106163.11555608686,1877331.375,480000.0,5787058,1498016,30110066,0,337955.0
2025-11-04,584502.0625,272166.625,104176.90625,1877331.375,473000.0,612430.4886945393,284493.0120018116,111625.20745948522,1877331.375,492000.0,581509.7311220136,272166.625,104176.90625,1877331.375,472000.0,609438.1573165529,282520.7900815217,111029.3433627264,1877331.375,490000.0,5969769,1416294,30450281,0,397941.0
2025-11-05,577519.9375,264770.8125,99906.546875,1877331.375,464000.0,585499.4875863558,267729.14560055867,101296.89643389662,1877331.375,472000.0,530640.0807426597,255402.75768156425,96033.43024664513,1877331.375,452000.0,561560.8373272885,266249.97905027936,100303.78960611332,1877331.375,469000.0,8976222,1420277,44843020,0,443887.0
2025-11-06,591484.1875,265263.84375,98516.1953125,1877331.375,470000.0,605448.4010328837,271180.5094098513,103084.48662739416,1877331.375,495000.0,581509.7492622259,260826.34450511154,98118.95258946573,1877331.375,469500.0,600461.1819139966,270687.45393819705,102985.17594663559,1877331.375,481500.0,5321244,686561,28655689,0,600184.0
2025-11-07,578517.4375,260333.28125,97225.1640625,1877331.375,463500.0,597468.8707974138,263291.6139914773,99608.62058701481,1877331.375,481000.0,563555.7796336206,255895.7821377841,95636.1930461568,1877331.375,457000.0,575525.1059267242,257374.94850852274,95735.50373467825,1877331.375,470000.0,4789397,666772,22908083,0,279860.0
2025-11-10,604450.9375,266743.03125,99906.546875,1877331.375,465500.0,613427.9316212871,270194.4198243993,100303.78960611332,1877331.375,470000.0,579514.8427186469,261319.42063308688,97225.15843998508,1877331.375,457500.0,582507.1740924092,262798.58716497227,97920.33321943339,1877331.375,465500.0,4893645,692464,23842327,0,244077.0
2025-11-11,617417.6875,265263.84375,102786.5546875,1877331.375,473000.0,644348.6690226172,270194.39846654277,105269.32170893719,1877331.375,490000.0,602456.0310985461,263784.67733503715,101296.89447463768,1877331.375,467500.0,620410.0187802908,268715.2320515799,102985.17604921498,1877331.375,471500.0,5508697,494203,27742542,0,396429.0
2025-11-12,615422.8125,271673.5625,102389.3125,1877331.375,475500.0,618415.143841167,274631.89530399273,103183.79795101842,1877331.375,481500.0,599463.7120137764,265756.89689201454,100899.65227934044,1877331.375,470500.0,603453.4871353323,267729.118761343,102290.0018186227,1877331.375,481500.0,2831484,807526,19413497,0,258727.0
2025-11-13,610435.625,274631.875,102091.3828125,1877331.375,484500.0,620410.0633169934,275124.9304308797,103481.73238387646,1877331.375,491500.0,605448.4058415033,268715.2098294435,101594.82939415127,1877331.375,468000.0,605448.4058415033,269208.2652603232,101793.45076149076,1877331.375,475000.0,3875541,681153,20838741,0,617757.0
2025-11-14,558568.5,268715.21875,96529.984375,1877331.375,463000.0,583504.59375,274138.8286697248,98913.44077932098,1877331.375,480500.0,558568.5,268222.1633027523,96529.984375,1877331.375,461000.0,577519.93125,268715.21875,98317.57667824074,1877331.375,470000.0,5778374,579023,21806342,0,282819.0
2025-11-17,604450.9375,267729.125,99906.546875,1877331.375,463000.0,604450.9375,271673.5688305709,100303.78960611332,1877331.375,469000.0,582507.1740924092,267729.125,98814.12936443837,1877331.375,456000.0,586496.9492574257,271673.5688305709,99112.06141277336,1877331.375,469000.0,4470947,384305,17192584,0,157725.0
2025-11-18,568542.9375,260826.328125,97125.8515625,1877331.375,443000.0,589489.25625,267729.10429465974,100204.4828492459,1877331.375,465500.0,568542.9375,259840.21724362002,96827.91950249232,1877331.375,443000.0,581509.7062499999,265263.8270912098,99112.06529588446,1877331.375,461000.0,3544391,475705,18684068,0,291156.0
2025-11-19,560563.4375,260333.28125,95834.8125,1877331.375,437500.0,568542.9882117438,268222.1685606061,96827.91936528496,1877331.375,446000.0,544604.3360765125,257868.0039654356,93947.90945595855,1877331.375,428500.0,561560.8813389679,268222.1685606061,96430.67661917098,1877331.375,444000.0,4529736,413452,18993346,0,249097.0
2025-11-20,569540.4375,258361.0625,99906.546875,1877331.375,441000.0,595473.977561296,263784.6725906489,102190.6925789016,1877331.375,449500.0,568542.9936514887,258361.0625,98814.12936443837,1877331.375,440500.0,593479.0898642732,263291.6171278626,100204.47892333499,1877331.375,445500.0,4670237,501196,25360435,0,156626.0
2025-11-21,519668.21875,255895.796875,94146.5234375,1877331.375,425500.0,529642.6567298464,257374.96333092486,96132.7370121308,1877331.375,432000.0,512686.1121641075,250965.24202191716,93848.59140130537,1877331.375,422500.0,516675.88735604606,251458.29750722545,94941.00886735231,1877331.375,428000.0,6646712,538414,23103574,0,242702.0
2025-11-24,518670.78125,253923.5625,96033.4296875,1789000.0,412000.0,540614.5450721154,258361.06165048544,98317.57537810238,1841000.0,429500.0,515678.4498197115,253923.5625,95536.87627649949,1650000.0,412000.0,529642.6631610576,258361.06165048544,97125.84719170115,1797000.0,429500.0,6399162,610389,29831172,560815,438358.0
2025-11-25,517673.34375,253923.5625,98615.5078125,1627000.0,413500.0,548594.1022398844,258361.06165048544,100701.03214690332,1812000.0,419500.0,516675.8999277457,252937.4515776699,97125.84757364048,1586000.0,412000.0,544604.3269508671,257374.95072815535,100701.03214690332,1812000.0,419500.0,3716730,390393,16110054,224828,240842.0
2025-11-26,522660.5625,257868.0,102091.3828125,1651000.0,435500.0,526650.3377862596,258361.05544933077,102190.69349616974,1681000.0,436000.0,499719.3546040077,255895.77820267685,98615.50888405884,1600000.0,418500.0,511688.6804627863,256881.88910133843,99807.23708809582,1640000.0,419000.0,5127393,402781,21314975,115530,415285.0
2025-11-27,542998.0625,260357.078125,102786.5546875,1646000.0,438000.0,554975.9609375,261352.7074868547,104772.76830464976,1687000.0,444500.0,532018.322265625,258365.81940129065,101992.06924064009,1640000.0,432500.0,534014.638671875,260357.078125,103382.41877264493,1662000.0,437000.0,3654092,289061,16453004,70847,363930.0
2025-11-28,529023.8125,260357.078125,99807.234375,1607000.0,408000.0,550983.291509434,264339.59557241877,103084.48684701492,1655000.0,442500.0,529023.8125,257868.0047203633,99807.234375,1605000.0,408000.0,549985.1333726415,260357.078125,103084.48684701492,1653000.0,441500.0,2680138,511004,15292277,50331,712913.0
2025-12-01,537009.0625,253387.671875,100105.171875,1649000.0,413000.0,543996.1692611524,260357.0773882613,102091.38560267857,1662000.0,417500.0,524033.0070864312,252392.04251596268,99211.37569754464,1623000.0,406000.0,541001.6949349443,259859.26270874264,101296.90011160714,1629000.0,411500.0,3134704,555473,10905526,54392,286573.0
2025-12-02,556972.25,264837.40625,102687.2421875,1654000.0,415000.0,557970.4081541218,266330.85027020675,102786.55286659817,1663000.0,416000.0,541001.7195340502,255876.74212875942,100303.7858891441,1645000.0,410000.0,546990.6684587813,256374.55680216168,100502.40724734042,1662000.0,415000.0,2686580,1084944,13649487,33670,200833.0
2025-12-03,550983.3125,265335.21875,103779.6640625,1654000.0,418000.0,557970.4197237319,266330.84808864916,104772.77089563398,1694000.0,424500.0,542998.0471014493,261850.51606472794,103283.11064593302,1650000.0,413500.0,548986.9961503623,265335.21875,103978.2854291268,1659000.0,416000.0,2586619,483994,14697927,44310,231552.0
2025-12-04,541001.75,282260.9375,104375.5234375,1680000.0,410000.0,541999.908210332,283256.56690917106,104375.5234375,1693000.0,422500.0,531020.1678966789,268819.9404761905,102488.62053996194,1650000.0,405500.0,541001.75,271806.8287037037,103183.79529168649,1677000.0,420500.0,2858305,1994134,11931145,34738,381430.0
2025-12-05,542998.0625,313623.25,107652.78125,1641000.0,426000.0,544994.37890625,315116.69404761906,107652.78125,1677500.0,427000.0,526029.373046875,278776.2222222222,103878.9752652214,1640000.0,412500.0,529023.84765625,280767.4809523809,104574.15005189113,1667000.0,413500.0,3204933,3892799,19755571,54357,438931.0
2025-12-08,575937.25,314121.0625,108745.1953125,1629000.0,451500.0,578931.7244367418,319597.0239698891,109241.74871575343,1651000.0,455000.0,532018.2915944541,307151.65699286846,107255.53510273973,1623000.0,425000.0,541999.87305026,319597.0239698891,108943.81667380137,1650000.0,435500.0,4288433,1913789,15527762,36652,593075.0
2025-12-09,564957.5,305658.21875,107652.78125,1660000.0,443500.0,573940.9231448763,310636.36563517916,108645.88808809963,1664000.0,451000.0,562961.183745583,300182.25717630296,106560.36372809041,1628000.0,438500.0,567951.9743816254,306653.84812703583,108149.33466904981,1639000.0,444000.0,2391174,1229611,13671800,44895,232158.0
2025-12-10,585918.8125,301177.875,107255.5390625,1665000.0,441500.0,591907.7611797274,304662.57768595044,109043.13138020833,1674000.0,452500.0,568950.1245741056,296199.7283057851,106659.67495659721,1637000.0,438500.0,569948.2826873935,303169.133677686,107553.4711154514,1657000.0,451000.0,3986083,1173271,12365092,34891,204015.0
2025-12-11,563959.375,294208.46875,106560.359375,1669000.0,446000.0,587915.1714601769,305160.39144458546,109738.30112709693,1693000.0,446000.0,563959.375,294208.46875,106560.359375,1661000.0,433000.0,581926.2223451327,302671.31810490694,108447.26229030755,1666000.0,446000.0,4021907,1465528,22994507,60950,715032.0
2025-12-12,569948.3125,300182.25,108149.328125,1692000.0,445500.0,577933.577823993,301675.69402985077,108149.328125,1698000.0,446500.0,558968.5726795096,294208.47388059704,106063.80389118457,1668000.0,437500.0,563959.3635070053,297693.17661691544,106361.73592458677,1679000.0,445000.0,2646148,827283,14210314,44882,215489.0
2025-12-15,552979.625,292217.21875,104077.59375,1772000.0,442500.0,562462.1275947653,296199.7362116695,105070.7005605916,1830000.0,449000.0,534014.6198104693,292217.21875,103878.97238788169,1671000.0,433500.0,534014.6198104693,295204.1068462521,104574.14715529581,1680000.0,439000.0,2482125,798990,20594654,107019,192535.0
2025-12-16,529023.8125,284750.0,102091.3828125,1790000.0,418000.0,549985.1333726415,300182.25524475524,104872.08195525291,1820000.0,441500.0,529023.8125,283256.55594405596,101992.07212883024,1771000.0,414000.0,543996.1845518867,295204.1083916084,104176.90716956469,1815000.0,441000.0,3287998,1264096,18852079,54125,397656.0
2025-12-17,549985.125,284750.0,107156.21875,1750000.0,415500.0,552979.5993647913,287239.0734265734,107354.84010078777,1790000.0,425500.0,524033.0138384755,282758.74125874124,102687.23835727526,1740000.0,413000.0,529023.8044464609,286741.25874125876,102786.54903266914,1790000.0,422500.0,2692626,686802,22297611,40730,265161.0
2025-12-18,550983.3125,281265.3125,106858.2890625,1738000.0,378500.0,561963.0524230073,283754.3860619469,107454.15312790427,1793500.0,393500.0,536010.9398777174,278776.2389380531,104971.3861887198,1728000.0,377000.0,537009.0980525363,279274.05365044245,105666.56093169145,1750000.0,392000.0,2959059,705877,20445631,38712,720096.0
2025-12-19,545992.5,287239.0625,105567.25,1733000.0,379000.0,568950.1371115174,287239.0625,108943.81302916275,1770000.0,381000.0,545992.5,277282.76917244366,105467.93932267168,1697000.0,365500.0,567951.978976234,284252.1745017331,108943.81302916275,1765000.0,381000.0,3440005,1210816,25917098,45677,641564.0
2025-12-22,578931.75,287736.875,109738.3046875,1724000.0,389500.0,578931.75,289230.3189878893,109738.3046875,1785000.0,391500.0,565955.6935344827,283754.3576989619,108546.57649179864,1711000.0,380000.0,572942.800862069,289230.3189878893,108943.81922369909,1785000.0,385000.0,2878464,676748,24859171,42564,297525.0
2025-12-23,582924.375,285745.625,110731.40625,1720000.0,388000.0,591907.7985873288,291221.5864547038,111724.51303251121,1745000.0,392000.0,579929.9004708905,284252.180966899,109638.98878923767,1714000.0,383500.0,583922.5331763698,289230.32774390245,110135.54218049327,1731000.0,391000.0,2011188,699584,20419187,36146,184844.0
2025-12-24,586917.0,287736.875,110334.1640625,1691000.0,390500.0,589911.474489796,298688.79757785465,111625.20288591359,1720000.0,398500.0,582924.3673469388,285745.61634948093,110135.54270505176,1685000.0,388000.0,585918.8418367347,287736.875,111625.20288591359,1717000.0,390500.0,2160697,1295368,12492939,36975,173638.0
2025-12-26,597896.75,284750.0,116193.5,1692000.0,383500.0,603885.699081803,290723.7762237762,116193.5,1693000.0,391500.0,588913.3263772955,283754.3706293706,111625.20854700854,1676000.0,381000.0,592905.9590984975,290723.7762237762,111625.20854700854,1691000.0,391500.0,4243548,847245,34018174,27002,206573.0
2025-12-29,638821.25,292217.21875,119253.171875,1706000.0,380000.0,638821.25,292715.0334327087,119452.75877353556,1710000.0,381500.0,623848.876953125,281265.29573040886,117955.85703451883,1680000.0,367000.0,628839.66796875,283256.5544612436,119153.37842573223,1683000.0,370000.0,4176151,697450,19676004,25923,348113.0
2025-12-30,649800.9375,295204.09375,119652.34375,1695000.0,368500.0,657786.2024769585,296199.72307124786,120949.65856964137,1703000.0,375000.0,632832.2494239631,288234.6885012647,118454.82237802335,1692000.0,366000.0,637823.0400345622,289728.1324831366,118853.99616868224,1700000.0,375000.0,4094603,628188,19746349,26967,344347.0
2026-01-02,675753.0625,297195.375,128234.578125,1683000.0,361000.0,677749.3787850812,300680.0778894472,128234.578125,1709000.0,368500.0,645808.3182237814,291719.4133165829,119951.72210603113,1679000.0,358500.0,649800.9507939438,298191.00439698494,119951.72210603113,1695000.0,368500.0,4181895,955205,30463279,46684,329529.0
2026-01-05,694718.0625,303169.15625,137814.75,1713000.0,371500.0,698710.6950431034,308645.11802134645,138313.71723388848,1724000.0,373500.0,682740.1648706896,300680.0827175698,133324.04489500364,1671000.0,358500.0,696714.3787715518,301177.89742405585,134321.9793627806,1673000.0,358500.0,4337511,1292161,42863376,51390,355352.0
2026-01-06,724662.8125,306653.84375,138613.09375,1721000.0,378000.0,725660.9706439395,328557.68973214284,139012.26752609792,1735000.0,383000.0,669764.1145833334,302671.3262987013,132425.90022048235,1710000.0,373500.0,688729.1193181819,316610.13737824676,135020.5297651188,1720000.0,379000.0,4830275,3346949,45321341,36813,316118.0
2026-01-07,740633.375,348968.09375,140708.765625,1767000.0,370500.0,760596.5387466308,360417.83149072755,144101.74295212765,1789000.0,383500.0,726659.1603773584,311631.99242154066,137315.78829787235,1730000.0,367500.0,758600.2223719676,312627.6217902996,143203.6018949468,1736000.0,378500.0,5693115,7764177,46317413,61546,275402.0
2026-01-08,754607.5625,339011.8125,138513.296875,1885000.0,366000.0,786548.6233465609,359422.21530837,144201.52304349784,1900000.0,371000.0,729653.6087136244,336522.7389867841,138014.32966723703,1766000.0,363500.0,729653.6087136244,359422.21530837,138014.32966723703,1767000.0,369000.0,6496379,3053301,41449329,128454,413793.0
2026-01-09,742629.6875,364400.34375,138712.890625,1878000.0,363000.0,754607.5856854839,367387.23181352456,140409.3792153777,1879000.0,371000.0,725660.9984038979,338513.98053278687,134920.73965827338,1834000.0,361000.0,742629.6875,347474.64472336066,135719.08723021584,1875000.0,370000.0,4343703,3104258,29520566,70385,344929.0
2026-01-12,747620.4375,365395.96875,138513.296875,1859000.0,379000.0,760596.4931575434,381823.8529036104,141706.68700468302,1915000.0,379500.0,733646.2237149533,356933.11933753407,136617.22148550072,1845000.0,363000.0,753609.38626502,381326.03823228885,140708.75258915705,1899000.0,364500.0,3329793,3027809,26271134,68736,429789.0
2026-01-13,736640.75,404225.53125,137315.78125,1908000.0,394000.0,752611.2811653117,411692.7516548645,139910.41083757268,1944000.0,394500.0,722666.5352303523,376347.9084051724,136617.2271302689,1881000.0,378000.0,751613.1229674798,378836.9818734606,139511.23705486918,1885000.0,385500.0,3771944,5463622,22384699,77125,473453.0
2026-01-14,740633.375,409701.5,140010.203125,1927000.0,389500.0,748618.6404986522,411692.7588092345,140010.203125,1948000.0,396000.0,726659.1603773584,396260.5030376671,136517.43255523877,1912000.0,387000.0,731649.9513140161,404723.35297691374,136717.01944493942,1924000.0,394000.0,4885051,2861932,18444394,86681,270844.0
2026-01-15,747620.4375,420155.59375,143602.765625,1965000.0,392000.0,748618.5956275034,423142.48185722745,143702.5590687978,1987000.0,395500.0,725660.9586949266,403229.89447571087,138014.33277232453,1921000.0,384500.0,730651.7493324432,407710.22663655214,138712.88687890896,1930000.0,390000.0,3003414,2864894,24701126,70485,284050.0
2026-01-16,754607.5625,411194.9375,148592.4375,1947000.0,391000.0,761594.6695601853,424635.93424636807,149191.1981615178,1981000.0,398000.0,745624.1391369049,406216.7905569007,144001.93909503022,1895000.0,388000.0,749616.7717427249,424635.93424636807,144999.87353089324,1980000.0,394000.0,3712326,2589883,30000219,68134,289648.0
2026-01-19,762592.8125,477902.09375,148991.609375,1921000.0,398500.0,772574.393815445,484871.49928385415,150288.92412508372,1940000.0,401000.0,748618.598658377,417666.5173502604,146297.1864325184,1900000.0,384000.0,753609.3893160995,418164.33203125,146895.9470864032,1927000.0,389500.0,3392008,5990850,22762497,44904,408315.0
2026-01-20,741631.5,476906.46875,144900.078125,1920000.0,403000.0,762592.8209959624,494329.98274399794,148991.60925662878,1942000.0,413500.0,735642.5511440107,458487.3253849165,143602.76337594696,1912000.0,396500.0,762592.8209959624,491840.90931628394,148193.26171875,1922000.0,398000.0,2762369,5235613,24059218,42737,455475.0
2026-01-21,738637.0625,546600.5,149191.203125,1873000.0,394500.0,754607.593581081,548591.7586520948,149490.58346571904,1909000.0,398000.0,726659.1641891892,465456.70992714027,141507.1077132107,1870000.0,389000.0,727657.3223817567,465954.52459016396,141606.90116011706,1909000.0,395500.0,5108442,7830202,31703610,59612,280563.0
2026-01-22,753609.4375,526687.9375,151985.421875,1778000.0,417000.0,771576.2850165563,587421.3291587902,156675.71394862115,1888000.0,418000.0,749616.8047185431,522705.4200141777,150488.52014937624,1778000.0,395500.0,764589.1776490066,583438.8116729679,154679.8449811228,1874000.0,397500.0,3545309,7176207,32073624,182684,680002.0
2026-01-23,765587.3125,507770.96875,151785.828125,1802000.0,412000.0,774570.7359843546,540626.7373161764,155677.77243589744,1808000.0,430500.0,742629.6747066493,497814.675245098,149789.9592476167,1790000.0,407000.0,752611.2563559322,527683.555759804,154380.45766559828,1794000.0,427500.0,3508272,4774169,25407497,62438,486387.0
2026-01-26,734644.375,490347.46875,151785.828125,1807000.0,416000.0,752611.2211277174,512749.1297588832,156076.9462113741,1819000.0,422000.0,734644.375,487858.3953045685,151187.06746178502,1793000.0,411000.0,751613.0630095109,496819.0597081218,154580.04455333663,1805000.0,415000.0,3133330,3680159,20561689,72980,323197.0
2026-01-27,798526.5,486364.9375,159170.546875,1790000.0,408500.0,798526.5,496819.0456755373,159170.546875,1809000.0,416500.0,731649.905625,466950.165174002,148891.82190438872,1790000.0,404500.0,736640.69625,470932.68257420673,150189.1367065047,1808000.0,410000.0,5660198,4492400,29423670,74402,330244.0
2026-01-28,839451.0,490347.46875,162064.5625,1791000.0,431000.0,852427.0558858502,503788.4653553299,162962.70354833745,1814000.0,455000.0,801520.9904875149,488356.2099936548,159869.10660406406,1785000.0,421500.0,808508.0975029727,502792.83597715735,162264.14939963055,1802000.0,421500.0,6708497,2514604,29456431,59883,1462794.0
2026-01-29,859414.1875,525692.3125,160368.0625,1776000.0,416500.0,882371.8254936121,526687.9418797349,166255.87562227753,1798000.0,435000.0,817491.544207317,491840.91358901514,156775.4985609832,1765000.0,411500.0,877381.0346254356,498810.31924715906,165856.70185127566,1796000.0,435000.0,6837983,5431226,36087223,67355,709422.0
2026-01-30,907325.75,497814.6875,160168.484375,1745000.0,398000.0,929285.2290979098,514740.386875,166156.09126752338,1782000.0,419500.0,851428.8941144114,497814.6875,159769.3105821651,1745000.0,398000.0,852427.0522552255,513744.7575,159769.3105821651,1781000.0,417000.0,7875195,3032673,40557267,63642,579004.0
2026-02-02,828471.25,475910.84375,150089.34375,1711000.0,380000.0,886364.421686747,504784.09577667364,159270.34084109042,1763000.0,400500.0,828471.25,470932.69684884936,150089.34375,1705000.0,379000.0,868397.5753012048,483875.878791841,155378.39642204123,1745000.0,392500.0,7634191,2652237,39748369,67005,401037.0
2026-02-03,905329.4375,489351.84375,167154.015625,1749000.0,391000.0,905329.4375,492836.54660478124,167154.015625,1756000.0,391500.0,869395.7442805954,470932.7000890132,156875.29108208956,1712000.0,381500.0,872390.2187155458,484871.5115081383,157573.8451772388,1717000.0,391000.0,5272538,2275995,36529813,50120,271188.0
2026-02-04,898342.3125,501797.1875,168750.71875,1759000.0,402500.0,904331.26125,515735.99826388893,169050.0990907747,1778000.0,405000.0,881373.624375,495325.5967881945,162763.11193450622,1745000.0,394000.0,882371.7825,499805.9288194445,163162.2857222058,1755000.0,398000.0,3800763,1706630,29943042,55355,337066.0
2026-02-05,840449.1875,486364.9375,158970.953125,1700000.0,395000.0,875384.723797506,505779.70982599794,163661.24489956058,1795000.0,408500.0,836456.5547802851,481386.7907497441,158172.60558890458,1700000.0,392000.0,849432.6111193587,490347.45490020467,161665.37605932204,1792000.0,399500.0,5473720,1653286,38435228,59550,338536.0
2026-02-06,837454.6875,465456.71875,158272.40625,1668000.0,385000.0,848434.4271454111,470932.6801470588,159968.8948415826,1688000.0,386000.0,789543.0963200238,450024.4639037433,151286.86499054224,1637000.0,377000.0,803517.3104141835,467447.97743983957,153781.7011546343,1688000.0,383500.0,5581574,2023516,36358081,57738,265446.0
2026-02-09,885366.3125,475910.84375,166056.296875,1694000.0,394500.0,897344.2107525365,482880.2494116109,168351.5461707482,1717000.0,401500.0,871392.0978720406,470932.69684884936,164659.18860802284,1676000.0,388000.0,896346.0525648252,481884.62003138073,168251.75272310697,1704000.0,398000.0,4228584,1518143,25098971,57218,230057.0
2026-02-10,874386.5625,478399.90625,165457.53125,1710000.0,390500.0,903333.1496147261,502792.8255072841,167752.7804772316,1740000.0,399000.0,874386.5625,476906.46221383975,165158.15091601328,1691000.0,386500.0,892353.4096746575,496819.04936264304,167054.2263645959,1705000.0,397500.0,3441377,1738747,19369566,46371,302157.0
2026-02-11,858416.0,506775.34375,167453.40625,1712000.0,392000.0,872390.2139534884,512749.11990422395,168251.7538364124,1743000.0,397500.0,846438.1023255814,474915.2042608055,161665.38624851013,1710000.0,388000.0,858416.0,478399.90701743617,163661.2552145411,1732000.0,393500.0,3125590,3270111,22760242,31291,187479.0
2026-02-12,886364.4375,503788.46875,178231.09375,1719000.0,410000.0,892353.386402027,509762.2450592886,179229.02820548712,1728000.0,411000.0,876382.8559966217,495823.4336709486,169748.65087835945,1707000.0,393000.0,880375.488597973,509762.2450592886,170846.37877939528,1727000.0,400000.0,4619344,1733637,41296011,39569,583824.0
2026-02-13,878379.1875,496819.0625,180825.71875,1710000.0,395000.0,901336.8253551137,507273.1710295591,184019.10892660043,1715000.0,404500.0,876382.8711647728,495325.6184243487,178530.46956056842,1702000.0,394500.0,887362.6110085228,497316.87719188374,179129.230218681,1710000.0,404000.0,3534047,1147006,34454192,30115,321449.0
2026-02-19,892353.375,510757.875,189607.546875,1720000.0,403500.0,911318.3796140939,520714.1688596491,190505.68788651316,1753000.0,403500.0,886364.4261744966,493334.360745614,186713.53694901316,1712000.0,395500.0,903333.1145134228,501797.2105263158,187611.67796052631,1712000.0,399500.0,3285109,1907584,27049388,40847,267049.0
2026-02-20,947252.0625,506775.34375,189707.34375,1736000.0,401500.0,953241.0112618547,513744.74926326127,189906.93064505522,1739000.0,406500.0,879377.309865648,501797.1969548134,188210.44203708574,1727000.0,400000.0,890357.0492623815,513744.74926326127,189607.55030247237,1729000.0,403500.0,5054333,1251835,24213880,32604,219069.0
2026-02-23,949248.4375,520714.15625,192601.34375,1717000.0,396000.0,978195.0249737118,538635.4847633843,197191.8420984456,1757000.0,405000.0,939266.8556125131,514740.3800788719,190106.50769106217,1713000.0,395500.0,978195.0249737118,521709.7856118547,193998.45194300517,1741000.0,403500.0,3523887,2094265,26364684,67316,268719.0
2026-02-24,1003148.9375,521709.78125,199586.890625,1723000.0,412500.0,1003148.9375,527683.5573711832,199586.890625,1747000.0,416500.0,944257.6068407961,502792.82353291987,191603.41499999998,1719000.0,403000.0,950246.5557213931,519718.52254293894,192601.349453125,1747000.0,407000.0,4102382,1490869,28060617,47116,588995.0
2026-02-25,1016125.0,569500.0,203079.65625,1728000.0,426000.0,1036088.1630648329,581447.5524475524,205574.49232186732,1732000.0,429000.0,1002150.7858546169,529674.8251748251,200584.82017813268,1715000.0,409000.0,1010136.0510805501,532661.7132867132,202081.72182125307,1723000.0,417500.0,3462525,4149696,26987996,45641,650523.0
2026-02-26,1099000.0,609000.0,217549.71875,1766000.0,427000.0,1099000.0,618000.0,218547.6532396789,1775000.0,440000.0,1023000.0,563000.0,205574.5048738532,1728000.0,419000.0,1024000.0,574000.0,206073.47211869265,1728000.0,431500.0,4461976,2894222,30095763,88413,540625.0
2026-02-27,1061000.0,674000.0,216052.8125,1778000.0,427000.0,1096000.0,687000.0,222539.3865473441,1778000.0,434000.0,1048000.0,590000.0,209566.23845265587,1741000.0,415500.0,1050000.0,592000.0,209566.23845265587,1760000.0,420000.0,6453062,4354409,51774768,97725,591387.0
2026-03-03,939000.0,595000.0,194697.015625,1681000.0,393000.0,1040000.0,658000.0,212061.0754500897,1775000.0,418000.0,939000.0,594000.0,194697.015625,1679000.0,389000.0,1022000.0,654000.0,209067.2720319708,1775000.0,414500.0,6818327,3763225,54879010,81261,489727.0
2026-03-04,849000.0,501000.0,171844.3125,1516000.0,347500.0,954000.0,593000.0,195495.35899390242,1650000.0,390000.0,846000.0,497500.0,171544.93216463414,1501000.0,346000.0,894000.0,560000.0,183819.52591463414,1639000.0,380000.0,9253420,4855346,89427954,83414,826847.0
2026-03-05,941000.0,548000.0,191204.25,1647000.0,371500.0,992000.0,582000.0,199287.5194415449,1669000.0,382000.0,927000.0,540000.0,187711.47925365347,1588000.0,366000.0,976000.0,565000.0,194597.22729645096,1626000.0,376500.0,6442459,2663493,53959129,70178,541523.0
2026-03-06,924000.0,553000.0,187811.265625,1644000.0,377500.0,938000.0,564000.0,189308.16731701646,1668000.0,382500.0,885000.0,530000.0,180626.13750332093,1599000.0,365000.0,912000.0,532000.0,185715.60325617692,1614000.0,372000.0,3744322,1582300,29522650,57347,350799.0
2026-03-09,836000.0,507000.0,173141.625,1579000.0,359500.0,864000.0,511000.0,175137.4938760807,1602000.0,364500.0,808000.0,491000.0,166954.43148414986,1542000.0,350500.0,851000.0,504000.0,173141.625,1558000.0,360000.0,7253621,1913094,43066020,56445,414051.0
2026-03-10,938000.0,525000.0,187511.890625,1592000.0,367000.0,950000.0,541000.0,191104.4547881187,1640000.0,376500.0,899000.0,519000.0,183919.3264618813,1579000.0,360000.0,915000.0,538000.0,187212.51027807346,1638000.0,375500.0,5304897,1270933,33530170,48257,298332.0
2026-03-11,955000.0,530000.0,189607.546875,1657000.0,369500.0,985000.0,561000.0,194397.63226973685,1693000.0,380750.0,941000.0,523000.0,187312.29762335526,1626000.0,367000.0,954000.0,550000.0,192601.35024671053,1630000.0,375000.0,3916098,1415825,24311356,48088,263280.0
2026-03-12,930000.0,521000.0,187511.890625,1625000.0,384000.0,963000.0,528000.0,189607.5530534859,1650000.0,384000.0,928000.0,513000.0,185516.0216454896,1610000.0,367000.0,938000.0,524000.0,186214.57578831827,1650000.0,369500.0,3711742,1146292,20440753,63692,345803.0
2026-03-13,910000.0,517000.0,183120.96875,1592000.0,369000.0,929000.0,529500.0,185815.39172343325,1599000.0,372500.0,884000.0,501000.0,179528.40478542235,1575000.0,363500.0,891000.0,502000.0,179628.19822888283,1589000.0,370000.0,3645102,950437,19566331,42424,370087.0
2026-03-16,974000.0,506000.0,188310.234375,1568000.0,366000.0,975000.0,520000.0,188609.61471581878,1590000.0,373000.0,924000.0,499000.0,183220.7685810811,1551000.0,363500.0,925000.0,511000.0,184218.70305047696,1590000.0,368500.0,3829496,1348089,19747901,29984,280349.0
2026-03-17,970000.0,522000.0,193499.484375,1587000.0,380500.0,1010000.0,544000.0,197591.01550412583,1608000.0,380500.0,969000.0,520000.0,192701.13683760958,1582000.0,370000.0,1009000.0,528000.0,197591.01550412583,1589000.0,371000.0,3326240,1346937,20300082,29429,345242.0
2026-03-18,1056000.0,545000.0,208069.328125,1626000.0,383500.0,1060000.0,545000.0,208568.29533872902,1650000.0,390500.0,999000.0,530000.0,199287.50516336932,1598000.0,381500.0,1000000.0,536000.0,200085.85270533574,1600000.0,390500.0,4347884,930616,25148481,50561,279721.0
2026-03-19,1013000.0,522000.0,200085.859375,1585000.0,371000.0,1043000.0,530000.0,204576.56444825436,1605000.0,378500.0,1003000.0,521000.0,199187.71836034913,1585000.0,371000.0,1008000.0,521000.0,199487.0986985661,1597000.0,374500.0,3347483,770000,19884483,30824,213253.0
2026-03-20,1007000.0,517000.0,198988.125,1601000.0,375500.0,1026000.0,528000.0,202081.72172768306,1631000.0,378000.0,1002000.0,517000.0,198588.95122868606,1595000.0,372000.0,1023000.0,527000.0,201582.75451354063,1599000.0,377000.0,3426646,1049264,35279762,31941,200932.0
2026-03-23,933000.0,485000.0,185915.1875,1523000.0,356000.0,963000.0,501000.0,190805.0662909286,1562000.0,365000.0,927000.0,485000.0,185915.1875,1523000.0,355000.0,952000.0,500000.0,190106.5121779388,1556000.0,362000.0,3911813,1603262,30268173,32660,302070.0
2026-03-24,986000.0,492000.0,189308.171875,1547000.0,392500.0,994000.0,509000.0,195595.15913284133,1570000.0,392500.0,938000.0,484000.0,185116.8470364391,1519000.0,368000.0,993000.0,508000.0,195096.19189015552,1569000.0,371500.0,4352152,1082455,25458914,27709,656541.0
2026-03-25,995000.0,501000.0,188609.609375,1585000.0,394000.0,1042000.0,518000.0,195994.324239418,1607000.0,400000.0,988000.0,498500.0,188609.609375,1540000.0,386500.0,1016000.0,509000.0,193299.90124834655,1578000.0,392000.0,4463869,1102731,22995904,35752,352715.0
2026-03-26,933000.0,490000.0,179728.0,1585000.0,384500.0,973000.0,499500.0,185516.01998889507,1619000.0,393000.0,931000.0,486000.0,178530.47862298723,1581000.0,380000.0,965000.0,496000.0,185116.84619655748,1608000.0,392500.0,4660620,954455,32074131,30276,274503.0
2026-03-27,933000.0,495000.0,179728.0,1606000.0,394500.0,934000.0,498500.0,181324.69516935037,1608000.0,396000.0,880000.0,467000.0,171644.73070516382,1537000.0,366000.0,890000.0,472500.0,171744.5241532482,1551000.0,374000.0,4520942,1151726,29138966,27116,372863.0
2026-03-30,873000.0,469500.0,176300.0,1530000.0,410000.0,884000.0,472500.0,176650.0,1550000.0,414000.0,862000.0,461000.0,170600.0,1522000.0,377000.0,867000.0,468500.0,171000.0,1537000.0,379500.0,4498502,942256,22269147,34318,747897.0
2026-03-31,807000.0,445500.0,167200.0,1504000.0,394500.0,852000.0,464000.0,174700.0,1588000.0,410000.0,806000.0,445000.0,167000.0,1480000.0,390500.0,817000.0,459500.0,170000.0,1515000.0,406000.0,7194351,1271113,38659593,82617,518297.0
2026-04-01,897000.0,487500.0,189650.0,1572000.0,407000.0,905000.0,492500.0,190800.0,1587000.0,410000.0,858000.0,466000.0,178000.0,1500000.0,393500.0,884000.0,472000.0,179000.0,1570000.0,409500.0,6255058,974266,32390251,51951,343583.0
2026-04-02,830000.0,465500.0,178400.0,1585000.0,404500.0,914000.0,499500.0,193600.0,1657000.0,421500.0,818000.0,457000.0,175000.0,1564000.0,399500.0,912000.0,499000.0,192600.0,1586000.0,407500.0,6127534,1331860,38615231,77387,532803.0
2026-04-03,876000.0,471000.0,186200.0,1554000.0,398500.0,886000.0,485000.0,187200.0,1631000.0,414500.0,860000.0,467000.0,182700.0,1551000.0,396500.0,867000.0,475500.0,184200.0,1631000.0,410000.0,2927164,659219,20194447,27956,254074.0
2026-04-06,886000.0,469000.0,193100.0,1555000.0,412500.0,901500.0,477500.0,194600.0,1582000.0,418000.0,869000.0,465000.0,190100.0,1545000.0,399500.0,877000.0,469500.0,190900.0,1560000.0,399500.0,3100989,553057,20635958,25964,393045.0
2026-04-07,916000.0,473000.0,196500.0,1586000.0,408500.0,933000.0,481500.0,202500.0,1613500.0,423000.0,888000.0,465500.0,192400.0,1555000.0,406000.0,917000.0,477000.0,202000.0,1555000.0,408000.0,3619929,704114,30848053,31451,311134.0
2026-04-08,1033000.0,508000.0,210500.0,1598000.0,406000.0,1056000.0,510000.0,214500.0,1660000.0,422000.0,992000.0,490000.0,207500.0,1591000.0,400500.0,1007000.0,500000.0,214000.0,1659000.0,419500.0,6709356,1291522,35890973,52453,521932.0
2026-04-09,998000.0,489500.0,204000.0,1580000.0,421000.0,1025000.0,514000.0,207500.0,1619000.0,422000.0,990000.0,487000.0,202000.0,1578000.0,403000.0,1015000.0,510000.0,207000.0,1598000.0,408000.0,5026817,990889,42320839,37749,719468.0
2026-04-10,1027000.0,489500.0,206000.0,1571000.0,412000.0,1042000.0,499500.0,211000.0,1594000.0,421000.0,1024000.0,489500.0,205500.0,1569500.0,410500.0,1030000.0,498000.0,208500.0,1586000.0,421000.0,3134921,814112,18244459,30706,273394.0
2026-04-13,1040000.0,478500.0,201000.0,1550000.0,401500.0,1043000.0,486500.0,203000.0,1564000.0,414500.0,996000.0,474500.0,198200.0,1542000.0,399000.0,999000.0,476500.0,198200.0,1564000.0,409500.0,2769753,637565,19603415,31922,218403.0
2026-04-14,1103000.0,491500.0,206500.0,1536000.0,400000.0,1128000.0,501500.0,210000.0,1563000.0,406500.0,1078000.0,489000.0,205500.0,1530000.0,399500.0,1092000.0,492500.0,208000.0,1553000.0,406500.0,4754545,778907,23672078,67443,269254.0
2026-04-15,1136000.0,508000.0,211000.0,1602000.0,408000.0,1173000.0,519000.0,215500.0,1619000.0,412000.0,1130000.0,502000.0,210000.0,1554000.0,403500.0,1165000.0,510000.0,215000.0,1555000.0,406000.0,4093703,867909,24092884,64483,272401.0
2026-04-16,1155000.0,534000.0,217500.0,1616000.0,416000.0,1161000.0,544000.0,218000.0,1625000.0,416500.0,1130000.0,527000.0,210500.0,1602000.0,408500.0,1141000.0,530000.0,212000.0,1602000.0,412000.0,2901319,1524311,21499788,32491,317064.0
2026-04-17,1128000.0,538000.0,216000.0,1601000.0,418000.0,1155000.0,548000.0,218000.0,1613000.0,422000.0,1121000.0,531000.0,215000.0,1591000.0,412000.0,1149000.0,547000.0,217000.0,1612000.0,415500.0,3578235,724452,18079322,26261,336530.0
2026-04-20,1166000.0,527000.0,214500.0,1605000.0,429000.0,1175000.0,541000.0,219000.0,1614000.0,435500.0,1141000.0,526000.0,213000.0,1591000.0,416500.0,1148000.0,533000.0,214500.0,1607000.0,419500.0,3748014,835506,17107741,25519,563779.0
2026-04-21,1224000.0,546000.0,219000.0,1588000.0,478000.0,1228000.0,548000.0,220000.0,1608000.0,478000.0,1193000.0,530000.0,216000.0,1585000.0,434000.0,1196000.0,534000.0,218000.0,1607000.0,441500.0,3516960,946609,16752132,47766,1363543.0
2026-04-22,1223000.0,541000.0,217500.0,1561000.0,484500.0,1233000.0,542000.0,222500.0,1597000.0,493000.0,1195000.0,531000.0,215500.0,1557000.0,468000.0,1227000.0,540000.0,218500.0,1584000.0,491500.0,2894919,747125,16823480,44657,880220.0
2026-04-23,1225000.0,532000.0,224500.0,1514000.0,466500.0,1267000.0,551000.0,229500.0,1600000.0,484000.0,1183000.0,525000.0,216000.0,1513000.0,460000.0,1220000.0,547000.0,223000.0,1600000.0,481500.0,5343871,1089561,34525485,139459,529996.0
2026-04-24,1222000.0,513000.0,219500.0,1528000.0,481000.0,1242000.0,526000.0,225000.0,1533000.0,486000.0,1193000.0,510000.0,216500.0,1514000.0,464000.0,1237000.0,525000.0,224000.0,1525000.0,473000.0,3127857,1228355,19626666,59422,402718.0
2026-04-27,1292000.0,524000.0,224500.0,1509000.0,464000.0,1317000.0,533000.0,226000.0,1529000.0,481000.0,1249000.0,515000.0,218500.0,1509000.0,461000.0,1253000.0,520000.0,220000.0,1528000.0,478500.0,4563073,930365,22870374,88430,433687.0
2026-04-28,1300000.0,555000.0,222000.0,1504000.0,472000.0,1328000.0,574000.0,226000.0,1519000.0,478000.0,1296000.0,525000.0,221500.0,1504000.0,465000.0,1313000.0,533000.0,224000.0,1512000.0,471500.0,3002713,2585417,18444490,40649,431570.0
2026-04-29,1293000.0,556000.0,226000.0,1473000.0,473000.0,1317000.0,565000.0,228000.0,1515000.0,476000.0,1281000.0,546000.0,218500.0,1472000.0,464000.0,1284000.0,565000.0,219500.0,1512000.0,472000.0,3001208,971755,20363756,70039,306780.0
2026-04-30,1286000.0,531000.0,220500.0,1470000.0,460500.0,1325000.0,560000.0,230000.0,1484000.0,471500.0,1286000.0,531000.0,220500.0,1470000.0,457000.0,1312000.0,556000.0,229000.0,1474000.0,471000.0,3342342,1150241,22161975,44538,485223.0
2026-05-04,1447000.0,539000.0,232500.0,1485000.0,472000.0,1450000.0,547000.0,232500.0,1486000.0,478000.0,1333000.0,532000.0,224000.0,1460000.0,461000.0,1339000.0,545000.0,228000.0,1485000.0,469000.0,5776641,854165,32920816,91513,425260.0
2026-05-06,1601000.0,550000.0,266000.0,1480000.0,482000.0,1614000.0,564000.0,270000.0,1498000.0,486500.0,1557000.0,541000.0,251000.0,1469000.0,466000.0,1590000.0,545000.0,254000.0,1497000.0,476000.0,6631934,1690524,53097996,102714,589631.0
2026-05-07,1654000.0,572000.0,271500.0,1468000.0,483000.0,1665000.0,596000.0,277000.0,1486000.0,483000.0,1567000.0,558000.0,260000.0,1467000.0,464000.0,1622000.0,579000.0,272000.0,1482000.0,482000.0,5860618,2082177,41404687,66462,463457.0
2026-05-08,1686000.0,613000.0,268500.0,1472000.0,476500.0,1689000.0,647000.0,270000.0,1485000.0,489500.0,1591000.0,581000.0,260000.0,1455000.0,471500.0,1591000.0,590000.0,260000.0,1470000.0,479500.0,4278087,5020568,25875880,62693,353449.0
2026-05-11,1880000.0,646000.0,285500.0,1458000.0,468000.0,1949000.0,654000.0,288500.0,1471000.0,478500.0,1826000.0,610000.0,280000.0,1454000.0,463000.0,1833000.0,631000.0,284500.0,1470000.0,478000.0,7433039,2569392,36031094,67575,407574.0
2026-05-12,1835000.0,646000.0,279000.0,1443000.0,443000.0,1967000.0,702500.0,291500.0,1477000.0,480000.0,1804000.0,606000.0,266000.0,1420000.0,430500.0,1944000.0,673000.0,290000.0,1455000.0,470000.0,9160593,4856178,41211149,84654,668326.0
2026-05-13,1976000.0,710000.0,284000.0,1410000.0,430000.0,1990000.0,710000.0,285500.0,1459000.0,445000.0,1781000.0,642000.0,262000.0,1402000.0,425000.0,1781000.0,642000.0,264000.0,1443000.0,443500.0,7126921,4051665,35540134,76826,455234.0
2026-05-14,1970000.0,712000.0,296000.0,1449000.0,442000.0,1994000.0,730000.0,299500.0,1449000.0,447000.0,1937000.0,692000.0,282000.0,1387000.0,432000.0,1976000.0,724000.0,282000.0,1403000.0,447000.0,6040068,2399620,39314752,75777,368128.0
2026-05-15,1819000.0,700000.0,270500.0,1419000.0,417000.0,1995000.0,774500.0,296500.0,1469000.0,470000.0,1789000.0,678000.0,266000.0,1400000.0,410500.0,1950000.0,725000.0,291000.0,1443000.0,450000.0,7485233,4332789,38075487,82235,798242.0
